Workbook

Sheet May2022
B2: Note: Recording should be done 1st hour of the day
B3: DAILY BIOGAS USAGE MONITORING | AB3: SBVC RECORD | AE3: DPO RECORD (Lowela) | AG3: Biogas Operation Utility Consumption | AM3: Remarks/ Shifts
B4: Date | C4: Day | D4: Gas Storage (%) | H4: Quality | I4: Gas Meters (Nmᶾ) | M4: Gas Flare | P4: Gas Engine Power Meter (kWh) | R4: Diesel Fuel Consumption | U4: Biogas Fuel Consumption | X4: Ope. Hrs w/ Diesel | Z4: Ope. Hrs w/ Biogas | AB4: Waste Hauling Operation | AE4: Waste Hauling Operation
D5: F1 | E5: F2 | F5: F3 | G5: Total | H5: Methane Content | I5: Gas Engine Line Totalizer | K5: Thermax 2 | M5: Time | O5: Total Volume | R5: Thermax 1 | S5: Thermax 2 | T5: Total | U5: Thermax 1 | V5: Thermax 2 | W5: Total | X5: Thermax 1 | Y5: Thermax 2 | Z5: Thermax 1 | AA5: Thermax 2 | AB5: Actual Waste Delivered (MT) | AD5: DS | AE5: Actual Waste Delivered (MT) | AG5: Electricity @ Biogas plant, kWhr | AI5: Electricity @ DPO cannery (Blower) , kWhr | AK5: Water, m3
D6: 8350 | E6: 8350 | F6: 8350 | G6: =D6+F6 -> 16700 | H6: 55% Min | I6: Totalizer | J6: Output | K6: Totalizer | L6: Output | M6: Start | N6: End | O6: Nm³ | P6: Totalizer | Q6: Output | R6: Li. | S6: Li. | T6: Li. | X6: Hrs | Y6: Hrs | Z6: Hrs | AA6: Hrs | AB6: Delivery | AC6: Cummulative | AD6: % | AE6: Delivery | AF6: Cummulative | AG6: Totalizer | AH6: Consumed | AI6: Totalizer | AJ6: Consumed | AK6: Totalizer | AL6: Consumed
B7: 44682 | C7: =TEXT(B7,"ddd") -> Sun | G7: =SUMPRODUCT($D$6:$F$6,D7:F7) -> 0 | J7: =I7-0 -> 0 | L7: =K7-0 -> 0 | Q7: =P7-0 -> 0 | R7: 0 | S7: 0 | T7: =SUM(R7:S7) -> 0 | U7: 0 | V7: 0 | W7: =SUM(U7:V7) -> 0 | X7: 0 | Y7: 0 | Z7: 0 | AA7: 0 | AC7: =AB7 -> 0 | AE7: 0 | AF7: =AE7 -> 0 | AM7: n/a - biogas not yet opearational
B8: =B7+1 -> 44683 | C8: =TEXT(B8,"ddd") -> Mon | G8: =SUMPRODUCT($D$6:$F$6,D8:F8) -> 0 | J8: =I8-I7 -> 0 | L8: =K8-K7 -> 0 | Q8: =P8-P7 -> 0 | R8: 0 | S8: 0 | T8: =SUM(R8:S8) -> 0 | U8: 0 | V8: 0 | W8: =SUM(U8:V8) -> 0 | X8: 0 | Y8: 0 | Z8: 0 | AA8: 0 | AC8: =AB8+AC7 -> 0 | AE8: 0 | AF8: =AE8+AF7 -> 0 | AM8: n/a - biogas not yet opearational
B9: =B8+1 -> 44684 | C9: =TEXT(B9,"ddd") -> Tue | G9: =SUMPRODUCT($D$6:$F$6,D9:F9) -> 0 | J9: =I9-I8 -> 0 | L9: =K9-K8 -> 0 | Q9: =P9-P8 -> 0 | R9: 0 | S9: 0 | T9: =SUM(R9:S9) -> 0 | U9: 0 | V9: 0 | W9: =SUM(U9:V9) -> 0 | X9: 0 | Y9: 0 | Z9: 0 | AA9: 0 | AC9: =AB9+AC8 -> 0 | AE9: 0 | AF9: =AE9+AF8 -> 0 | AM9: n/a - biogas not yet opearational
B10: =B9+1 -> 44685 | C10: =TEXT(B10,"ddd") -> Wed | G10: =SUMPRODUCT($D$6:$F$6,D10:F10) -> 0 | J10: =I10-I9 -> 0 | L10: =K10-K9 -> 0 | Q10: =P10-P9 -> 0 | R10: 0 | S10: 0 | T10: =SUM(R10:S10) -> 0 | U10: 0 | V10: 0 | W10: =SUM(U10:V10) -> 0 | X10: 0 | Y10: 0 | Z10: 0 | AA10: 0 | AC10: =AB10+AC9 -> 0 | AE10: 78.75 | AF10: =AE10+AF9 -> 78.75 | AM10: n/a - biogas not yet opearational
B11: =B10+1 -> 44686 | C11: =TEXT(B11,"ddd") -> Thu | G11: =SUMPRODUCT($D$6:$F$6,D11:F11) -> 0 | J11: =I11-I10 -> 0 | L11: =K11-K10 -> 0 | Q11: =P11-P10 -> 0 | R11: 0 | S11: 0 | T11: =SUM(R11:S11) -> 0 | U11: 0 | V11: 0 | W11: =SUM(U11:V11) -> 0 | X11: 0 | Y11: 0 | Z11: 0 | AA11: 0 | AC11: =AB11+AC10 -> 0 | AE11: 73.27 | AF11: =AE11+AF10 -> 152.02 | AM11: n/a - biogas not yet opearational
B12: =B11+1 -> 44687 | C12: =TEXT(B12,"ddd") -> Fri | G12: =SUMPRODUCT($D$6:$F$6,D12:F12) -> 0 | J12: =I12-I11 -> 0 | L12: =K12-K11 -> 0 | Q12: =P12-P11 -> 0 | R12: 0 | S12: 0 | T12: =SUM(R12:S12) -> 0 | U12: 0 | V12: 0 | W12: =SUM(U12:V12) -> 0 | X12: 0 | Y12: 0 | Z12: 0 | AA12: 0 | AC12: =AB12+AC11 -> 0 | AE12: 31.69 | AF12: =AE12+AF11 -> 183.71 | AM12: n/a - biogas not yet opearational
B13: =B12+1 -> 44688 | C13: =TEXT(B13,"ddd") -> Sat | G13: =SUMPRODUCT($D$6:$F$6,D13:F13) -> 0 | J13: =I13-I12 -> 0 | L13: =K13-K12 -> 0 | Q13: =P13-P12 -> 0 | R13: 0 | S13: 0 | T13: =SUM(R13:S13) -> 0 | U13: 0 | V13: 0 | W13: =SUM(U13:V13) -> 0 | X13: 0 | Y13: 0 | Z13: 0 | AA13: 0 | AC13: =AB13+AC12 -> 0 | AE13: 157.05 | AF13: =AE13+AF12 -> 340.76 | AM13: n/a - biogas not yet opearational
B14: =B13+1 -> 44689 | C14: =TEXT(B14,"ddd") -> Sun | G14: =SUMPRODUCT($D$6:$F$6,D14:F14) -> 0 | J14: =I14-I13 -> 0 | L14: =K14-K13 -> 0 | Q14: =P14-P13 -> 0 | R14: 0 | S14: 0 | T14: =SUM(R14:S14) -> 0 | U14: 0 | V14: 0 | W14: =SUM(U14:V14) -> 0 | X14: 0 | Y14: 0 | Z14: 0 | AA14: 0 | AC14: =AB14+AC13 -> 0 | AE14: 0 | AF14: =AE14+AF13 -> 340.76 | AM14: n/a - biogas not yet opearational
B15: =B14+1 -> 44690 | C15: =TEXT(B15,"ddd") -> Mon | G15: =SUMPRODUCT($D$6:$F$6,D15:F15) -> 0 | J15: =I15-I14 -> 0 | L15: =K15-K14 -> 0 | Q15: =P15-P14 -> 0 | R15: 0 | S15: 0 | T15: =SUM(R15:S15) -> 0 | U15: 0 | V15: 0 | W15: =SUM(U15:V15) -> 0 | X15: 0 | Y15: 0 | Z15: 0 | AA15: 0 | AC15: =AB15+AC14 -> 0 | AE15: 0 | AF15: =AE15+AF14 -> 340.76 | AM15: n/a - biogas not yet opearational
B16: =B15+1 -> 44691 | C16: =TEXT(B16,"ddd") -> Tue | G16: =SUMPRODUCT($D$6:$F$6,D16:F16) -> 0 | J16: =I16-I15 -> 0 | L16: =K16-K15 -> 0 | Q16: =P16-P15 -> 0 | R16: 0 | S16: 0 | T16: =SUM(R16:S16) -> 0 | U16: 0 | V16: 0 | W16: =SUM(U16:V16) -> 0 | X16: 0 | Y16: 0 | Z16: 0 | AA16: 0 | AC16: =AB16+AC15 -> 0 | AE16: 0 | AF16: =AE16+AF15 -> 340.76 | AM16: n/a - biogas not yet opearational
B17: =B16+1 -> 44692 | C17: =TEXT(B17,"ddd") -> Wed | G17: =SUMPRODUCT($D$6:$F$6,D17:F17) -> 0 | J17: =I17-I16 -> 0 | L17: =K17-K16 -> 0 | Q17: =P17-P16 -> 0 | R17: 0 | S17: 0 | T17: =SUM(R17:S17) -> 0 | U17: 0 | V17: 0 | W17: =SUM(U17:V17) -> 0 | X17: 0 | Y17: 0 | Z17: 0 | AA17: 0 | AC17: =AB17+AC16 -> 0 | AE17: 152.62 | AF17: =AE17+AF16 -> 493.38 | AM17: n/a - biogas not yet opearational
B18: =B17+1 -> 44693 | C18: =TEXT(B18,"ddd") -> Thu | G18: =SUMPRODUCT($D$6:$F$6,D18:F18) -> 0 | J18: =I18-I17 -> 0 | L18: =K18-K17 -> 0 | Q18: =P18-P17 -> 0 | R18: 0 | S18: 0 | T18: =SUM(R18:S18) -> 0 | U18: 0 | V18: 0 | W18: =SUM(U18:V18) -> 0 | X18: 0 | Y18: 0 | Z18: 0 | AA18: 0 | AC18: =AB18+AC17 -> 0 | AE18: 52.89 | AF18: =AE18+AF17 -> 546.27 | AM18: n/a - biogas not yet opearational
B19: =B18+1 -> 44694 | C19: =TEXT(B19,"ddd") -> Fri | G19: =SUMPRODUCT($D$6:$F$6,D19:F19) -> 0 | J19: =I19-I18 -> 0 | L19: =K19-K18 -> 0 | Q19: =P19-P18 -> 0 | R19: 0 | S19: 0 | T19: =SUM(R19:S19) -> 0 | U19: 0 | V19: 0 | W19: =SUM(U19:V19) -> 0 | X19: 0 | Y19: 0 | Z19: 0 | AA19: 0 | AC19: =AB19+AC18 -> 0 | AE19: 140.26 | AF19: =AE19+AF18 -> 686.53 | AM19: n/a - biogas not yet opearational
... B22: =B21+1 -> 44697 | C22: =TEXT(B22,"ddd") -> Mon | G22: =SUMPRODUCT($D$6:$F$6,D22:F22) -> 0 | J22: =I22-I21 -> 0 | L22: =K22-K21 -> 0 | Q22: =P22-P21 -> 0 | R22: 0 | S22: 0 | T22: =SUM(R22:S22) -> 0 | U22: 0 | V22: 0 | W22: =SUM(U22:V22) -> 0 | X22: 0 | Y22: 0 | Z22: 0 | AA22: 0 | AC22: =AB22+AC21 -> 0 | AE22: 0 | AF22: =AE22+AF21 -> 707.9 | AM22: n/a - biogas not yet opearational
B23: =B22+1 -> 44698 | C23: =TEXT(B23,"ddd") -> Tue | G23: =SUMPRODUCT($D$6:$F$6,D23:F23) -> 0 | J23: =I23-I22 -> 0 | K23: 11356 | L23: =K23-K22 -> 11356 | Q23: =P23-P22 -> 0 | R23: 0 | S23: 0 | T23: =SUM(R23:S23) -> 0 | U23: 0 | V23: 0 | W23: =SUM(U23:V23) -> 0 | X23: 0 | Y23: 0 | Z23: 0 | AA23: 0 | AC23: =AB23+AC22 -> 0 | AE23: 0 | AF23: =AE23+AF22 -> 707.9 | AM23: n/a - biogas not yet opearational
B24: =B23+1 -> 44699 | C24: =TEXT(B24,"ddd") -> Wed | D24: 1 | E24: 1 | F24: 0.77 | G24: =SUMPRODUCT($D$6:$F$6,D24:F24) -> 23129.5 | H24: 0.552 | J24: =I24-I23 -> 0 | K24: 29685 | L24: =K24-K23 -> 18329 | Q24: =P24-P23 -> 0 | R24: 0 | S24: 0 | T24: =SUM(R24:S24) -> 0 | U24: 0 | V24: 0 | W24: =SUM(U24:V24) -> 0 | X24: 0 | Y24: 0 | Z24: 0 | AA24: 0 | AC24: =AB24+AC23 -> 0 | AE24: 204.38 | AF24: =AE24+AF23 -> 912.28 | AM24: n/a - biogas not yet opearational
B25: =B24+1 -> 44700 | C25: =TEXT(B25,"ddd") -> Thu | D25: 0 | E25: 0.54 | F25: 0.41 | G25: =SUMPRODUCT($D$6:$F$6,D25:F25) -> 7932.5 | H25: 0.556 | J25: =I25-I24 -> 0 | K25: 38308 | L25: =K25-K24 -> 8623 | Q25: =P25-P24 -> 0 | R25: 0 | S25: 0 | T25: =SUM(R25:S25) -> 0 | U25: 0 | V25: 0 | W25: =SUM(U25:V25) -> 0 | X25: 0 | Y25: 0 | Z25: 0 | AA25: 0 | AC25: =AB25+AC24 -> 0 | AE25: 233.5 | AF25: =AE25+AF24 -> 1145.78 | AM25: n/a
B26: =B25+1 -> 44701 | C26: =TEXT(B26,"ddd") -> Fri | D26: 0.07 | E26: 0.8453 | F26: 0.72 | G26: =SUMPRODUCT($D$6:$F$6,D26:F26) -> 13654.755 | H26: 0.55 | J26: =I26-I25 -> 0 | K26: 63218 | L26: =K26-K25 -> 24910 | Q26: =P26-P25 -> 0 | R26: 0 | S26: 0 | T26: =SUM(R26:S26) -> 0 | U26: 0 | V26: 0 | W26: =SUM(U26:V26) -> 0 | X26: 0 | Y26: 0 | Z26: 0 | AA26: 0 | AC26: =AB26+AC25 -> 0 | AE26: 225.5 | AF26: =AE26+AF25 -> 1371.28 | AM26: n/a
B27: =B26+1 -> 44702 | C27: =TEXT(B27,"ddd") -> Sat | D27: 0.05 | E27: 0.49 | F27: 0.1135 | G27: =SUMPRODUCT($D$6:$F$6,D27:F27) -> 5456.725 | H27: 0.561 | J27: =I27-I26 -> 0 | K27: 80268 | L27: =K27-K26 -> 17050 | Q27: =P27-P26 -> 0 | R27: 0 | S27: 0 | T27: =SUM(R27:S27) -> 0 | U27: 0 | V27: 0 | W27: =SUM(U27:V27) -> 0 | X27: 0 | Y27: 0 | Z27: 0 | AA27: 0 | AC27: =AB27+AC26 -> 0 | AE27: 135.51 | AF27: =AE27+AF26 -> 1506.79 | AM27: n/a
B28: =B27+1 -> 44703 | C28: =TEXT(B28,"ddd") -> Sun | D28: 0.19 | E28: 0.97 | F28: 0.24 | G28: =SUMPRODUCT($D$6:$F$6,D28:F28) -> 11690 | H28: 0.555 | J28: =I28-I27 -> 0 | K28: 82900 | L28: =K28-K27 -> 2632 | Q28: =P28-P27 -> 0 | R28: 0 | S28: 0 | T28: =SUM(R28:S28) -> 0 | U28: 0 | V28: 4020 | W28: =SUM(U28:V28) -> 4020 | X28: 0 | Y28: 0 | Z28: 0 | AA28: 2.97 | AC28: =AB28+AC27 -> 0 | AE28: 0 | AF28: =AE28+AF27 -> 1506.79 | AM28: No Canning
B29: =B28+1 -> 44704 | C29: =TEXT(B29,"ddd") -> Mon | D29: 0.42 | E29: 1 | F29: 1 | G29: =SUMPRODUCT($D$6:$F$6,D29:F29) -> 20207 | H29: 0.556 | J29: =I29-I28 -> 0 | K29: 82900 | L29: =K29-K28 -> 0 | Q29: =P29-P28 -> 0 | R29: 0 | S29: 0 | T29: =SUM(R29:S29) -> 0 | U29: 0 | V29: 17049 | W29: =SUM(U29:V29) -> 17049 | X29: 0 | Y29: 0 | Z29: 0 | AA29: 23.52 | AC29: =AB29+AC28 -> 0 | AE29: 144.63 | AF29: =AE29+AF28 -> 1651.42 | AM29: 2
B30: =B29+1 -> 44705 | C30: =TEXT(B30,"ddd") -> Tue | D30: 0.4 | E30: 0.2808 | F30: 0 | G30: =SUMPRODUCT($D$6:$F$6,D30:F30) -> 5684.68 | H30: 0.552 | J30: =I30-I29 -> 0 | K30: 113332 | L30: =K30-K29 -> 30432 | M30: 266 | Q30: =P30-P29 -> 0 | R30: 266 | S30: 0 | T30: =SUM(R30:S30) -> 266 | U30: 0 | V30: 13430 | W30: =SUM(U30:V30) -> 13430 | X30: 0.87 | Y30: 0 | Z30: 0 | AA30: 23.72 | AC30: =AB30+AC29 -> 0 | AE30: 307.99 | AF30: =AE30+AF29 -> 1959.41 | AM30: 2
B31: =B30+1 -> 44706 | C31: =TEXT(B31,"ddd") -> Wed | D31: 0.59 | E31: 0.11 | F31: 0 | G31: =SUMPRODUCT($D$6:$F$6,D31:F31) -> 5845 | H31: 0.557 | J31: =I31-I30 -> 0 | K31: 130705 | L31: =K31-K30 -> 17373 | M31: 2494 | Q31: =P31-P30 -> 0 | R31: 2494 | S31: 0 | T31: =SUM(R31:S31) -> 2494 | U31: 0 | V31: 17583 | W31: =SUM(U31:V31) -> 17583 | X31: 5.05 | Y31: 0 | Z31: 0 | AA31: 23.39 | AC31: =AB31+AC30 -> 0 | AE31: 245.94 | AF31: =AE31+AF30 -> 2205.35 | AM31: 2
B32: =B31+1 -> 44707 | C32: =TEXT(B32,"ddd") -> Thu | D32: 0.04 | E32: 0.67 | F32: 0.59 | G32: =SUMPRODUCT($D$6:$F$6,D32:F32) -> 10855 | H32: 0.563 | J32: =I32-I31 -> 0 | K32: 153846 | L32: =K32-K31 -> 23141 | M32: 185 | Q32: =P32-P31 -> 0 | R32: 185 | S32: 0 | T32: =SUM(R32:S32) -> 185 | U32: 0 | V32: 22595 | W32: =SUM(U32:V32) -> 22595 | X32: 0.47 | Y32: 0 | Z32: 0 | AA32: 23.66 | AC32: =AB32+AC31 -> 0 | AE32: 356.02 | AF32: =AE32+AF31 -> 2561.37 | AM32: 2
B33: =B32+1 -> 44708 | C33: =TEXT(B33,"ddd") -> Fri | D33: 0.23 | E33: 0.7 | F33: 0.35 | G33: =SUMPRODUCT($D$6:$F$6,D33:F33) -> 10688 | H33: 0.552 | J33: =I33-I32 -> 0 | K33: 175232 | L33: =K33-K32 -> 21386 | Q33: =P33-P32 -> 0 | R33: 0 | S33: 0 | T33: =SUM(R33:S33) -> 0 | U33: 0 | V33: 21326 | W33: =SUM(U33:V33) -> 21326 | X33: 0 | Y33: 0 | Z33: 0 | AA33: 23.94 | AC33: =AB33+AC32 -> 0 | AE33: 304.03 | AF33: =AE33+AF32 -> 2865.4 | AM33: 2
B34: =B33+1 -> 44709 | C34: =TEXT(B34,"ddd") -> Sat | D34: 0.4 | E34: 1.0008 | F34: 0.9807 | G34: =SUMPRODUCT($D$6:$F$6,D34:F34) -> 19885.525 | H34: 0.55 | J34: =I34-I33 -> 0 | K34: 208869 | L34: =K34-K33 -> 33637 | Q34: =P34-P33 -> 0 | R34: 0 | S34: 0 | T34: =SUM(R34:S34) -> 0 | U34: 0 | V34: 28677 | W34: =SUM(U34:V34) -> 28677 | X34: 0 | Y34: 0 | Z34: 0 | AA34: 23.2 | AC34: =AB34+AC33 -> 0 | AE34: 40.79 | AF34: =AE34+AF33 -> 2906.19 | AM34: 2
B35: =B34+1 -> 44710 | C35: =TEXT(B35,"ddd") -> Sun | D35: 0.46 | E35: 0.53 | F35: 0.36 | G35: =SUMPRODUCT($D$6:$F$6,D35:F35) -> 11272.5 | H35: 0.567 | J35: =I35-I34 -> 0 | K35: 208869 | L35: =K35-K34 -> 0 | R35: 0 | S35: 0 | T35: =SUM(R35:S35) -> 0 | U35: 0 | V35: 6155 | W35: =SUM(U35:V35) -> 6155 | X35: 0 | Y35: 0 | Z35: 0 | AA35: 9.62 | AC35: =AB35+AC34 -> 0 | AE35: 0 | AF35: =AE35+AF34 -> 2906.19 | AM35: No Canning
B36: =B35+1 -> 44711 | C36: =TEXT(B36,"ddd") -> Mon | D36: 0.57 | E36: 1 | F36: 1 | G36: =SUMPRODUCT($D$6:$F$6,D36:F36) -> 21459.5 | H36: 0.559 | J36: =I36-I35 -> 0 | K36: 231339 | L36: =K36-K35 -> 22470 | Q36: =P36-P35 -> 0 | R36: 0 | S36: 0 | T36: =SUM(R36:S36) -> 0 | U36: 0 | V36: 21110 | W36: =SUM(U36:V36) -> 21110 | X36: 0 | Y36: 0 | Z36: 0 | AA36: 20.39 | AC36: =AB36+AC35 -> 0 | AE36: 147.38 | AF36: =AE36+AF35 -> 3053.57 | AM36: 2
B37: =B36+1 -> 44712 | C37: =TEXT(B37,"ddd") -> Tue | D37: 0.4 | E37: 0.24 | F37: 0 | G37: =SUMPRODUCT($D$6:$F$6,D37:F37) -> 5344 | H37: 0.565 | J37: =I37-I36 -> 0 | K37: 234643 | L37: =K37-K36 -> 3304 | N37: 3860 | Q37: =P37-P36 -> 0 | R37: 0 | S37: 3860 | T37: =SUM(R37:S37) -> 3860 | U37: 0 | V37: 4664 | W37: =SUM(U37:V37) -> 4664 | X37: 0 | Y37: 0 | Z37: 10.18 | AA37: 7.6 | AC37: =AB37+AC36 -> 0 | AE37: 286.6 | AF37: =AE37+AF36 -> 3340.17 | AM37: 2
B38: Total/Average | D38: =AVERAGE(D7:D37) -> 0.34428571 | F38: =AVERAGE(F7:F37) -> 0.46672857 | G38: =AVERAGE(G7:G37) -> 5584.0221 | H38: =AVERAGE(H7:H37) -> 0.55678571 | J38: =SUMIFS(J7:J37,J7:J37,">0") -> 0 | L38: =SUMIFS(L7:L37,L7:L37,">0") -> 234643 | O38: =SUM(O7:O37) -> 0 | Q38: =SUMIFS(Q7:Q37,Q7:Q37,">0") -> 0 | R38: =SUM(R7:R37) -> 2945 | S38: =SUM(S7:S37) -> 3860 | T38: =SUM(T7:T37) -> 6805 | W38: =SUM(W7:W37) -> 156609 | X38: =SUM(X7:X37) -> 6.39 | Y38: =SUM(Y7:Y37) -> 0 | Z38: =SUM(Z7:Z37) -> 10.18 | AA38: =SUM(AA7:AA37) -> 182.01 | AB38: =SUM(AB7:AB37) -> 0 | AD38: =AVERAGE(AD7:AD37) -> #DIV/0! | AE38: =SUM(AE7:AE37) -> 3340.17 | AH38: =SUM(AH7:AH37) -> 0 | AJ38: =SUM(AJ7:AJ37) -> 0

Sheet Jun2022
B2: Note: Recording should be done 1st hour of the day
B3: DAILY BIOGAS USAGE MONITORING | AF3: SBVC RECORD | AI3: DPO RECORD (Lowela) | AK3: Biogas Operation Utility Consumption | AQ3: Remarks/ Shifts
B4: Date | C4: Day | D4: Gas Storage (%) | H4: Quality | I4: Gas Meters (Nmᶾ) | Q4: Gas Flare | T4: Gas Engine Power Meter (kWh) | V4: Diesel Fuel Consumption | Y4: Biogas Fuel Consumption | AB4: Ope. Hrs w/ Diesel | AD4: Ope. Hrs w/ Biogas | AF4: Waste Hauling Operation | AI4: Waste Hauling Operation
D5: F1 | E5: F2 | F5: F3 | G5: Total | H5: Methane Content | I5: Gas Engine 1 Totalizer | K5: Gas Engine 2 Totalizer | M5: Thermax 1 Consumption | O5: Thermax 2 Consumption | Q5: Time | S5: Total Volume | V5: Thermax 1 | W5: Thermax 2 | X5: Total | Y5: Thermax 1 | Z5: Thermax 2 | AA5: Total | AB5: Thermax 1 | AC5: Thermax 2 | AD5: Thermax 1 | AE5: Thermax 2 | AF5: Actual Waste Delivered (MT) | AH5: DS | AI5: Actual Waste Delivered (MT) | AK5: Electricity @ Biogas plant, kWhr | AM5: Electricity @ DPO cannery (Blower) , kWhr | AO5: Water, m3
D6: 8350 | E6: 8350 | F6: 8350 | G6: =D6+F6 -> 16700 | H6: 55% Min | I6: Totalizer | J6: Output | K6: Totalizer | L6: Output | M6: Totalizer | N6: Consumption | O6: Totalizer | P6: Consumption | Q6: Start | R6: End | S6: Nm³ | T6: Totalizer | U6: Output | V6: Li. | W6: Li. | X6: Li. | AB6: Hrs | AC6: Hrs | AD6: Hrs | AE6: Hrs | AF6: Delivery | AG6: Cummulative | AH6: % | AI6: Delivery | AJ6: Cummulative | AK6: Totalizer | AL6: Consumed | AM6: Totalizer | AN6: Consumed | AO6: Totalizer | AP6: Consumed
B7: 44713 | C7: =TEXT(B7,"ddd") -> Wed | D7: 0.85 | E7: 0.65 | F7: 0.41 | G7: =SUMPRODUCT($D$6:$F$6,D7:F7) -> 15948.5 | H7: 0.554 | J7: =I7-0 -> 0 | L7: =K7-0 -> 0 | O7: 254773 | P7: =O7-234643 -> 20130 | U7: =T7-0 -> 0 | W7: 1023 | X7: =SUM(V7:W7) -> 1023 | Z7: 19447 | AA7: =SUM(Y7:Z7) -> 19447 | AD7: 1.44 | AE7: 19.74 | AG7: =AF7 -> 0 | AI7: 316.11 | AJ7: =AI7 -> 316.11 | AQ7: 2
B8: =B7+1 -> 44714 | C8: =TEXT(B8,"ddd") -> Thu | D8: 0.84 | E8: 0.7 | F8: 0.56 | G8: =SUMPRODUCT($D$6:$F$6,D8:F8) -> 17535 | H8: 0.557 | J8: =I8-I7 -> 0 | L8: =K8-K7 -> 0 | O8: 276874 | P8: =O8-O7 -> 22101 | U8: =T8-T7 -> 0 | X8: =SUM(V8:W8) -> 0 | Z8: 21945 | AA8: =SUM(Y8:Z8) -> 21945 | AE8: 18.93 | AG8: =AF8+AG7 -> 0 | AI8: 268.31 | AJ8: =AI8+AJ7 -> 584.42 | AQ8: 2
B9: =B8+1 -> 44715 | C9: =TEXT(B9,"ddd") -> Fri | D9: 1 | E9: 0.74 | F9: 0.58 | G9: =SUMPRODUCT($D$6:$F$6,D9:F9) -> 19372 | H9: 0.561 | J9: =I9-I8 -> 0 | L9: =K9-K8 -> 0 | O9: 313193 | P9: =O9-O8 -> 36319 | U9: =T9-T8 -> 0 | X9: =SUM(V9:W9) -> 0 | Z9: 28446 | AA9: =SUM(Y9:Z9) -> 28446 | AE9: 22.81 | AG9: =AF9+AG8 -> 0 | AI9: 223.24 | AJ9: =AI9+AJ8 -> 807.66 | AQ9: 2
B10: =B9+1 -> 44716 | C10: =TEXT(B10,"ddd") -> Sat | D10: 0.56 | E10: 0.39 | F10: 0.01 | G10: =SUMPRODUCT($D$6:$F$6,D10:F10) -> 8016 | H10: 0.558 | J10: =I10-I9 -> 0 | L10: =K10-K9 -> 0 | O10: 336441 | P10: =O10-O9 -> 23248 | U10: =T10-T9 -> 0 | X10: =SUM(V10:W10) -> 0 | Z10: 31147 | AA10: =SUM(Y10:Z10) -> 31147 | AE10: 22.32 | AG10: =AF10+AG9 -> 0 | AI10: 228.65 | AJ10: =AI10+AJ9 -> 1036.31 | AQ10: 2
B11: =B10+1 -> 44717 | C11: =TEXT(B11,"ddd") -> Sun | D11: 0.06 | E11: 0.27 | F11: 0 | G11: =SUMPRODUCT($D$6:$F$6,D11:F11) -> 2755.5 | H11: 0.558 | J11: =I11-I10 -> 0 | L11: =K11-K10 -> 0 | O11: 342988 | P11: =O11-O10 -> 6547 | U11: =T11-T10 -> 0 | X11: =SUM(V11:W11) -> 0 | Z11: 7008 | AA11: =SUM(Y11:Z11) -> 7008 | AE11: 8.13 | AG11: =AF11+AG10 -> 0 | AI11: 0 | AJ11: =AI11+AJ10 -> 1036.31 | AQ11: no canning
B12: =B11+1 -> 44718 | C12: =TEXT(B12,"ddd") -> Mon | D12: 0.25 | E12: 1 | F12: 0.29 | G12: =SUMPRODUCT($D$6:$F$6,D12:F12) -> 12859 | H12: 0.567 | J12: =I12-I11 -> 0 | L12: =K12-K11 -> 0 | O12: 363921 | P12: =O12-O11 -> 20933 | U12: =T12-T11 -> 0 | X12: =SUM(V12:W12) -> 0 | Z12: 20084 | AA12: =SUM(Y12:Z12) -> 20084 | AE12: 22.46 | AG12: =AF12+AG11 -> 0 | AI12: 286.92 | AJ12: =AI12+AJ11 -> 1323.23 | AQ12: 2
B13: =B12+1 -> 44719 | C13: =TEXT(B13,"ddd") -> Tue | D13: 0.53 | E13: 0.6 | F13: 0 | G13: =SUMPRODUCT($D$6:$F$6,D13:F13) -> 9435.5 | H13: 0.568 | J13: =I13-I12 -> 0 | L13: =K13-K12 -> 0 | O13: 386162 | P13: =O13-O12 -> 22241 | U13: =T13-T12 -> 0 | X13: =SUM(V13:W13) -> 0 | Z13: 21273 | AA13: =SUM(Y13:Z13) -> 21273 | AE13: 23.87 | AG13: =AF13+AG12 -> 0 | AI13: 449.12 | AJ13: =AI13+AJ12 -> 1772.35 | AQ13: 2
B14: =B13+1 -> 44720 | C14: =TEXT(B14,"ddd") -> Wed | D14: 0.42 | E14: 0.44 | F14: 0.86 | G14: =SUMPRODUCT($D$6:$F$6,D14:F14) -> 14362 | H14: 0.562 | J14: =I14-I13 -> 0 | L14: =K14-K13 -> 0 | O14: 414353 | P14: =O14-O13 -> 28191 | U14: =T14-T13 -> 0 | X14: =SUM(V14:W14) -> 0 | Z14: 27690 | AA14: =SUM(Y14:Z14) -> 27690 | AE14: 23.79 | AG14: =AF14+AG13 -> 0 | AI14: 331.83 | AJ14: =AI14+AJ13 -> 2104.18 | AQ14: 2
B15: =B14+1 -> 44721 | C15: =TEXT(B15,"ddd") -> Thu | D15: 0.75 | E15: 0.74 | F15: 0.98 | G15: =SUMPRODUCT($D$6:$F$6,D15:F15) -> 20624.5 | H15: 0.556 | J15: =I15-I14 -> 0 | L15: =K15-K14 -> 0 | O15: 452345 | P15: =O15-O14 -> 37992 | U15: =T15-T14 -> 0 | X15: =SUM(V15:W15) -> 0 | Z15: 38408 | AA15: =SUM(Y15:Z15) -> 38408 | AE15: 23.43 | AG15: =AF15+AG14 -> 0 | AI15: 339.07 | AJ15: =AI15+AJ14 -> 2443.25 | AQ15: 2
B16: =B15+1 -> 44722 | C16: =TEXT(B16,"ddd") -> Fri | D16: 0.37 | E16: 0.48 | F16: 0.62 | G16: =SUMPRODUCT($D$6:$F$6,D16:F16) -> 12274.5 | H16: 0.564 | J16: =I16-I15 -> 0 | L16: =K16-K15 -> 0 | O16: 482221 | P16: =O16-O15 -> 29876 | U16: =T16-T15 -> 0 | X16: =SUM(V16:W16) -> 0 | Z16: 29826 | AA16: =SUM(Y16:Z16) -> 29826 | AE16: 24.14 | AG16: =AF16+AG15 -> 0 | AI16: 304.67 | AJ16: =AI16+AJ15 -> 2747.92 | AQ16: 2
B17: =B16+1 -> 44723 | C17: =TEXT(B17,"ddd") -> Sat | D17: 0.42 | E17: 0.53 | F17: 0.5 | G17: =SUMPRODUCT($D$6:$F$6,D17:F17) -> 12107.5 | H17: 0.571 | J17: =I17-I16 -> 0 | L17: =K17-K16 -> 0 | O17: 505566 | P17: =O17-O16 -> 23345 | U17: =T17-T16 -> 0 | X17: =SUM(V17:W17) -> 0 | Z17: 25649 | AA17: =SUM(Y17:Z17) -> 25649 | AE17: 19.5 | AG17: =AF17+AG16 -> 0 | AI17: 178.08 | AJ17: =AI17+AJ16 -> 2926 | AQ17: 1
B18: =B17+1 -> 44724 | C18: =TEXT(B18,"ddd") -> Sun | D18: 0.08 | E18: 0.69 | F18: 0.47 | G18: =SUMPRODUCT($D$6:$F$6,D18:F18) -> 10354 | H18: 0.571 | J18: =I18-I17 -> 0 | L18: =K18-K17 -> 0 | O18: 507310 | P18: =O18-O17 -> 1744 | U18: =T18-T17 -> 0 | X18: =SUM(V18:W18) -> 0 | Z18: 0 | AA18: =SUM(Y18:Z18) -> 0 | AE18: 0 | AG18: =AF18+AG17 -> 0 | AI18: 0 | AJ18: =AI18+AJ17 -> 2926 | AQ18: no canning
B19: =B18+1 -> 44725 | C19: =TEXT(B19,"ddd") -> Mon | D19: 0.84 | E19: 0.97 | F19: 0.76 | G19: =SUMPRODUCT($D$6:$F$6,D19:F19) -> 21459.5 | H19: 0.567 | J19: =I19-I18 -> 0 | L19: =K19-K18 -> 0 | O19: 524854 | P19: =O19-O18 -> 17544 | U19: =T19-T18 -> 0 | X19: =SUM(V19:W19) -> 0 | Z19: 19288 | AA19: =SUM(Y19:Z19) -> 19288 | AE19: 16.88 | AG19: =AF19+AG18 -> 0 | AI19: 136.66 | AJ19: =AI19+AJ18 -> 3062.66 | AQ19: 1
B20: =B19+1 -> 44726 | C20: =TEXT(B20,"ddd") -> Tue | D20: 0.07 | E20: 1 | F20: 0.56 | G20: =SUMPRODUCT($D$6:$F$6,D20:F20) -> 13610.5 | H20: 0.565 | J20: =I20-I19 -> 0 | L20: =K20-K19 -> 0 | O20: 544085 | P20: =O20-O19 -> 19231 | U20: =T20-T19 -> 0 | X20: =SUM(V20:W20) -> 0 | Z20: 17880 | AA20: =SUM(Y20:Z20) -> 17880 | AE20: 21.6 | AG20: =AF20+AG19 -> 0 | AI20: 346.2 | AJ20: =AI20+AJ19 -> 3408.86 | AQ20: 2
B21: =B20+1 -> 44727 | C21: =TEXT(B21,"ddd") -> Wed | D21: 0.22 | E21: 1 | F21: 0.52 | G21: =SUMPRODUCT($D$6:$F$6,D21:F21) -> 14529 | H21: 0.554 | J21: =I21-I20 -> 0 | L21: =K21-K20 -> 0 | O21: 571791 | P21: =O21-O20 -> 27706 | U21: =T21-T20 -> 0 | X21: =SUM(V21:W21) -> 0 | Z21: 27028 | AA21: =SUM(Y21:Z21) -> 27028 | AE21: 23.89 | AG21: =AF21+AG20 -> 0 | AI21: 364.76 | AJ21: =AI21+AJ20 -> 3773.62 | AQ21: 2
B22: =B21+1 -> 44728 | C22: =TEXT(B22,"ddd") -> Thu | D22: 0.48 | E22: 0.83 | F22: 0.45 | G22: =SUMPRODUCT($D$6:$F$6,D22:F22) -> 14696 | H22: 0.561 | J22: =I22-I21 -> 0 | L22: =K22-K21 -> 0 | O22: 599069 | P22: =O22-O21 -> 27278 | U22: =T22-T21 -> 0 | X22: =SUM(V22:W22) -> 0 | Z22: 28126 | AA22: =SUM(Y22:Z22) -> 28126 | AE22: 23.79 | AG22: =AF22+AG21 -> 0 | AI22: 281.23 | AJ22: =AI22+AJ21 -> 4054.85 | AQ22: 1
B23: =B22+1 -> 44729 | C23: =TEXT(B23,"ddd") -> Fri | D23: 0.66 | E23: 0.82 | F23: 0.38 | G23: =SUMPRODUCT($D$6:$F$6,D23:F23) -> 15531 | H23: 0.559 | J23: =I23-I22 -> 0 | L23: =K23-K22 -> 0 | O23: 623702 | P23: =O23-O22 -> 24633 | U23: =T23-T22 -> 0 | V23: 290 | W23: 324 | X23: =SUM(V23:W23) -> 614 | Z23: 22655 | AA23: =SUM(Y23:Z23) -> 22655 | AB23: 0.95 | AD23: 1.22 | AE23: 22.17 | AG23: =AF23+AG22 -> 0 | AI23: 378.56 | AJ23: =AI23+AJ22 -> 4433.41 | AQ23: 2
B24: =B23+1 -> 44730 | C24: =TEXT(B24,"ddd") -> Sat | D24: 0.88 | E24: 0.53 | F24: 0.49 | G24: =SUMPRODUCT($D$6:$F$6,D24:F24) -> 15865 | H24: 0.556 | J24: =I24-I23 -> 0 | L24: =K24-K23 -> 0 | O24: 639167 | P24: =O24-O23 -> 15465 | U24: =T24-T23 -> 0 | X24: =SUM(V24:W24) -> 0 | Z24: 11624 | AA24: =SUM(Y24:Z24) -> 11624 | AE24: 9.14 | AG24: =AF24+AG23 -> 0 | AI24: 0 | AJ24: =AI24+AJ23 -> 4433.41 | AQ24: 1
B25: =B24+1 -> 44731 | C25: =TEXT(B25,"ddd") -> Sun | D25: 0.66 | E25: 0.82 | F25: 0.38 | G25: =SUMPRODUCT($D$6:$F$6,D25:F25) -> 15531 | H25: 0.561 | J25: =I25-I24 -> 0 | L25: =K25-K24 -> 0 | O25: 643523 | P25: =O25-O24 -> 4356 | U25: =T25-T24 -> 0 | X25: =SUM(V25:W25) -> 0 | Z25: 0 | AA25: =SUM(Y25:Z25) -> 0 | AE25: 0 | AG25: =AF25+AG24 -> 0 | AI25: 0 | AJ25: =AI25+AJ24 -> 4433.41 | AQ25: no canning
B26: =B25+1 -> 44732 | C26: =TEXT(B26,"ddd") -> Mon | D26: 0.48 | E26: 0.11 | F26: 0.21 | G26: =SUMPRODUCT($D$6:$F$6,D26:F26) -> 6680 | H26: 0.554 | J26: =I26-I25 -> 0 | L26: =K26-K25 -> 0 | O26: 645239 | P26: =O26-O25 -> 1716 | U26: =T26-T25 -> 0 | X26: =SUM(V26:W26) -> 0 | Z26: 12976 | AA26: =SUM(Y26:Z26) -> 12976 | AE26: 11.03 | AG26: =AF26+AG25 -> 0 | AI26: 0 | AJ26: =AI26+AJ25 -> 4433.41 | AQ26: no canning
B27: =B26+1 -> 44733 | C27: =TEXT(B27,"ddd") -> Tue | D27: 1 | E27: 0.24 | F27: 0.31 | G27: =SUMPRODUCT($D$6:$F$6,D27:F27) -> 12942.5 | H27: 0.554 | J27: =I27-I26 -> 0 | L27: =K27-K26 -> 0 | O27: 651232 | P27: =O27-O26 -> 5993 | U27: =T27-T26 -> 0 | X27: =SUM(V27:W27) -> 0 | Z27: 5396 | AA27: =SUM(Y27:Z27) -> 5396 | AE27: 6.2 | AG27: =AF27+AG26 -> 0 | AI27: 250.41 | AJ27: =AI27+AJ26 -> 4683.82 | AQ27: 1
B28: =B27+1 -> 44734 | C28: =TEXT(B28,"ddd") -> Wed | D28: 1 | E28: 0.37 | F28: 0.01 | G28: =SUMPRODUCT($D$6:$F$6,D28:F28) -> 11523 | H28: 0.558 | J28: =I28-I27 -> 0 | L28: =K28-K27 -> 0 | O28: 660348 | P28: =O28-O27 -> 9116 | U28: =T28-T27 -> 0 | X28: =SUM(V28:W28) -> 0 | Z28: 11209 | AA28: =SUM(Y28:Z28) -> 11209 | AE28: 14.01 | AG28: =AF28+AG27 -> 0 | AI28: 323.97 | AJ28: =AI28+AJ27 -> 5007.79 | AQ28: 2
B29: =B28+1 -> 44735 | C29: =TEXT(B29,"ddd") -> Thu | D29: 0.96 | E29: 0.52 | F29: 0.44 | G29: =SUMPRODUCT($D$6:$F$6,D29:F29) -> 16032 | H29: 0.563 | J29: =I29-I28 -> 0 | L29: =K29-K28 -> 0 | O29: 683457 | P29: =O29-O28 -> 23109 | U29: =T29-T28 -> 0 | X29: =SUM(V29:W29) -> 0 | Z29: 21709 | AA29: =SUM(Y29:Z29) -> 21709 | AE29: 22.61 | AG29: =AF29+AG28 -> 0 | AI29: 296.67 | AJ29: =AI29+AJ28 -> 5304.46 | AQ29: 2
B30: =B29+1 -> 44736 | C30: =TEXT(B30,"ddd") -> Fri | D30: 0 | E30: 0.81 | F30: 0.71 | G30: =SUMPRODUCT($D$6:$F$6,D30:F30) -> 12692 | H30: 0.563 | J30: =I30-I29 -> 0 | L30: =K30-K29 -> 0 | O30: 695339 | P30: =O30-O29 -> 11882 | U30: =T30-T29 -> 0 | X30: =SUM(V30:W30) -> 0 | Z30: 10497 | AA30: =SUM(Y30:Z30) -> 10497 | AE30: 12.99 | AG30: =AF30+AG29 -> 0 | AI30: 354.61 | AJ30: =AI30+AJ29 -> 5659.07 | AQ30: 2
B31: =B30+1 -> 44737 | C31: =TEXT(B31,"ddd") -> Sat | D31: 0.37 | E31: 0.64 | F31: 0.91 | G31: =SUMPRODUCT($D$6:$F$6,D31:F31) -> 16032 | H31: 0.566 | J31: =I31-I30 -> 0 | L31: =K31-K30 -> 0 | O31: 720683 | P31: =O31-O30 -> 25344 | U31: =T31-T30 -> 0 | X31: =SUM(V31:W31) -> 0 | Z31: 23662 | AA31: =SUM(Y31:Z31) -> 23662 | AE31: 23.69 | AG31: =AF31+AG30 -> 0 | AI31: 310.86 | AJ31: =AI31+AJ30 -> 5969.93 | AQ31: 1
B32: =B31+1 -> 44738 | C32: =TEXT(B32,"ddd") -> Sun | D32: 0.28 | E32: 0.48 | F32: 0.63 | G32: =SUMPRODUCT($D$6:$F$6,D32:F32) -> 11606.5 | H32: 0.566 | J32: =I32-I31 -> 0 | L32: =K32-K31 -> 0 | O32: 734498 | P32: =O32-O31 -> 13815 | U32: =T32-T31 -> 0 | X32: =SUM(V32:W32) -> 0 | Z32: 16576 | AA32: =SUM(Y32:Z32) -> 16576 | AE32: 17.22 | AG32: =AF32+AG31 -> 0 | AI32: 0 | AJ32: =AI32+AJ31 -> 5969.93 | AQ32: no canning
B33: =B32+1 -> 44739 | C33: =TEXT(B33,"ddd") -> Mon | D33: 0.18 | E33: 0.61 | F33: 0.76 | G33: =SUMPRODUCT($D$6:$F$6,D33:F33) -> 12942.5 | H33: 0.567 | J33: =I33-I32 -> 0 | L33: =K33-K32 -> 0 | O33: 742078 | P33: =O33-O32 -> 7580 | U33: =T33-T32 -> 0 | X33: =SUM(V33:W33) -> 0 | Z33: 7885 | AA33: =SUM(Y33:Z33) -> 7885 | AE33: 13.03 | AG33: =AF33+AG32 -> 0 | AI33: 0 | AJ33: =AI33+AJ32 -> 5969.93 | AQ33: no canning
B34: =B33+1 -> 44740 | C34: =TEXT(B34,"ddd") -> Tue | D34: 0.44 | E34: 0.94 | F34: 0.37 | G34: =SUMPRODUCT($D$6:$F$6,D34:F34) -> 14612.5 | H34: 0.562 | J34: =I34-I33 -> 0 | L34: =K34-K33 -> 0 | O34: 762549 | P34: =O34-O33 -> 20471 | U34: =T34-T33 -> 0 | V34: 3006 | X34: =SUM(V34:W34) -> 3006 | Z34: 19564 | AA34: =SUM(Y34:Z34) -> 19564 | AB34: 7.06 | AE34: 20.16 | AG34: =AF34+AG33 -> 0 | AI34: 289 | AJ34: =AI34+AJ33 -> 6258.93 | AQ34: 2
B35: =B34+1 -> 44741 | C35: =TEXT(B35,"ddd") -> Wed | D35: 0.22 | E35: 0.2 | F35: 0.09 | G35: =SUMPRODUCT($D$6:$F$6,D35:F35) -> 4258.5 | H35: 0.563 | J35: =I35-I34 -> 0 | L35: =K35-K34 -> 0 | O35: 770416 | P35: =O35-O34 -> 7867 | V35: 210 | X35: =SUM(V35:W35) -> 210 | Z35: 8775 | AA35: =SUM(Y35:Z35) -> 8775 | AB35: 0.87 | AE35: 12.05 | AG35: =AF35+AG34 -> 0 | AI35: 197.4 | AJ35: =AI35+AJ34 -> 6456.33 | AQ35: 2
B36: =B35+1 -> 44742 | C36: =TEXT(B36,"ddd") -> Thu | D36: 0.53 | E36: 0.26 | F36: 0.43 | G36: =SUMPRODUCT($D$6:$F$6,D36:F36) -> 10187 | H36: 0.557 | J36: =I36-I35 -> 0 | L36: =K36-K35 -> 0 | O36: 791580 | P36: =O36-O35 -> 21164 | U36: =T36-T35 -> 0 | V36: 0 | W36: 430 | X36: =SUM(V36:W36) -> 430 | Z36: 20431 | AA36: =SUM(Y36:Z36) -> 20431 | AB36: 0 | AC36: 0.56 | AE36: 21.52 | AG36: =AF36+AG35 -> 0 | AI36: 318.27 | AJ36: =AI36+AJ35 -> 6774.6 | AQ36: 2
B37: Total/Average | D37: =AVERAGE(D7:D36) -> 0.51333333 | F37: =AVERAGE(F7:F36) -> 0.45633333 | G37: =AVERAGE(G7:G36) -> 13212.483 | H37: =AVERAGE(H7:H36) -> 0.56143333 | J37: =SUMIFS(J7:J36,J7:J36,">0") -> 0 | P37: =SUMIFS(P7:P36,P7:P36,">0") -> 556937 | S37: =SUM(S7:S36) -> 0 | U37: =SUMIFS(U7:U36,U7:U36,">0") -> 0 | V37: =SUM(V7:V36) -> 3506 | W37: =SUM(W7:W36) -> 1777 | X37: =SUM(X7:X36) -> 5283 | AA37: =SUM(AA7:AA36) -> 556204 | AB37: =SUM(AB7:AB36) -> 8.88 | AC37: =SUM(AC7:AC36) -> 0.56 | AD37: =SUM(AD7:AD36) -> 2.66 | AE37: =SUM(AE7:AE36) -> 521.1 | AF37: =SUM(AF7:AF36) -> 0 | AH37: =AVERAGE(AH7:AH36) -> #DIV/0! | AI37: =SUM(AI7:AI36) -> 6774.6 | AL37: =SUM(AL7:AL36) -> 0 | AN37: =SUM(AN7:AN36) -> 0

Sheet Jul2022
B2: Note: Recording should be done 1st hour of the day
B3: DAILY BIOGAS USAGE MONITORING | AD3: SBVC RECORD | AG3: DPO RECORD (Lowela) | AI3: JANETTE'S RECORD | AL3: Biogas Operation Utility Consumption | AR3: Remarks/ Shifts
B4: Date | C4: Day | D4: Gas Storage (%) | H4: Quality | I4: Gas Meters (Nmᶾ) | M4: Gas Flare | P4: Gas Engine 1 Power Meter (kWh) | R4: Gas Engine 2 Power Meter (kWh) | T4: Diesel Fuel Consumption | W4: Biogas Fuel Consumption | Z4: Ope. Hrs w/ Diesel | AB4: Ope. Hrs w/ Biogas | AD4: Waste Hauling Operation | AG4: Waste Hauling Operation | AI4: Waste Hauling Operation
D5: F1 | E5: F2 | F5: F3 | G5: Total | H5: Methane Content | I5: Thermax 1 Consumption | K5: Thermax 2 Consumption | M5: Time | O5: Total Volume | T5: Thermax 1 | U5: Thermax 2 | V5: Total | W5: Thermax 1 | X5: Thermax 2 | Y5: Total | Z5: Thermax 1 | AA5: Thermax 2 | AB5: Thermax 1 | AC5: Thermax 2 | AD5: Actual Waste Delivered (MT) | AF5: DS | AG5: Actual Waste Delivered (MT) | AI5: Cannery Waste to Biogas, MT | AJ5: Other Fruit Waste to Biogas, MT | AK5: Total Waste to Biogas, MT | AL5: Electricity @ Biogas plant, kWhr | AN5: Electricity @ DPO cannery (Blower) , kWhr | AP5: Water, m3
D6: 8350 | E6: 8350 | F6: 8350 | G6: =D6+E6+F6 -> 25050 | H6: 55% Min | I6: Totalizer | J6: Output | K6: Totalizer | L6: Output | M6: Start | N6: End | O6: Nm³ | P6: Totalizer | Q6: Output | R6: Totalizer | S6: Output | T6: Li. | U6: Li. | V6: Li. | Z6: Hrs | AA6: Hrs | AB6: Hrs | AC6: Hrs | AD6: Delivery | AE6: Cummulative | AF6: % | AG6: Delivery | AH6: Cummulative | AL6: Totalizer | AM6: Consumed | AN6: Totalizer | AO6: Consumed | AP6: Totalizer | AQ6: Consumed
B7: 44743 | C7: =TEXT(B7,"ddd") -> Fri | D7: 0.17 | E7: 0.59 | F7: 0.77 | G7: =SUMPRODUCT(D7:F7,$D$6:$F$6) -> 12775.5 | H7: 0.559 | J7: =I7-0 -> 0 | K7: 813362 | L7: =K7-791580 -> 21782 | P7: 3331 | Q7: =P7-3331 -> 0 | R7: 3374 | S7: =R7-3374 -> 0 | T7: 243 | U7: 0 | V7: =SUM(T7:U7) -> 243 | W7: 0 | X7: 21424 | Y7: =SUM(W7:X7) -> 21424 | Z7: 0.8 | AA7: 0 | AB7: 0 | AC7: 19.03 | AD7: 358.8 | AE7: =AD7 -> 358.8 | AF7: 15.62 | AG7: 358.8 | AH7: =AG7 -> 358.8 | AI7: 358.8 | AK7: 358.8 | AL7: 137896 | AM7: =AL7-135932 -> 1964 | AN7: 14699 | AO7: =AN7-14699 -> 0
B8: =B7+1 -> 44744 | C8: =TEXT(B8,"ddd") -> Sat | D8: 0.05 | E8: 0.37 | F8: 0.46 | G8: =SUMPRODUCT(D8:F8,$D$6:$F$6) -> 7348 | H8: 0.561 | J8: =I8-I7 -> 0 | K8: 833102 | L8: =K8-K7 -> 19740 | P8: 3331 | Q8: =P8-P7 -> 0 | R8: 3374 | S8: =R8-R7 -> 0 | T8: 155 | U8: 0 | V8: =SUM(T8:U8) -> 155 | W8: 0 | X8: 32461 | Y8: =SUM(W8:X8) -> 32461 | Z8: 0.55 | AA8: 0 | AB8: 0 | AC8: 24.04 | AD8: 347.78 | AE8: =AD8+AE7 -> 706.58 | AF8: 16.12 | AG8: 347.78 | AH8: =AG8+AH7 -> 706.58 | AI8: 347.78 | AK8: 347.78 | AL8: 140474 | AM8: =AL8-AL7 -> 2578 | AN8: 15301 | AO8: =AN8-AN7 -> 602 | AR8: 2
B9: =B8+1 -> 44745 | C9: =TEXT(B9,"ddd") -> Sun | D9: 0.45 | E9: 1 | F9: 0.83 | G9: =SUMPRODUCT(D9:F9,$D$6:$F$6) -> 19038 | H9: 0.561 | J9: =I9-I8 -> 0 | K9: 857356 | L9: =K9-K8 -> 24254 | P9: 3331 | Q9: =P9-P8 -> 0 | R9: 3374 | S9: =R9-R8 -> 0 | T9: 0 | U9: 0 | V9: =SUM(T9:U9) -> 0 | W9: 0 | X9: 8895 | Y9: =SUM(W9:X9) -> 8895 | Z9: 0 | AA9: 0 | AB9: 0 | AC9: 7.62 | AE9: =AD9+AE8 -> 706.58 | AG9: 0 | AH9: =AG9+AH8 -> 706.58 | AI9: 0 | AK9: 0 | AL9: 143166 | AM9: =AL9-AL8 -> 2692 | AN9: 15642 | AO9: =AN9-AN8 -> 341 | AR9: 2
B10: =B9+1 -> 44746 | C10: =TEXT(B10,"ddd") -> Mon | D10: 0.24 | E10: 0.37 | F10: 0.71 | G10: =SUMPRODUCT(D10:F10,$D$6:$F$6) -> 11022 | H10: 0.564 | J10: =I10-I9 -> 0 | K10: 877747 | L10: =K10-K9 -> 20391 | P10: 3331 | Q10: =P10-P9 -> 0 | R10: 3374 | S10: =R10-R9 -> 0 | T10: 172 | U10: 438 | V10: =SUM(T10:U10) -> 610 | W10: 0 | X10: 23293 | Y10: =SUM(W10:X10) -> 23293 | Z10: 0.57 | AA10: 1.26 | AB10: 0 | AC10: 22.53 | AD10: 141.16 | AE10: =AD10+AE9 -> 847.74 | AF10: 6.91 | AG10: 141.16 | AH10: =AG10+AH9 -> 847.74 | AI10: 141.16 | AJ10: 5.996 | AK10: 147.156 | AL10: 144780 | AM10: =AL10-AL9 -> 1614 | AN10: 15989 | AO10: =AN10-AN9 -> 347 | AR10: 1
B11: =B10+1 -> 44747 | C11: =TEXT(B11,"ddd") -> Tue | D11: 0.07 | E11: 0.15 | F11: 0.14 | G11: =SUMPRODUCT(D11:F11,$D$6:$F$6) -> 3006 | H11: 0.558 | J11: =I11-I10 -> 0 | K11: 898865 | L11: =K11-K10 -> 21118 | P11: 3331 | Q11: =P11-P10 -> 0 | R11: 3374 | S11: =R11-R10 -> 0 | T11: 182 | U11: 0 | V11: =SUM(T11:U11) -> 182 | W11: 0 | X11: 20723 | Y11: =SUM(W11:X11) -> 20723 | Z11: 1.09 | AA11: 0 | AB11: 0 | AC11: 19.34 | AD11: 265.98 | AE11: =AD11+AE10 -> 1113.72 | AF11: 15.61 | AG11: 265.98 | AH11: =AG11+AH10 -> 1113.72 | AI11: 265.98 | AK11: 265.98 | AL11: 147114 | AM11: =AL11-AL10 -> 2334 | AN11: 16270 | AO11: =AN11-AN10 -> 281 | AR11: 2
B12: =B11+1 -> 44748 | C12: =TEXT(B12,"ddd") -> Wed | D12: 0.2 | E12: 0.39 | F12: 0.24 | G12: =SUMPRODUCT(D12:F12,$D$6:$F$6) -> 6930.5 | H12: 0.56 | J12: =I12-I11 -> 0 | K12: 915324 | L12: =K12-K11 -> 16459 | P12: 3331 | Q12: =P12-P11 -> 0 | R12: 3374 | S12: =R12-R11 -> 0 | T12: 6621 | U12: 0 | V12: =SUM(T12:U12) -> 6621 | W12: 0 | X12: 17391 | Y12: =SUM(W12:X12) -> 17391 | Z12: 12.05 | AA12: 0 | AB12: 0 | AC12: 21.98 | AD12: 271.98 | AE12: =AD12+AE11 -> 1385.7 | AF12: 15.87 | AG12: 271.98 | AH12: =AG12+AH11 -> 1385.7 | AI12: 271.98 | AK12: 271.98 | AL12: 149774 | AM12: =AL12-AL11 -> 2660 | AN12: 16632 | AO12: =AN12-AN11 -> 362 | AR12: 2
B13: =B12+1 -> 44749 | C13: =TEXT(B13,"ddd") -> Thu | D13: 0.24 | E13: 0.37 | F13: 0.36 | G13: =SUMPRODUCT(D13:F13,$D$6:$F$6) -> 8099.5 | H13: 0.56 | J13: =I13-I12 -> 0 | K13: 935700 | L13: =K13-K12 -> 20376 | P13: 3331 | Q13: =P13-P12 -> 0 | R13: 3374 | S13: =R13-R12 -> 0 | T13: 233 | U13: 0 | V13: =SUM(T13:U13) -> 233 | W13: 0 | X13: 20666 | Y13: =SUM(W13:X13) -> 20666 | Z13: 0.84 | AA13: 0 | AB13: 0 | AC13: 21.56 | AD13: 279.77 | AE13: =AD13+AE12 -> 1665.47 | AF13: 15.86 | AG13: 279.72 | AH13: =AG13+AH12 -> 1665.42 | AI13: 279.72 | AK13: 279.72 | AL13: 151426 | AM13: =AL13-AL12 -> 1652 | AN13: 16632 | AO13: =AN13-AN12 -> 0 | AR13: 2
B14: =B13+1 -> 44750 | C14: =TEXT(B14,"ddd") -> Fri | D14: 0.1 | E14: 0.24 | F14: 0.12 | G14: =SUMPRODUCT(D14:F14,$D$6:$F$6) -> 3841 | H14: 0.56 | J14: =I14-I13 -> 0 | K14: 939817 | L14: =K14-K13 -> 4117 | P14: 3331 | Q14: =P14-P13 -> 0 | R14: 3374 | S14: =R14-R13 -> 0 | T14: 4369 | U14: 0.21 | V14: =SUM(T14:U14) -> 4369.21 | W14: 0 | X14: 33455 | Y14: =SUM(W14:X14) -> 33455 | Z14: 9.01 | AA14: 0.21 | AB14: 0 | AC14: 22.76 | AD14: 294.2 | AE14: =AD14+AE13 -> 1959.67 | AF14: 15.83 | AG14: 294.2 | AH14: =AG14+AH13 -> 1959.62 | AI14: 294.2 | AJ14: 23.44 | AK14: 317.64 | AL14: 153305 | AM14: =AL14-AL13 -> 1879 | AN14: 16632 | AO14: =AN14-AN13 -> 0 | AR14: 2
B15: =B14+1 -> 44751 | C15: =TEXT(B15,"ddd") -> Sat | D15: 0.42 | E15: 0.91 | F15: 0.94 | G15: =SUMPRODUCT(D15:F15,$D$6:$F$6) -> 18954.5 | H15: 0.563 | J15: =I15-I14 -> 0 | K15: 969155 | L15: =K15-K14 -> 29338 | P15: 3331 | Q15: =P15-P14 -> 0 | R15: 3374 | S15: =R15-R14 -> 0 | T15: 0 | U15: 0 | V15: =SUM(T15:U15) -> 0 | W15: 0 | X15: 10810 | Y15: =SUM(W15:X15) -> 10810 | Z15: 0 | AA15: 0 | AB15: 0 | AC15: 8.39 | AE15: =AD15+AE14 -> 1959.67 | AG15: 0 | AH15: =AG15+AH14 -> 1959.62 | AI15: 0 | AK15: 0 | AL15: 154944 | AM15: =AL15-AL14 -> 1639 | AN15: 17251 | AO15: =AN15-AN14 -> 619 | AR15: no canning
B16: =B15+1 -> 44752 | C16: =TEXT(B16,"ddd") -> Sun | D16: 0.7 | E16: 0.96 | F16: 0.99 | G16: =SUMPRODUCT(D16:F16,$D$6:$F$6) -> 22127.5 | H16: 0.564 | J16: =I16-I15 -> 0 | K16: 979965 | L16: =K16-K15 -> 10810 | M16: 0.22569444 | N16: 0.64583333 | O16: 14509 | P16: 3331 | Q16: =P16-P15 -> 0 | R16: 3374 | S16: =R16-R15 -> 0 | T16: 0 | U16: 0 | V16: =SUM(T16:U16) -> 0 | W16: 0 | X16: 0 | Y16: =SUM(W16:X16) -> 0 | Z16: 0 | AA16: 0 | AB16: 0 | AC16: 0 | AE16: =AD16+AE15 -> 1959.67 | AG16: 0 | AH16: =AG16+AH15 -> 1959.62 | AI16: 0 | AK16: 0 | AL16: 156144 | AM16: =AL16-AL15 -> 1200 | AN16: 17563 | AO16: =AN16-AN15 -> 312 | AR16: no canning
B17: =B16+1 -> 44753 | C17: =TEXT(B17,"ddd") -> Mon | D17: 0.15 | E17: 0.05 | F17: 0.06 | G17: =SUMPRODUCT(D17:F17,$D$6:$F$6) -> 2171 | H17: 0.563 | J17: =I17-I16 -> 0 | K17: 1003827 | L17: =K17-K16 -> 23862 | P17: 3331 | Q17: =P17-P16 -> 0 | R17: 3374 | S17: =R17-R16 -> 0 | T17: 795 | U17: 0 | V17: =SUM(T17:U17) -> 795 | W17: 0 | X17: 23862 | Y17: =SUM(W17:X17) -> 23862 | Z17: 2.51 | AA17: 0 | AB17: 0 | AC17: 20.88 | AD17: 160.87 | AE17: =AD17+AE16 -> 2120.54 | AF17: 13.58 | AG17: 160.87 | AH17: =AG17+AH16 -> 2120.49 | AI17: 160.87 | AJ17: 3.868 | AK17: 164.738 | AL17: 157503 | AM17: =AL17-AL16 -> 1359 | AN17: 17798 | AO17: =AN17-AN16 -> 235 | AR17: 1
B18: =B17+1 -> 44754 | C18: =TEXT(B18,"ddd") -> Tue | D18: 0.11 | E18: 0.29 | F18: 0.36 | G18: =SUMPRODUCT(D18:F18,$D$6:$F$6) -> 6346 | H18: 0.563 | J18: =I18-I17 -> 0 | K18: 1013045 | L18: =K18-K17 -> 9218 | P18: 3331 | Q18: =P18-P17 -> 0 | R18: 3374 | S18: =R18-R17 -> 0 | T18: 11039 | U18: 1.02 | V18: =SUM(T18:U18) -> 11040.02 | W18: 0 | X18: 8229 | Y18: =SUM(W18:X18) -> 8229 | Z18: 18.42 | AA18: 1.02 | AB18: 0 | AC18: 14.36 | AD18: 273.81 | AE18: 2394.35 | AF18: 13.32 | AG18: 273.81 | AH18: =AG18+AH17 -> 2394.3 | AI18: 273.81 | AJ18: 18.642 | AK18: 292.452 | AL18: 159716 | AM18: =AL18-AL17 -> 2213 | AN18: 17931 | AO18: =AN18-AN17 -> 133 | AR18: 2
B19: =B18+1 -> 44755 | C19: =TEXT(B19,"ddd") -> Wed | D19: 0.19 | E19: 0.73 | F19: 0.67 | G19: =SUMPRODUCT(D19:F19,$D$6:$F$6) -> 13276.5 | H19: 0.568 | J19: =I19-I18 -> 0 | K19: 1019571 | L19: =K19-K18 -> 6526 | P19: 3331 | Q19: =P19-P18 -> 0 | R19: 3374 | S19: =R19-R18 -> 0 | T19: 14425 | U19: 2851 | V19: =SUM(T19:U19) -> 17276 | W19: 0 | X19: 7515 | Y19: =SUM(W19:X19) -> 7515 | Z19: 17.23 | AA19: 6.23 | AC19: 11.92 | AD19: 269.7 | AE19: 2664.05 | AF19: 15.76 | AG19: 269.72 | AH19: =AG19+AH18 -> 2664.02 | AI19: 269.72 | AJ19: 18.552 | AK19: 288.272 | AL19: 161717 | AM19: =AL19-AL18 -> 2001 | AN19: 18207 | AO19: =AN19-AN18 -> 276 | AR19: 2
B20: =B19+1 -> 44756 | C20: =TEXT(B20,"ddd") -> Thu | D20: 0.28 | E20: 0.05 | F20: 0.84 | G20: =SUMPRODUCT(D20:F20,$D$6:$F$6) -> 9769.5 | H20: 0.567 | J20: =I20-I19 -> 0 | K20: 1036096 | L20: =K20-K19 -> 16525 | P20: 3331 | Q20: =P20-P19 -> 0 | R20: 3374 | S20: =R20-R19 -> 0 | T20: 8901 | U20: 235 | V20: =SUM(T20:U20) -> 9136 | W20: 0 | X20: 15821 | Y20: =SUM(W20:X20) -> 15821 | Z20: 16.92 | AA20: 0.35 | AC20: 21.39 | AD20: 274.99 | AE20: =AD20+AE19 -> 2939.04 | AF20: 16.11 | AG20: 256.76 | AH20: =AG20+AH19 -> 2920.78 | AI20: 256.76 | AK20: 256.76 | AL20: 164102 | AM20: =AL20-AL19 -> 2385 | AN20: 18482 | AO20: =AN20-AN19 -> 275 | AR20: 2
B21: =B20+1 -> 44757 | C21: =TEXT(B21,"ddd") -> Fri | D21: 0.14 | E21: 0.45 | F21: 0.55 | G21: =SUMPRODUCT(D21:F21,$D$6:$F$6) -> 9519 | H21: 0.564 | J21: =I21-I20 -> 0 | K21: 1051910 | L21: =K21-K20 -> 15814 | P21: 3331 | Q21: =P21-P20 -> 0 | R21: 3374 | S21: =R21-R20 -> 0 | T21: 10162 | U21: 0 | V21: =SUM(T21:U21) -> 10162 | W21: 0 | X21: 16528 | Y21: =SUM(W21:X21) -> 16528 | Z21: 17.18 | AA21: 0 | AC21: 24.33 | AD21: 324.17 | AE21: =AD21+AE20 -> 3263.21 | AF21: 14.75 | AG21: 324.66 | AH21: =AG21+AH20 -> 3245.44 | AI21: 324.66 | AK21: 324.66 | AL21: 166822 | AM21: =AL21-AL20 -> 2720 | AN21: 18482 | AO21: =AN21-AN20 -> 0 | AR21: 2
B22: =B21+1 -> 44758 | C22: =TEXT(B22,"ddd") -> Sat | D22: 0.29 | E22: 0.3 | F22: 0.18 | G22: =SUMPRODUCT(D22:F22,$D$6:$F$6) -> 6429.5 | H22: 0.564 | J22: =I22-I21 -> 0 | K22: 1076687 | L22: =K22-K21 -> 24777 | P22: 3331 | Q22: =P22-P21 -> 0 | R22: 3374 | S22: =R22-R21 -> 0 | T22: 12481 | U22: 0 | V22: =SUM(T22:U22) -> 12481 | W22: 0 | X22: 24767 | Y22: =SUM(W22:X22) -> 24767 | Z22: 21.44 | AA22: 0 | AC22: 23.94 | AD22: 274.13 | AE22: =AD22+AE21 -> 3537.34 | AF22: 15.49 | AG22: 271.17 | AH22: =AG22+AH21 -> 3516.61 | AI22: 271.17 | AK22: 271.17 | AL22: 169223 | AM22: =AL22-AL21 -> 2401 | AN22: 19116 | AO22: =AN22-AN21 -> 634 | AR22: 2
B23: =B22+1 -> 44759 | C23: =TEXT(B23,"ddd") -> Sun | D23: 0.2 | E23: 0.14 | F23: 0.19 | G23: =SUMPRODUCT(D23:F23,$D$6:$F$6) -> 4425.5 | H23: 0.56 | J23: =I23-I22 -> 0 | K23: 1092637 | L23: =K23-K22 -> 15950 | P23: 3331 | Q23: =P23-P22 -> 0 | R23: 3374 | S23: =R23-R22 -> 0 | T23: 9163 | U23: 0 | V23: =SUM(T23:U23) -> 9163 | W23: 0 | X23: 15950 | Y23: =SUM(W23:X23) -> 15950 | Z23: 23.07 | AA23: 0 | AC23: 23.84 | AE23: =AD23+AE22 -> 3537.34 | AG23: 0 | AH23: =AG23+AH22 -> 3516.61 | AI23: 0 | AK23: 0 | AL23: 171743 | AM23: =AL23-AL22 -> 2520 | AN23: 19116 | AO23: =AN23-AN22 -> 0 | AR23: no canning
B24: =B23+1 -> 44760 | C24: =TEXT(B24,"ddd") -> Mon | D24: 0.26 | E24: 0.99 | F24: 0.53 | G24: =SUMPRODUCT(D24:F24,$D$6:$F$6) -> 14863 | H24: 0.561 | J24: =I24-I23 -> 0 | K24: 1101790 | L24: =K24-K23 -> 9153 | P24: 3331 | Q24: =P24-P23 -> 0 | R24: 3374 | S24: =R24-R23 -> 0 | T24: 23480 | U24: 14957 | V24: =SUM(T24:U24) -> 38437 | W24: 0 | X24: 8151 | Y24: =SUM(W24:X24) -> 8151 | Z24: 23.88 | AA24: 23.04 | AC24: 5.27 | AD24: 224.08 | AE24: =AD24+AE23 -> 3761.42 | AF24: 14.79 | AG24: 224.08 | AH24: =AG24+AH23 -> 3740.69 | AI24: 224.08 | AK24: 224.08 | AL24: 174227 | AM24: =AL24-AL23 -> 2484 | AN24: 19603 | AO24: =AN24-AN23 -> 487 | AR24: 2
B25: =B24+1 -> 44761 | C25: =TEXT(B25,"ddd") -> Tue | D25: 0.46 | E25: 0.46 | F25: 0.3124 | G25: =SUMPRODUCT(D25:F25,$D$6:$F$6) -> 10290.54 | H25: 0.557 | J25: =I25-I24 -> 0 | K25: 1125624 | L25: =K25-K24 -> 23834 | P25: 3331 | Q25: =P25-P24 -> 0 | R25: 3374 | S25: =R25-R24 -> 0 | T25: 8139 | U25: 13506 | V25: =SUM(T25:U25) -> 21645 | W25: 0 | X25: 23233 | Y25: =SUM(W25:X25) -> 23233 | Z25: 18.41 | AA25: 23.64 | AC25: 23.62 | AD25: 272.17 | AE25: =AD25+AE24 -> 4033.59 | AF25: 15.61 | AG25: 251.93 | AH25: =AG25+AH24 -> 3992.62 | AI25: 251.93 | AK25: 251.93 | AL25: 177018 | AM25: =AL25-AL24 -> 2791 | AN25: 19879 | AO25: =AN25-AN24 -> 276 | AR25: 2
B26: =B25+1 -> 44762 | C26: =TEXT(B26,"ddd") -> Wed | D26: 0.47 | E26: 0.51 | F26: 0.27 | G26: =SUMPRODUCT(D26:F26,$D$6:$F$6) -> 10437.5 | H26: 0.554 | J26: =I26-I25 -> 0 | K26: 1143323 | L26: =K26-K25 -> 17699 | P26: 3331 | Q26: =P26-P25 -> 0 | R26: 3374 | S26: =R26-R25 -> 0 | T26: 4521 | U26: 14589 | V26: =SUM(T26:U26) -> 19110 | W26: 0 | X26: 19302 | Y26: =SUM(W26:X26) -> 19302 | Z26: 12.87 | AA26: 22.68 | AC26: 22.68 | AD26: 270.03 | AE26: =AD26+AE25 -> 4303.62 | AF26: 16.1 | AG26: 270.13 | AH26: =AG26+AH25 -> 4262.75 | AI26: 270.13 | AK26: 270.13 | AL26: 181635 | AM26: =AL26-AL25 -> 4617 | AN26: 20188 | AO26: =AN26-AN25 -> 309 | AR26: 2
B27: =B26+1 -> 44763 | C27: =TEXT(B27,"ddd") -> Thu | D27: 0.56 | E27: 0.5 | F27: 0.44 | G27: =SUMPRODUCT(D27:F27,$D$6:$F$6) -> 12525 | H27: 0.556 | J27: =I27-I26 -> 0 | K27: 1166805 | L27: =K27-K26 -> 23482 | P27: 3331 | Q27: =P27-P26 -> 0 | R27: 3374 | S27: =R27-R26 -> 0 | T27: 6571 | U27: 12646 | V27: =SUM(T27:U27) -> 19217 | W27: 0 | X27: 23482 | Y27: =SUM(W27:X27) -> 23482 | Z27: 16.19 | AA27: 21.54 | AC27: 22.73 | AD27: 290.51 | AE27: =AD27+AE26 -> 4594.13 | AF27: 17.11 | AG27: 290.51 | AH27: =AG27+AH26 -> 4553.26 | AI27: 290.51 | AK27: 290.51 | AL27: 184988 | AM27: =AL27-AL26 -> 3353 | AN27: 20548 | AO27: =AN27-AN26 -> 360 | AR27: 2
B28: =B27+1 -> 44764 | C28: =TEXT(B28,"ddd") -> Fri | D28: 0.25 | E28: 0.27 | F28: 0.89 | G28: =SUMPRODUCT(D28:F28,$D$6:$F$6) -> 11773.5 | H28: 0.558 | J28: =I28-I27 -> 0 | K28: 1197037 | L28: =K28-K27 -> 30232 | P28: 3331 | Q28: =P28-P27 -> 0 | R28: 3374 | S28: =R28-R27 -> 0 | T28: 9171 | U28: 11178 | V28: =SUM(T28:U28) -> 20349 | W28: 0 | X28: 26795 | Y28: =SUM(W28:X28) -> 26795 | Z28: 18.31 | AA28: 20.38 | AC28: 23.84 | AD28: 288.95 | AE28: =AD28+AE27 -> 4883.08 | AF28: 16.52 | AG28: 288.93 | AH28: =AG28+AH27 -> 4842.19 | AI28: 288.93 | AK28: 288.93 | AL28: 188686 | AM28: =AL28-AL27 -> 3698 | AN28: 20548 | AO28: =AN28-AN27 -> 0 | AR28: 2
B29: =B28+1 -> 44765 | C29: =TEXT(B29,"ddd") -> Sat | D29: 0.15 | E29: 0.18 | F29: 0.12 | G29: =SUMPRODUCT(D29:F29,$D$6:$F$6) -> 3757.5 | H29: 0.558 | J29: =I29-I28 -> 0 | K29: 1224349 | L29: =K29-K28 -> 27312 | P29: 3331 | Q29: =P29-P28 -> 0 | R29: 3374 | S29: =R29-R28 -> 0 | T29: 12067 | U29: 0 | V29: =SUM(T29:U29) -> 12067 | W29: 0 | X29: 30749 | Y29: =SUM(W29:X29) -> 30749 | Z29: 22.97 | AA29: 0 | AC29: 23.63 | AD29: 257.08 | AE29: =AD29+AE28 -> 5140.16 | AF29: 16.38 | AG29: 279.09 | AH29: =AG29+AH28 -> 5121.28 | AI29: 279.09 | AK29: 279.09 | AL29: 191364 | AM29: =AL29-AL28 -> 2678 | AN29: 20548 | AO29: =AN29-AN28 -> 0 | AR29: 2
B30: =B29+1 -> 44766 | C30: =TEXT(B30,"ddd") -> Sun | D30: 0.22 | E30: 0.27 | F30: 0.28 | G30: =SUMPRODUCT(D30:F30,$D$6:$F$6) -> 6429.5 | H30: 0.56 | J30: =I30-I29 -> 0 | K30: 1246772 | L30: =K30-K29 -> 22423 | P30: 3331 | Q30: =P30-P29 -> 0 | R30: 3374 | S30: =R30-R29 -> 0 | T30: 1435 | U30: 0 | V30: =SUM(T30:U30) -> 1435 | W30: 0 | X30: 14615 | Y30: =SUM(W30:X30) -> 14615 | Z30: 2.25 | AA30: 0 | AC30: 17.25 | AE30: =AD30+AE29 -> 5140.16 | AG30: 0 | AH30: =AG30+AH29 -> 5121.28 | AI30: 0 | AK30: 0 | AL30: 193948 | AM30: =AL30-AL29 -> 2584 | AN30: 21514 | AO30: =AN30-AN29 -> 966 | AR30: no canning
B31: =B30+1 -> 44767 | C31: =TEXT(B31,"ddd") -> Mon | D31: 0.45 | E31: 0.15 | F31: 0.44 | G31: =SUMPRODUCT(D31:F31,$D$6:$F$6) -> 8684 | H31: 0.563 | J31: =I31-I30 -> 0 | K31: 1255676 | L31: =K31-K30 -> 8904 | P31: 3331 | Q31: =P31-P30 -> 0 | R31: 3374 | S31: =R31-R30 -> 0 | T31: 6345 | U31: 0 | V31: =SUM(T31:U31) -> 6345 | W31: 0 | X31: 17230 | Y31: =SUM(W31:X31) -> 17230 | Z31: 13.83 | AA31: 0 | AC31: 23.89 | AD31: 192.42 | AE31: =AD31+AE30 -> 5332.58 | AF31: 16.24 | AG31: 192.45 | AH31: =AG31+AH30 -> 5313.73 | AI31: 192.45 | AK31: 192.45 | AL31: 196678 | AM31: =AL31-AL30 -> 2730 | AN31: 21734 | AO31: =AN31-AN30 -> 220 | AR31: 2
B32: =B31+1 -> 44768 | C32: =TEXT(B32,"ddd") -> Tue | D32: 0.44 | E32: 0.23 | F32: 0.3 | G32: =SUMPRODUCT(D32:F32,$D$6:$F$6) -> 8099.5 | H32: 0.563 | J32: =I32-I31 -> 0 | K32: 1277042 | L32: =K32-K31 -> 21366 | P32: 3331 | Q32: =P32-P31 -> 0 | R32: 3374 | S32: =R32-R31 -> 0 | T32: 8531 | U32: 0 | V32: =SUM(T32:U32) -> 8531 | W32: 0 | X32: 20923 | Y32: =SUM(W32:X32) -> 20923 | Z32: 18.44 | AA32: 0 | AC32: 23.9 | AD32: 216.4 | AE32: =AD32+AE31 -> 5548.98 | AF32: 15.16 | AG32: 216.4 | AH32: =AG32+AH31 -> 5530.13 | AI32: 216.4 | AK32: 216.4 | AL32: 199388 | AM32: =AL32-AL31 -> 2710 | AN32: 22031 | AO32: =AN32-AN31 -> 297 | AR32: 2
B33: =B32+1 -> 44769 | C33: =TEXT(B33,"ddd") -> Wed | D33: 0.5 | E33: 0.12 | F33: 0.26 | G33: =SUMPRODUCT(D33:F33,$D$6:$F$6) -> 7348 | H33: 0.561 | J33: =I33-I32 -> 0 | K33: 1295132 | L33: =K33-K32 -> 18090 | P33: 3331 | Q33: =P33-P32 -> 0 | R33: 3374 | S33: =R33-R32 -> 0 | T33: 12221 | U33: 1438 | V33: =SUM(T33:U33) -> 13659 | W33: 0 | X33: 18015 | Y33: =SUM(W33:X33) -> 18015 | Z33: 19.81 | AA33: 3.8 | AC33: 22.29 | AD33: 239.88 | AE33: =AD33+AE32 -> 5788.86 | AF33: 13.25 | AG33: 239.88 | AH33: =AG33+AH32 -> 5770.01 | AI33: 239.88 | AK33: 239.88 | AL33: 202127 | AM33: =AL33-AL32 -> 2739 | AN33: 22339 | AO33: =AN33-AN32 -> 308 | AR33: 2
B34: =B33+1 -> 44770 | C34: =TEXT(B34,"ddd") -> Thu | D34: 0.15 | E34: 0.32 | F34: 0.25 | G34: =SUMPRODUCT(D34:F34,$D$6:$F$6) -> 6012 | H34: 0.556 | J34: =I34-I33 -> 0 | K34: 1315515 | L34: =K34-K33 -> 20383 | P34: 3331 | Q34: =P34-P33 -> 0 | R34: 3374 | S34: =R34-R33 -> 0 | T34: 7374 | U34: 0 | V34: =SUM(T34:U34) -> 7374 | W34: 0 | X34: 19682 | Y34: =SUM(W34:X34) -> 19682 | Z34: 18.7 | AA34: 0 | AC34: 22.16 | AD34: 324.89 | AE34: =AD34+AE33 -> 6113.75 | AF34: 11.81 | AG34: 324.94 | AH34: =AG34+AH33 -> 6094.95 | AI34: 324.94 | AK34: 324.94 | AL34: 204866 | AM34: =AL34-AL33 -> 2739 | AN34: 22638 | AO34: =AN34-AN33 -> 299 | AR34: 2
B35: =B34+1 -> 44771 | C35: =TEXT(B35,"ddd") -> Fri | D35: 0.36 | E35: 0.28 | F35: 0.22 | G35: =SUMPRODUCT(D35:F35,$D$6:$F$6) -> 7181 | H35: 0.554 | J35: =I35-I34 -> 0 | K35: 1334679 | L35: =K35-K34 -> 19164 | P35: 3331 | Q35: =P35-P34 -> 0 | R35: 3374 | S35: =R35-R34 -> 0 | T35: 7515 | U35: 0 | V35: =SUM(T35:U35) -> 7515 | W35: 0 | X35: 18710 | Y35: =SUM(W35:X35) -> 18710 | Z35: 14.83 | AA35: 0 | AC35: 23.84 | AD35: 331.1 | AE35: =AD35+AE34 -> 6444.85 | AF35: 13.74 | AG35: 331.1 | AH35: =AG35+AH34 -> 6426.05 | AI35: 331.1 | AK35: 331.1 | AL35: 207858 | AM35: =AL35-AL34 -> 2992 | AN35: 22638 | AO35: =AN35-AN34 -> 0 | AR35: 2
B36: =B35+1 -> 44772 | C36: =TEXT(B36,"ddd") -> Sat | D36: 0.21 | E36: 0.23 | F36: 0.42 | G36: =SUMPRODUCT(D36:F36,$D$6:$F$6) -> 7181 | H36: 0.554 | J36: =I36-I35 -> 0 | K36: 1350840 | L36: =K36-K35 -> 16161 | P36: 3331 | Q36: =P36-P35 -> 0 | R36: 3374 | S36: =R36-R35 -> 0 | T36: 2829 | U36: 0 | V36: =SUM(T36:U36) -> 2829 | W36: 0 | X36: 17316 | Y36: =SUM(W36:X36) -> 17316 | Z36: 8.48 | AA36: 0 | AC36: 20.71 | AD36: 258.48 | AE36: =AD36+AE35 -> 6703.33 | AF36: 14.49 | AG36: 258.48 | AH36: =AG36+AH35 -> 6684.53 | AI36: 258.48 | AK36: 258.48 | AL36: 210303 | AM36: 2445 | AN36: 23147 | AO36: =AN36-AN35 -> 509 | AR36: 2
B37: =B36+1 -> 44773 | C37: =TEXT(B37,"ddd") -> Sun | D37: 0.41 | E37: 0.58 | F37: 0.3 | G37: =SUMPRODUCT(D37:F37,$D$6:$F$6) -> 10771.5 | H37: 0.559 | K37: 1367245 | L37: =K37-K36 -> 16405 | P37: 3331 | Q37: =P37-P36 -> 0 | R37: 3374 | S37: =R37-R36 -> 0 | T37: 2444 | U37: 0 | V37: =SUM(T37:U37) -> 2444 | W37: 0 | X37: 16405 | Y37: =SUM(W37:X37) -> 16405 | Z37: 5.14 | AA37: 0 | AC37: 14.87 | AD37: 154.98 | AE37: =AD37+AE36 -> 6858.31 | AF37: 15.13 | AG37: 155 | AH37: =AG37+AH36 -> 6839.53 | AI37: 155 | AK37: 155 | AL37: 212748 | AM37: 2445 | AN37: 23147 | AO37: =AN37-AN36 -> 0 | AR37: 1
B38: Total/Average | D38: =AVERAGE(D7:D37) -> 0.28677419 | F38: =AVERAGE(F7:F37) -> 0.43362581 | G38: =AVERAGE(G7:G37) -> 9368.8077 | H38: =AVERAGE(H7:H37) -> 0.56041935 | J38: =SUMIFS(J7:J37,J7:J37,">0") -> 0 | L38: =SUMIFS(L7:L37,L7:L37,">0") -> 575665 | O38: =SUM(O7:O37) -> 14509 | Q38: =SUMIFS(Q7:Q37,Q7:Q37,">0") -> 0 | S38: =SUMIFS(S7:S37,S7:S37,">0") -> 0 | T38: =SUM(T7:T37) -> 191584 | U38: =SUM(U7:U37) -> 71839.23 | V38: =SUM(V7:V37) -> 263423.23 | Y38: =SUM(Y7:Y37)-733 -> 575665 | Z38: =SUM(Z7:Z37) -> 355.79 | AA38: =SUM(AA7:AA37) -> 124.15 | AB38: =SUM(AB7:AB37) -> 0 | AC38: =SUM(AC7:AC37) -> 598.59 | AD38: =SUM(AD7:AD37) -> 6858.31 | AF38: =AVERAGE(AF7:AF37) -> 14.890769 | AG38: =SUM(AG7:AG37) -> 6839.53 | AI38: 6839.53 | AJ38: 70.498 | AK38: 6910.028 | AM38: =SUM(AM7:AM37) -> 76816 | AO38: =SUM(AO7:AO37) -> 8448
Y41: Note: There's adifference of 733 between DPO and SBVC due to different time of reading.
Y42: Added 733 to DPO to coincide since this was already billed

Sheet Aug2022
B2: Note: Recording should be done 1st hour of the day
B3: DAILY BIOGAS USAGE MONITORING | AD3: SBVC RECORD | AG3: DPO RECORD (Lowela) | AI3: JANETTE'S RECORD | AL3: Biogas Operation Utility Consumption | AR3: Remarks/ Shifts
B4: Date | C4: Day | D4: Gas Storage (%) | H4: Quality | I4: Gas Meters (Nmᶾ) | M4: Gas Flare | P4: Gas Engine 1 Power Meter (kWh) | R4: Gas Engine 2 Power Meter (kWh) | T4: Diesel Fuel Consumption | W4: Biogas Fuel Consumption | Z4: Ope. Hrs w/ Diesel | AB4: Ope. Hrs w/ Biogas | AD4: Waste Hauling Operation | AG4: Waste Hauling Operation | AI4: Waste Hauling Operation
D5: F1 | E5: F2 | F5: F3 | G5: Total | H5: Methane Content | I5: Thermax 1 Totalizer | K5: Thermax 2 Totalizer | M5: Time | O5: Total Volume | T5: Thermax 1 | U5: Thermax 2 | V5: Total | W5: Thermax 1 | X5: Thermax 2 | Y5: Total | Z5: Thermax 1 | AA5: Thermax 2 | AB5: Thermax 1 | AC5: Thermax 2 | AD5: Actual Waste Delivered (MT) | AF5: DS | AG5: Actual Waste Delivered (MT) | AI5: Cannery Waste to Biogas, MT | AJ5: Other Fruit Waste to Biogas, MT | AK5: Total Waste to Biogas, MT | AL5: Electricity @ Biogas plant, kWhr | AN5: Electricity @ DPO cannery (Blower) , kWhr | AP5: Water, m3
D6: 8350 | E6: 8350 | F6: 8350 | G6: =D6+E6+F6 -> 25050 | H6: 55% Min | I6: Totalizer | J6: Output | K6: Totalizer | L6: Output | M6: Start | N6: End | O6: Nm³ | P6: Totalizer | Q6: Output | R6: Totalizer | S6: Output | T6: Li. | U6: Li. | V6: Li. | Z6: Hrs | AA6: Hrs | AB6: Hrs | AC6: Hrs | AD6: Delivery | AE6: Cummulative | AF6: % | AG6: Delivery | AH6: Cummulative | AL6: Totalizer | AM6: Consumed | AN6: Totalizer | AO6: Consumed | AP6: Totalizer | AQ6: Consumed
B7: 44774 | C7: =TEXT(B7,"ddd") -> Mon | D7: 0.45 | E7: 0.18 | F7: 0.3 | G7: 7765.5 | H7: 0.564 | J7: 0 | K7: 1386087 | L7: 18842 | P7: 3331 | Q7: 0 | R7: 3374 | S7: 0 | T7: 9383 | U7: 7184 | V7: =SUM(T7:U7) -> 16567 | W7: 0 | X7: 18842 | Y7: =SUM(W7:X7) -> 18842 | Z7: 15.41 | AA7: 12.88 | AB7: 0 | AC7: 22.84 | AD7: 279.15 | AE7: =AD7 -> 279.15 | AF7: 14.36 | AG7: 279.15 | AH7: =AG7 -> 279.15 | AI7: 279.15 | AK7: 279.15 | AL7: 215217 | AM7: =AL7-'Jul2022'!AL37 -> 2469 | AN7: 23467 | AO7: 320 | AR7: 2
B8: =B7+1 -> 44775 | C8: =TEXT(B8,"ddd") -> Tue | D8: 0.32 | E8: 0.3 | F8: 0.13 | G8: 6262.5 | H8: 0.564 | J8: 0 | K8: 1405316 | L8: 19229 | P8: 3331 | Q8: 0 | R8: 3374 | S8: 0 | T8: 12400 | U8: 1770 | V8: =SUM(T8:U8) -> 14170 | W8: 0 | X8: 19188 | Y8: =SUM(W8:X8) -> 19188 | Z8: 23.78 | AA8: 0 | AB8: 0 | AC8: 23.76 | AD8: 346.48 | AE8: =AD8+AE7 -> 625.63 | AF8: 15.12 | AG8: 346.48 | AH8: =AG8+AH7 -> 625.63 | AI8: 346.48 | AK8: 346.48 | AL8: 217936 | AM8: =AL8-AL7 -> 2719 | AN8: 23776 | AO8: =AN8-AN7 -> 309 | AR8: 2
B9: =B8+1 -> 44776 | C9: =TEXT(B9,"ddd") -> Wed | D9: 0.42 | E9: 0.45 | F9: 0.21 | G9: 9018 | H9: 0.572 | J9: 0 | K9: 1429700 | L9: 24384 | P9: 3331 | Q9: 0 | R9: 3374 | S9: 0 | T9: 13967 | U9: 0 | V9: =SUM(T9:U9) -> 13967 | W9: 0 | X9: 24425 | Y9: =SUM(W9:X9) -> 24425 | Z9: 20.09 | AA9: 0 | AB9: 0 | AC9: 23.97 | AD9: 279.49 | AE9: =AD9+AE8 -> 905.12 | AF9: 14.94 | AG9: 278.49 | AH9: =AG9+AH8 -> 904.12 | AI9: 278.49 | AK9: 278.49 | AL9: 220699 | AM9: =AL9-AL8 -> 2763 | AN9: 24113 | AO9: =AN9-AN8 -> 337 | AR9: 2
B10: =B9+1 -> 44777 | C10: =TEXT(B10,"ddd") -> Thu | D10: 0.15 | E10: 0.14 | F10: 0.16 | G10: 3757.5 | H10: 0.563 | J10: 0 | K10: 1461575 | L10: 31875 | P10: 3331 | Q10: 0 | R10: 3374 | S10: 0 | T10: 8543 | U10: 0 | V10: =SUM(T10:U10) -> 8543 | W10: 0 | X10: 29373 | Y10: =SUM(W10:X10) -> 29373 | Z10: 15.68 | AA10: 0 | AB10: 0 | AC10: 24 | AD10: 263.2 | AE10: =AD10+AE9 -> 1168.32 | AF10: 14.27 | AG10: 263.23 | AH10: =AG10+AH9 -> 1167.35 | AI10: 263.23 | AK10: 263.23 | AL10: 223518 | AM10: =AL10-AL9 -> 2819 | AN10: 24479 | AO10: =AN10-AN9 -> 366 | AR10: 2
B11: =B10+1 -> 44778 | C11: =TEXT(B11,"ddd") -> Fri | D11: 0.98 | E11: 0.32 | F11: 0.1 | G11: 11690 | H11: 0.57 | J11: 0 | K11: 1465706 | L11: 4131 | P11: 3331 | Q11: 0 | R11: 3374 | S11: 0 | T11: 0 | U11: 0 | V11: =SUM(T11:U11) -> 0 | W11: 0 | X11: 6633 | Y11: =SUM(W11:X11) -> 6633 | Z11: 0 | AA11: 0 | AB11: 0 | AC11: 7.06 | AD11: 0 | AE11: =AD11+AE10 -> 1168.32 | AG11: 0 | AH11: =AG11+AH10 -> 1167.35 | AI11: - | AK11: 0 | AL11: 224151 | AM11: =AL11-AL10 -> 633 | AN11: 24585 | AO11: =AN11-AN10 -> 106 | AR11: DPO under mini shutdown
B12: =B11+1 -> 44779 | C12: =TEXT(B12,"ddd") -> Sat | D12: 0.61 | E12: 0.15 | F12: 0.09 | G12: 7097.5 | H12: 0.56 | J12: 0 | K12: 1465706 | L12: 0 | P12: 3331 | Q12: 0 | R12: 5878 | S12: 2504 | T12: 0 | U12: 0 | V12: =SUM(T12:U12) -> 0 | W12: 0 | X12: 0 | Y12: =SUM(W12:X12) -> 0 | Z12: 0 | AA12: 0 | AB12: 0 | AC12: 0 | AD12: 0 | AE12: =AD12+AE11 -> 1168.32 | AG12: 0 | AH12: =AG12+AH11 -> 1167.35 | AI12: - | AK12: 0 | AL12: 225702 | AM12: =AL12-AL11 -> 1551 | AN12: 24705 | AO12: =AN12-AN11 -> 120 | AR12: DPO under mini shutdown
B13: =B12+1 -> 44780 | C13: =TEXT(B13,"ddd") -> Sun | D13: 0.8 | E13: 0.67 | F13: 0.46 | G13: 16115.5 | H13: 0.56 | J13: 0 | K13: 1465706 | L13: 0 | P13: 3331 | Q13: 0 | R13: 16077 | S13: 10199 | T13: 0 | U13: 0 | V13: =SUM(T13:U13) -> 0 | W13: 0 | X13: 0 | Y13: =SUM(W13:X13) -> 0 | Z13: 0 | AA13: 0 | AB13: 0 | AC13: 0 | AD13: 0 | AE13: =AD13+AE12 -> 1168.32 | AG13: 0 | AH13: =AG13+AH12 -> 1167.35 | AI13: - | AK13: 0 | AL13: 226098 | AM13: =AL13-AL12 -> 396 | AN13: 25049 | AO13: =AN13-AN12 -> 344 | AR13: DPO under mini shutdown
B14: =B13+1 -> 44781 | C14: =TEXT(B14,"ddd") -> Mon | D14: 0.64 | E14: 0.67 | F14: 0.35 | G14: 13861 | H14: 0.556 | J14: 0 | K14: 1465706 | L14: 0 | P14: 3331 | Q14: 0 | R14: 32113 | S14: 16036 | T14: 0 | U14: 0 | V14: =SUM(T14:U14) -> 0 | W14: 0 | X14: 0 | Y14: =SUM(W14:X14) -> 0 | Z14: 0 | AA14: 0 | AB14: 0 | AC14: 0 | AD14: 0 | AE14: =AD14+AE13 -> 1168.32 | AG14: 0 | AH14: =AG14+AH13 -> 1167.35 | AI14: - | AK14: 0 | AL14: 227685 | AM14: =AL14-AL13 -> 1587 | AN14: 25652 | AO14: =AN14-AN13 -> 603 | AR14: DPO under mini shutdown
B15: =B14+1 -> 44782 | C15: =TEXT(B15,"ddd") -> Tue | D15: 0.89 | E15: 0.71 | F15: 0.79 | G15: 19956.5 | H15: 0.556 | J15: 0 | K15: 1474752 | L15: 9046 | P15: 3331 | Q15: 0 | R15: 44134 | S15: 12021 | T15: 0 | U15: 0 | V15: =SUM(T15:U15) -> 0 | W15: 0 | X15: 9056 | Y15: =SUM(W15:X15) -> 9056 | Z15: 0 | AA15: 0 | AB15: 0 | AC15: 14.98 | AD15: 0 | AE15: =AD15+AE14 -> 1168.32 | AG15: 0 | AH15: =AG15+AH14 -> 1167.35 | AI15: - | AK15: 0 | AL15: 229615 | AM15: =AL15-AL14 -> 1930 | AN15: 26004 | AO15: =AN15-AN14 -> 352 | AR15: DPO under mini shutdown
B16: =B15+1 -> 44783 | C16: =TEXT(B16,"ddd") -> Wed | D16: 0.62 | E16: 0.77 | F16: 0.62 | G16: 16783.5 | H16: 0.554 | J16: 0 | K16: 1494169 | L16: 19417 | P16: 3331 | Q16: 0 | R16: 44134 | S16: 0 | T16: 180 | U16: 0 | V16: =SUM(T16:U16) -> 180 | W16: 0 | X16: 19407 | Y16: =SUM(W16:X16) -> 19407 | Z16: 0.63 | AA16: 0 | AB16: 0 | AC16: 23.79 | AD16: 0 | AE16: =AD16+AE15 -> 1168.32 | AG16: 0 | AH16: =AG16+AH15 -> 1167.35 | AI16: - | AK16: 0 | AL16: 232238 | AM16: =AL16-AL15 -> 2623 | AN16: 26515 | AO16: =AN16-AN15 -> 511 | AR16: 2
B17: =B16+1 -> 44784 | C17: =TEXT(B17,"ddd") -> Thu | D17: 0.64 | E17: 0.55 | F17: 0.26 | G17: 12107.5 | H17: 0.567 | J17: 0 | K17: 1515789 | L17: 21620 | P17: 3331 | Q17: 0 | R17: 44134 | S17: 0 | T17: 0 | U17: 0 | V17: =SUM(T17:U17) -> 0 | W17: 0 | X17: 21620 | Y17: =SUM(W17:X17) -> 21620 | Z17: 0 | AA17: 0 | AB17: 0 | AC17: 23.97 | AD17: 133.73 | AE17: =AD17+AE16 -> 1302.05 | AF17: 14 | AG17: 133.73 | AH17: =AG17+AH16 -> 1301.08 | AI17: 133.73 | AK17: 133.73 | AL17: 235229 | AM17: =AL17-AL16 -> 2991 | AN17: 26886 | AO17: =AN17-AN16 -> 371 | AR17: 2
B18: =B17+1 -> 44785 | C18: =TEXT(B18,"ddd") -> Fri | D18: 0.6 | E18: 0.33 | F18: 0.38 | G18: 10938.5 | H18: 0.566 | J18: 0 | K18: 1531986 | L18: 16197 | P18: 3331 | Q18: 0 | R18: 44134 | S18: 0 | T18: 132 | U18: 0 | V18: =SUM(T18:U18) -> 132 | W18: 0 | X18: 16757 | Y18: =SUM(W18:X18) -> 16757 | Z18: 0.45 | AA18: 0 | AB18: 0 | AC18: 21.41 | AD18: 365.56 | AE18: =AD18+AE17 -> 1667.61 | AF18: 14.44 | AG18: 365.56 | AH18: =AG18+AH17 -> 1666.64 | AI18: 365.56 | AK18: 365.56 | AL18: 238476 | AM18: =AL18-AL17 -> 3247 | AN18: 27086 | AO18: =AN18-AN17 -> 200 | AR18: 2
B19: =B18+1 -> 44786 | C19: =TEXT(B19,"ddd") -> Sat | D19: 0.24 | E19: 0.2 | F19: 0.21 | G19: 5427.5 | H19: 0.57 | J19: 0 | K19: 1561763 | L19: 29777 | P19: 3331 | Q19: 0 | R19: 44134 | S19: 0 | T19: 0 | U19: 0 | V19: =SUM(T19:U19) -> 0 | W19: 0 | X19: 29217 | Y19: =SUM(W19:X19) -> 29217 | Z19: 0 | AA19: 0 | AB19: 0 | AC19: 22.54 | AD19: 359.72 | AE19: =AD19+AE18 -> 2027.33 | AF19: 14.39 | AG19: 360.72 | AH19: =AG19+AH18 -> 2027.36 | AI19: 360.72 | AK19: 360.72 | AL19: 241415 | AM19: =AL19-AL18 -> 2939 | AN19: 27386 | AO19: =AN19-AN18 -> 300 | AR19: 2
B20: =B19+1 -> 44787 | C20: =TEXT(B20,"ddd") -> Sun | D20: 0.91 | E20: 0.64 | F20: 0.8 | G20: 19622.5 | H20: 0.563 | J20: 0 | K20: 1572664 | L20: 10901 | P20: 3331 | Q20: 0 | R20: 46057 | S20: 1923 | T20: 0 | U20: 0 | V20: =SUM(T20:U20) -> 0 | W20: 0 | X20: 10901 | Y20: =SUM(W20:X20) -> 10901 | Z20: 0 | AA20: 0 | AB20: 0 | AC20: 9.6 | AD20: 0 | AE20: =AD20+AE19 -> 2027.33 | AG20: 0 | AH20: =AG20+AH19 -> 2027.36 | AI20: 0 | AK20: 0 | AL20: 244530 | AM20: =AL20-AL19 -> 3115 | AN20: 28003 | AO20: =AN20-AN19 -> 617 | AR20: no canning
B21: =B20+1 -> 44788 | C21: =TEXT(B21,"ddd") -> Mon | D21: 0.87 | E21: 0.75 | F21: 0.71 | G21: 19455.5 | H21: 0.554 | J21: 0 | K21: 1586962 | L21: 14298 | P21: 3331 | Q21: 0 | R21: 46057 | S21: 0 | T21: 0 | U21: 0 | V21: =SUM(T21:U21) -> 0 | W21: 0 | X21: 14324 | Y21: =SUM(W21:X21) -> 14324 | Z21: 0 | AA21: 0 | AB21: 0 | AC21: 18.12 | AD21: 0 | AE21: =AD21+AE20 -> 2027.33 | AG21: 0 | AH21: =AG21+AH20 -> 2027.36 | AI21: 0 | AK21: 0 | AL21: 247304 | AM21: =AL21-AL20 -> 2774 | AN21: 28462 | AO21: =AN21-AN20 -> 459 | AR21: 1
B22: =B21+1 -> 44789 | C22: =TEXT(B22,"ddd") -> Tue | D22: 0.51 | E22: 0.23 | F22: 0.25 | G22: 8266.5 | H22: 0.56 | J22: 0 | K22: 1612995 | L22: 26033 | P22: 3331 | Q22: 0 | R22: 46057 | S22: 0 | T22: 628 | U22: 0 | V22: =SUM(T22:U22) -> 628 | W22: 0 | X22: 26007 | Y22: =SUM(W22:X22) -> 26007 | Z22: 1.7 | AA22: 0 | AB22: 0 | AC22: 23.53 | AD22: 289.84 | AE22: =AD22+AE21 -> 2317.17 | AF22: 15.49 | AG22: 289.84 | AH22: =AG22+AH21 -> 2317.2 | AI22: 289.84 | AK22: 289.84 | AL22: 250292 | AM22: =AL22-AL21 -> 2988 | AN22: 29007 | AO22: =AN22-AN21 -> 545 | AR22: 2
B23: =B22+1 -> 44790 | C23: =TEXT(B23,"ddd") -> Wed | D23: 0.88 | E23: 0.6 | F23: 0.61 | G23: 17451.5 | H23: 0.564 | J23: 0 | K23: 1631797 | L23: 18802 | P23: 3331 | Q23: 0 | R23: 46057 | S23: 0 | T23: 0 | U23: 0 | V23: =SUM(T23:U23) -> 0 | W23: 0 | X23: 18802 | Y23: =SUM(W23:X23) -> 18802 | Z23: 0 | AA23: 0 | AB23: 0 | AC23: 20.58 | AD23: 286.62 | AE23: =AD23+AE22 -> 2603.79 | AF23: 15.34 | AG23: 286.62 | AH23: =AG23+AH22 -> 2603.82 | AI23: 286.62 | AK23: 286.62 | AL23: 252981 | AM23: =AL23-AL22 -> 2689 | AN23: 29499 | AO23: =AN23-AN22 -> 492 | AR23: 2
B24: =B23+1 -> 44791 | C24: =TEXT(B24,"ddd") -> Thu | D24: 0.68 | E24: 0.71 | F24: 0.71 | G24: 17535 | H24: 0.564 | J24: 0 | K24: 1657040 | L24: 25243 | P24: 3331 | Q24: 0 | R24: 46057 | S24: 0 | T24: 0 | U24: 0 | V24: =SUM(T24:U24) -> 0 | W24: 0 | X24: 25243 | Y24: =SUM(W24:X24) -> 25243 | Z24: 0 | AA24: 0 | AB24: 0 | AC24: 22.29 | AD24: 313.43 | AE24: =AD24+AE23 -> 2917.22 | AF24: 14.17 | AG24: 313.33 | AH24: =AG24+AH23 -> 2917.15 | AI24: 313.33 | AK24: 313.33 | AL24: 255645 | AM24: =AL24-AL23 -> 2664 | AN24: 30016 | AO24: =AN24-AN23 -> 517 | AR24: 2
B25: =B24+1 -> 44792 | C25: =TEXT(B25,"ddd") -> Fri | D25: 0.54 | E25: 0.59 | F25: 0.64 | G25: 14779.5 | H25: 0.57 | J25: 0 | K25: 1688089 | L25: 31049 | P25: 3331 | Q25: 0 | R25: 46057 | S25: 0 | T25: 0 | U25: 0 | V25: =SUM(T25:U25) -> 0 | W25: 0 | X25: 31049 | Y25: =SUM(W25:X25) -> 31049 | Z25: 0 | AA25: 0 | AB25: 0 | AC25: 24.03 | AD25: 359.15 | AE25: =AD25+AE24 -> 3276.37 | AF25: 14.65 | AG25: 359.15 | AH25: =AG25+AH24 -> 3276.3 | AI25: 359.15 | AK25: 359.15 | AL25: 259063 | AM25: =AL25-AL24 -> 3418 | AN25: 30444 | AO25: =AN25-AN24 -> 428 | AR25: 2
B26: =B25+1 -> 44793 | C26: =TEXT(B26,"ddd") -> Sat | D26: 0.27 | E26: 0.17 | F26: 0.1 | G26: 4509 | H26: 0.572 | J26: 0 | K26: 1722173 | L26: 34084 | P26: 3331 | Q26: 0 | R26: 57882 | S26: 11825 | T26: 0 | U26: 0 | V26: =SUM(T26:U26) -> 0 | W26: 0 | X26: 34084 | Y26: =SUM(W26:X26) -> 34084 | Z26: 0 | AA26: 0 | AB26: 0 | AC26: 23.7 | AD26: 131.07 | AE26: =AD26+AE25 -> 3407.44 | AF26: 17.58 | AG26: 131.07 | AH26: =AG26+AH25 -> 3407.37 | AI26: 131.07 | AK26: 131.07 | AL26: 262084 | AM26: =AL26-AL25 -> 3021 | AN26: 30744 | AO26: =AN26-AN25 -> 300 | AR26: 1
B27: =B26+1 -> 44794 | C27: =TEXT(B27,"ddd") -> Sun | D27: 0.69 | E27: 0.61 | F27: 0.42 | G27: 14362 | H27: 0.561 | J27: 0 | K27: 1723805 | L27: 1632 | P27: 3331 | Q27: 0 | R27: 71859 | S27: 13977 | T27: 0 | U27: 0 | V27: =SUM(T27:U27) -> 0 | W27: 0 | X27: 0 | Y27: =SUM(W27:X27) -> 0 | Z27: 0 | AA27: 0 | AB27: 0 | AC27: 0 | AD27: 0 | AE27: =AD27+AE26 -> 3407.44 | AG27: 0 | AH27: =AG27+AH26 -> 3407.37 | AI27: 0 | AK27: 0 | AL27: 264623 | AM27: =AL27-AL26 -> 2539 | AN27: 31304 | AO27: =AN27-AN26 -> 560 | AR27: no canning
B28: =B27+1 -> 44795 | C28: =TEXT(B28,"ddd") -> Mon | D28: 0.86 | E28: 0.74 | F28: 0.77 | G28: 19789.5 | H28: 0.556 | J28: 0 | K28: 1732028 | L28: 8223 | P28: 3331 | Q28: 0 | R28: 79045 | S28: 7186 | T28: 0 | U28: 0 | V28: =SUM(T28:U28) -> 0 | W28: 0 | X28: 9870 | Y28: =SUM(W28:X28) -> 9870 | Z28: 0 | AA28: 0 | AB28: 0 | AC28: 17.51 | AD28: 0 | AE28: =AD28+AE27 -> 3407.44 | AG28: 0 | AH28: =AG28+AH27 -> 3407.37 | AI28: 0 | AK28: 0 | AL28: 267483 | AM28: =AL28-AL27 -> 2860 | AN28: 31769 | AO28: =AN28-AN27 -> 465 | AR28: no canning
B29: =B28+1 -> 44796 | C29: =TEXT(B29,"ddd") -> Tue | D29: 1 | E29: 0.69 | F29: 0.55 | G29: 18704 | H29: 0.558 | J29: 0 | K29: 1751949 | L29: 19921 | P29: 3331 | Q29: 0 | R29: 79045 | S29: 0 | T29: 0 | U29: 0 | V29: =SUM(T29:U29) -> 0 | W29: 0 | X29: 19967 | Y29: =SUM(W29:X29) -> 19967 | Z29: 0 | AA29: 0 | AB29: 0 | AC29: 23.62 | AD29: 320.81 | AE29: =AD29+AE28 -> 3728.25 | AF29: 15.79 | AG29: 320.81 | AH29: =AG29+AH28 -> 3728.18 | AI29: 320.81 | AK29: 320.81 | AL29: 269737 | AM29: =AL29-AL28 -> 2254 | AN29: 31969 | AO29: =AN29-AN28 -> 200 | AR29: 2
B30: =B29+1 -> 44797 | C30: =TEXT(B30,"ddd") -> Wed | D30: 0.7 | E30: 0.53 | F30: 0.72 | G30: 16282.5 | H30: 0.562 | J30: 0 | K30: 1777475 | L30: 25526 | P30: 3331 | Q30: 0 | R30: 79045 | S30: 0 | T30: 0 | U30: 0 | V30: =SUM(T30:U30) -> 0 | W30: 0 | X30: 25465 | Y30: =SUM(W30:X30) -> 25465 | Z30: 0 | AA30: 0 | AB30: 0 | AC30: 23.67 | AD30: 280.72 | AE30: =AD30+AE29 -> 4008.97 | AF30: 15.01 | AG30: 265.27 | AH30: =AG30+AH29 -> 3993.45 | AI30: 265.27 | AK30: 265.27 | AL30: 272077 | AM30: =AL30-AL29 -> 2340 | AN30: 32119 | AO30: =AN30-AN29 -> 150 | AR30: 2
B31: =B30+1 -> 44798 | C31: =TEXT(B31,"ddd") -> Thu | D31: 0.56 | E31: 0.75 | F31: 0.58 | G31: 15781.5 | H31: 0.568 | J31: 0 | K31: 1799575 | L31: 22100 | P31: 3331 | Q31: 0 | R31: 79045 | S31: 0 | T31: 0 | U31: 0 | V31: =SUM(T31:U31) -> 0 | W31: 0 | X31: 22100 | Y31: =SUM(W31:X31) -> 22100 | Z31: 0.81 | AA31: 0 | AB31: 0 | AC31: 23.47 | AD31: 320.18 | AE31: =AD31+AE30 -> 4329.15 | AF31: 15.91 | AG31: 320.18 | AH31: =AG31+AH30 -> 4313.63 | AI31: 320.18 | AK31: 320.18 | AL31: 275427 | AM31: =AL31-AL30 -> 3350 | AN31: 32319 | AO31: =AN31-AN30 -> 200 | AR31: 2
B32: =B31+1 -> 44799 | C32: =TEXT(B32,"ddd") -> Fri | D32: 0.76 | E32: 0.59 | F32: 0.75 | G32: 17535 | H32: 0.568 | J32: 0 | K32: 1825017 | L32: 25442 | P32: 3331 | Q32: 0 | R32: 79045 | S32: 0 | T32: 0 | U32: 0 | V32: =SUM(T32:U32) -> 0 | W32: 0 | X32: 25442 | Y32: =SUM(W32:X32) -> 25442 | Z32: 0 | AA32: 0 | AB32: 0 | AC32: 24.08 | AD32: 342.45 | AE32: =AD32+AE31 -> 4671.6 | AF32: 16.1 | AG32: 342.45 | AH32: =AG32+AH31 -> 4656.08 | AI32: 342.45 | AJ32: 6.61 | AK32: 349.06 | AL32: 278227 | AM32: =AL32-AL31 -> 2800 | AN32: 32599 | AO32: =AN32-AN31 -> 280 | AR32: 2
B33: =B32+1 -> 44800 | C33: =TEXT(B33,"ddd") -> Sat | D33: 0.18 | E33: 0.15 | F33: 0.13 | G33: 3841 | H33: 0.572 | J33: 0 | K33: 1859913 | L33: 34896 | P33: 3331 | Q33: 0 | R33: 79045 | S33: 0 | T33: 0 | U33: 0 | V33: =SUM(T33:U33) -> 0 | W33: 0 | X33: 34914 | Y33: =SUM(W33:X33) -> 34914 | Z33: 0 | AA33: 0 | AB33: 0 | AC33: 23.84 | AD33: 305.07 | AE33: =AD33+AE32 -> 4976.67 | AF33: 15.54 | AG33: 250.81 | AH33: =AG33+AH32 -> 4906.89 | AI33: 250.81 | AK33: 250.81 | AL33: 281492 | AM33: =AL33-AL32 -> 3265 | AN33: 32949 | AO33: =AN33-AN32 -> 350 | AR33: 1
B34: =B33+1 -> 44801 | C34: =TEXT(B34,"ddd") -> Sun | D34: 0.83 | E34: 0.63 | F34: 0.86 | G34: 19372 | H34: 0.557 | J34: 0 | K34: 1859913 | L34: 0 | M34: 0.95555556 | N34: 0.175 | O34: 3344 | P34: 3331 | Q34: 0 | R34: 79126 | S34: 81 | T34: 0 | U34: 0 | V34: =SUM(T34:U34) -> 0 | W34: 0 | X34: 8114 | Y34: =SUM(W34:X34) -> 8114 | Z34: 0 | AA34: 0 | AB34: 0 | AC34: 8.62 | AD34: 0 | AE34: =AD34+AE33 -> 4976.67 | AG34: 0 | AH34: =AG34+AH33 -> 4906.89 | AI34: 0 | AK34: 0 | AL34: 284731 | AM34: =AL34-AL33 -> 3239 | AN34: 33200 | AO34: =AN34-AN33 -> 251 | AR34: no canning
B35: =B34+1 -> 44802 | C35: =TEXT(B35,"ddd") -> Mon | D35: 0.96 | E35: 0.96 | F35: 0.9 | G35: 23547 | H35: 0.564 | J35: 0 | K35: 1859913 | L35: 0 | M35: 0.56597222 | N35: 0.96805556 | O35: 7728 | P35: 3331 | Q35: 0 | R35: 79126 | S35: 0 | T35: 0 | U35: 0 | V35: =SUM(T35:U35) -> 0 | W35: 0 | X35: 0 | Y35: =SUM(W35:X35) -> 0 | Z35: 0 | AA35: 0 | AB35: 0 | AC35: 0 | AD35: 0 | AE35: =AD35+AE34 -> 4976.67 | AG35: 0 | AH35: =AG35+AH34 -> 4906.89 | AI35: 0 | AK35: 0 | AL35: 287748 | AM35: =AL35-AL34 -> 3017 | AN35: 33511 | AO35: =AN35-AN34 -> 311 | AR35: no canning
B36: =B35+1 -> 44803 | C36: =TEXT(B36,"ddd") -> Tue | D36: 0.81 | E36: 0.66 | F36: 0.68 | G36: 17952.5 | H36: 0.575 | J36: 0 | K36: 1891049 | L36: 31136 | M36: 0.068055556 | N36: 0.09375 | O36: 794 | P36: 3331 | Q36: 0 | R36: 79126 | S36: 0 | T36: 0 | U36: 0 | V36: =SUM(T36:U36) -> 0 | W36: 0 | X36: 23004 | Y36: =SUM(W36:X36) -> 23004 | Z36: 0 | AA36: 0 | AB36: 0 | AC36: 23.4 | AD36: 268.44 | AE36: =AD36+AE35 -> 5245.11 | AF36: 15.13 | AG36: 268.44 | AH36: =AG36+AH35 -> 5175.33 | AI36: 268.44 | AJ36: 10.762 | AK36: 279.202 | AL36: 290618 | AM36: =AL36-AL35 -> 2870 | AN36: 33661 | AO36: =AN36-AN35 -> 150 | AR36: 2
B37: =B36+1 -> 44804 | C37: =TEXT(B37,"ddd") -> Wed | D37: 0.62 | E37: 0.68 | F37: 0.74 | G37: 17034 | H37: 0.575 | K37: 1914577 | L37: 23528 | P37: 3331 | Q37: 0 | R37: 79126 | S37: 0 | V37: =SUM(T37:U37) -> 0 | X37: 23528 | Y37: =SUM(W37:X37) -> 23528 | Z37: 0 | AA37: 0 | AB37: 0 | AC37: 22.04 | AD37: 254.1 | AE37: =AD37+AE36 -> 5499.21 | AF37: 14.3 | AG37: 254.1 | AI37: 254.1 | AJ37: 11.056 | AK37: 265.156 | AL37: 293338 | AM37: =AL37-AL36 -> 2720 | AN37: 33861 | AO37: =AN37-AN36 -> 200 | AR37: 2
B38: Total/Average | D38: =AVERAGE(D7:D36) -> 0.64566667 | E38: =AVERAGE(E7:E36) -> 0.51466667 | F38: =AVERAGE(F7:F36) -> 0.47466667 | G38: =SUM(G7:G37) -> 426601.5 | H38: =AVERAGE(H7:H36) -> 0.56366667 | J38: =SUMIFS(J7:J36,J7:J36,">0") -> 0 | K38: =MAX(K7:K37) -> 1914577 | L38: =SUMIFS(L7:L37,L7:L37,">0") -> 547332 | O38: =SUM(O7:O36) -> 11866 | Q38: =SUMIFS(Q7:Q36,Q7:Q36,">0") -> 0 | S38: =SUMIFS(S7:S36,S7:S36,">0") -> 75752 | T38: =SUM(T7:T37) -> 45233 | U38: =SUM(U7:U37) -> 8954 | V38: =SUM(V7:V37) -> 54187 | Y38: =SUM(Y7:Y37) -> 547332 | Z38: =SUM(Z7:Z37) -> 78.55 | AA38: =SUM(AA7:AA37) -> 12.88 | AB38: =SUM(AB7:AB37) -> 0 | AC38: =SUM(AC7:AC37) -> 540.42 | AD38: =SUM(AD7:AD37) -> 5499.21 | AF38: =AVERAGE(AF7:AF37) -> 15.080526 | AG38: =SUM(AG7:AG37) -> 5429.43 | AI38: 5429.43 | AJ38: 28.428 | AK38: 5457.858 | AM38: =SUM(AM7:AM37) -> 80590 | AO38: =SUM(AO7:AO37) -> 10714

Sheet Sheet1

Sheet Sep2022
B2: Note: Recording should be done 1st hour of the day
B3: DAILY BIOGAS USAGE MONITORING | AD3: SBVC RECORD | AG3: DPO RECORD (Lowela) | AI3: JANETTE'S RECORD | AL3: Biogas Operation Utility Consumption | AW3: Remarks/ Shifts
B4: Date | C4: Day | D4: Gas Storage (%) | H4: Quality | M4: Gas Flare | P4: Gas Engine 1 Power Meter (kWh) | R4: Gas Engine 2 Power Meter (kWh) | T4: 0 | W4: Biogas Fuel Consumption | Z4: Ope. Hrs w/ Diesel | AB4: Ope. Hrs w/ Biogas | AD4: Waste Hauling Operation | AG4: Waste Hauling Operation | AI4: Waste Hauling Operation
D5: F1 | E5: F2 | F5: F3 | G5: Total | H5: Methane Content | I5: Thermax 1 Consumption | K5: Thermax 2 Consumption | M5: Time | O5: Total Volume | T5: Thermax 1 | U5: Thermax 2 | V5: Total | W5: Thermax 1 | X5: Thermax 2 | Y5: Total | Z5: Thermax 1 | AA5: Thermax 2 | AB5: Thermax 1 | AC5: Thermax 2 | AD5: Actual Waste Delivered (MT) | AF5: DS | AG5: Actual Waste Delivered (MT) | AI5: Cannery Waste to Biogas, MT | AJ5: Other Fruit Waste to Biogas, MT | AK5: Total Waste to Biogas, MT | AL5: Electricity @ Biogas plant, kWhr | AN5: Electricity @ DPO cannery (Blower) , kWhr | AP5: Water, m3 | AR5: Gas Engine 1 Power Meter (kWh) | AT5: Gas Engine 2 Power Meter (kWh) | AV5: Gas Engine 1+2 power (kWh)
D6: 8350 | E6: 8350 | F6: 8350 | G6: =D6+E6+F6 -> 25050 | H6: 55% Min | I6: Consumption | J6: Totalizer | K6: Consumption | L6: Output | M6: Start | N6: End | O6: Nm³ | P6: Totalizer | Q6: Output | R6: Totalizer | S6: Output | T6: Li. | U6: Li. | V6: Li. | Z6: Hrs | AA6: Hrs | AB6: Hrs | AC6: Hrs | AD6: Delivery | AE6: Cummulative | AF6: % | AG6: Delivery | AH6: Cummulative | AL6: Totalizer | AM6: Consumed | AN6: Totalizer | AO6: Consumed | AP6: Totalizer | AQ6: Consumed | AR6: Totalizer | AS6: Output | AT6: Totalizer | AU6: Output | AV6: Consumption
B7: 44805 | C7: =TEXT(B7,"ddd") -> Thu | D7: 0.61 | E7: 0.57 | F7: 0.6 | G7: 14863 | H7: 0.567 | K7: 1937749 | L7: 23172 | P7: 3887 | Q7: 556 | R7: 79126 | T7: 0 | U7: 0 | V7: =SUM(T7:U7) -> 0 | W7: 0 | X7: 23172 | Y7: =SUM(W7:X7) -> 23172 | Z7: 0 | AA7: 0 | AB7: 0 | AC7: 22.71 | AD7: 249.28 | AE7: =AD7 -> 249.28 | AF7: 14.39 | AG7: 227.01 | AH7: =AG7 -> 227.01 | AI7: 227.01 | AJ7: 9.876 | AK7: 236.886 | AL7: 296214 | AM7: 2876 | AN7: 34017 | AO7: =AN7-'Aug2022'!AN37 -> 156 | AR7: 3887 | AS7: 556 | AT7: 79126 | AV7: =AS7+AU7 -> 556 | AW7: 2
B8: =B7+1 -> 44806 | C8: =TEXT(B8,"ddd") -> Fri | D8: 0.17 | E8: 0.18 | F8: 0.22 | G8: 4759.5 | H8: 0.559 | K8: 1967915 | L8: 30166 | O8: 0 | P8: 3887 | Q8: =P8-P7 -> 0 | R8: 79126 | S8: =R8-R7 -> 0 | T8: 0 | U8: 0 | V8: =SUM(T8:U8) -> 0 | W8: 0 | X8: 30166 | Y8: =SUM(W8:X8) -> 30166 | Z8: 0 | AA8: 0 | AB8: 0 | AC8: 24.07 | AD8: 215.98 | AE8: =AD8+AE7 -> 465.26 | AF8: 15.54 | AG8: 216.16 | AH8: =AG8+AH7 -> 443.17 | AI8: 216.16 | AK8: 216.16 | AL8: 298964 | AM8: =AL8-AL7 -> 2750 | AN8: 34223 | AO8: =AN8-AN7 -> 206 | AR8: 3887 | AS8: =AR8-AR7 -> 0 | AT8: 79126 | AU8: =AT8-AT7 -> 0 | AV8: =AS8+AU8 -> 0 | AW8: 2
B9: =B8+1 -> 44807 | C9: =TEXT(B9,"ddd") -> Sat | D9: 0.98 | E9: 0.53 | F9: 0.73 | G9: 18704 | H9: 0.557 | K9: 1976344 | L9: 8429 | O9: 0 | P9: 3887 | Q9: =P9-P8 -> 0 | R9: 84544 | S9: =R9-R8 -> 5418 | T9: 0 | U9: 0 | V9: =SUM(T9:U9) -> 0 | W9: 0 | X9: 8429 | Y9: =SUM(W9:X9) -> 8429 | Z9: 0 | AA9: 0 | AB9: 0 | AC9: 12.03 | AD9: 0 | AE9: =AD9+AE8 -> 465.26 | AG9: 0 | AH9: =AG9+AH8 -> 443.17 | AI9: - | AK9: 0 | AL9: 302450 | AM9: =AL9-AL8 -> 3486 | AN9: 34531 | AO9: =AN9-AN8 -> 308 | AR9: 3887 | AS9: =AR9-AR8 -> 0 | AT9: 84544 | AU9: =AT9-AT8 -> 5418 | AV9: =AS9+AU9 -> 5418 | AW9: DPO under mini shutdown
B10: =B9+1 -> 44808 | C10: =TEXT(B10,"ddd") -> Sun | D10: 0.82 | E10: 0.91 | F10: 0.82 | G10: 21292.5 | H10: 0.557 | K10: 1977204 | L10: 860 | O10: 0 | P10: 15680 | Q10: =P10-P9 -> 11793 | R10: 84566 | S10: =R10-R9 -> 22 | T10: 0 | U10: 0 | V10: =SUM(T10:U10) -> 0 | W10: 0 | X10: 0 | Y10: =SUM(W10:X10) -> 0 | Z10: 0 | AA10: 0 | AB10: 0 | AC10: 0 | AD10: 0 | AE10: =AD10+AE9 -> 465.26 | AG10: 0 | AH10: =AG10+AH9 -> 443.17 | AI10: - | AK10: 0 | AL10: 305165 | AM10: =AL10-AL9 -> 2715 | AN10: 34981 | AO10: =AN10-AN9 -> 450 | AR10: 15680 | AS10: =AR10-AR9 -> 11793 | AT10: 84566 | AU10: =AT10-AT9 -> 22 | AV10: =AS10+AU10 -> 11815 | AW10: DPO under mini shutdown
B11: =B10+1 -> 44809 | C11: =TEXT(B11,"ddd") -> Mon | D11: 0.6 | E11: 0.6 | F11: 0.62 | G11: 15197 | H11: 0.558 | K11: 1979519 | L11: 2315 | O11: 0 | P11: 43322 | Q11: =P11-P10 -> 27642 | R11: 84566 | S11: =R11-R10 -> 0 | T11: 0 | U11: 0 | V11: =SUM(T11:U11) -> 0 | W11: 0 | X11: 0 | Y11: =SUM(W11:X11) -> 0 | Z11: 0 | AA11: 0 | AB11: 0 | AC11: 0 | AD11: 0 | AE11: =AD11+AE10 -> 465.26 | AG11: 0 | AH11: =AG11+AH10 -> 443.17 | AI11: - | AK11: 0 | AL11: 308041 | AM11: =AL11-AL10 -> 2876 | AN11: 35465 | AO11: =AN11-AN10 -> 484 | AR11: 43322 | AS11: =AR11-AR10 -> 27642 | AT11: 84566 | AU11: =AT11-AT10 -> 0 | AV11: =AS11+AU11 -> 27642 | AW11: DPO under mini shutdown
B12: =B11+1 -> 44810 | C12: =TEXT(B12,"ddd") -> Tue | D12: 0.63 | E12: 0.52 | F12: 0.81 | G12: 16366 | H12: 0.557 | K12: 1989896 | L12: 10377 | O12: 0 | P12: 52936 | Q12: =P12-P11 -> 9614 | R12: 84566 | S12: =R12-R11 -> 0 | T12: 0 | U12: 0 | V12: =SUM(T12:U12) -> 0 | W12: 0 | X12: 13552 | Y12: =SUM(W12:X12) -> 13552 | Z12: 0 | AA12: 0 | AB12: 0 | AC12: 20.79 | AD12: 0 | AE12: =AD12+AE11 -> 465.26 | AG12: 0 | AH12: =AG12+AH11 -> 443.17 | AI12: - | AK12: 0 | AL12: 310830 | AM12: =AL12-AL11 -> 2789 | AN12: 35885 | AO12: =AN12-AN11 -> 420 | AR12: 52936 | AS12: =AR12-AR11 -> 9614 | AT12: 84566 | AU12: =AT12-AT11 -> 0 | AV12: =AS12+AU12 -> 9614 | AW12: DPO under mini shutdown
B13: =B12+1 -> 44811 | C13: =TEXT(B13,"ddd") -> Wed | D13: 0.64 | E13: 0.57 | F13: 0.58 | G13: 14946.5 | H13: 0.564 | K13: 2005342 | L13: 15446 | O13: 0 | P13: 52936 | Q13: =P13-P12 -> 0 | R13: 84566 | S13: =R13-R12 -> 0 | T13: 0 | U13: 0 | V13: =SUM(T13:U13) -> 0 | W13: 0 | X13: 15446 | Y13: =SUM(W13:X13) -> 15446 | Z13: 0 | AA13: 0 | AB13: 0 | AC13: 22.33 | AD13: 242.21 | AE13: =AD13+AE12 -> 707.47 | AF13: 15.89 | AG13: 242.21 | AH13: =AG13+AH12 -> 685.38 | AI13: 242.21 | AK13: 242.21 | AL13: 313530 | AM13: =AL13-AL12 -> 2700 | AN13: 36565 | AO13: =AN13-AN12 -> 680 | AR13: 52936 | AS13: =AR13-AR12 -> 0 | AT13: 84566 | AU13: =AT13-AT12 -> 0 | AV13: =AS13+AU13 -> 0 | AW13: 2
B14: =B13+1 -> 44812 | C14: =TEXT(B14,"ddd") -> Thu | D14: 0.74 | E14: 0.74 | F14: 0.6 | G14: 17368 | H14: 0.568 | K14: 2021783 | L14: 16441 | O14: 0 | P14: 52936 | Q14: =P14-P13 -> 0 | R14: 84566 | S14: =R14-R13 -> 0 | T14: 0 | U14: 0 | V14: =SUM(T14:U14) -> 0 | W14: 0 | X14: 16441 | Y14: =SUM(W14:X14) -> 16441 | Z14: 0 | AA14: 0 | AB14: 0 | AC14: 24.96 | AD14: 333.39 | AE14: =AD14+AE13 -> 1040.86 | AF14: 16.24 | AG14: 333.39 | AH14: =AG14+AH13 -> 1018.77 | AI14: 333.39 | AK14: 333.39 | AL14: 316558 | AM14: =AL14-AL13 -> 3028 | AN14: 37015 | AO14: =AN14-AN13 -> 450 | AR14: 52936 | AS14: =AR14-AR13 -> 0 | AT14: 84566 | AU14: =AT14-AT13 -> 0 | AV14: =AS14+AU14 -> 0 | AW14: 2
B15: =B14+1 -> 44813 | C15: =TEXT(B15,"ddd") -> Fri | D15: 0.74 | E15: 0.62 | F15: 0.62 | G15: 16533 | H15: 0.572 | K15: 2044054 | L15: 22271 | O15: 0 | P15: 52936 | Q15: =P15-P14 -> 0 | R15: 84566 | S15: =R15-R14 -> 0 | T15: 0 | U15: 0 | V15: =SUM(T15:U15) -> 0 | W15: 0 | X15: 22271 | Y15: =SUM(W15:X15) -> 22271 | Z15: 0 | AA15: 0 | AB15: 0 | AC15: 24.17 | AD15: 320.46 | AE15: =AD15+AE14 -> 1361.32 | AF15: 14.7 | AG15: 322.47 | AH15: =AG15+AH14 -> 1341.24 | AI15: 322.47 | AK15: 322.47 | AL15: 319455 | AM15: =AL15-AL14 -> 2897 | AN15: 37605 | AO15: =AN15-AN14 -> 590 | AR15: 52936 | AS15: =AR15-AR14 -> 0 | AT15: 84566 | AU15: =AT15-AT14 -> 0 | AV15: =AS15+AU15 -> 0 | AW15: 2
B16: =B15+1 -> 44814 | C16: =TEXT(B16,"ddd") -> Sat | D16: 0.37 | E16: 0.31 | F16: 0.28 | G16: 8016 | H16: 0.572 | K16: 2069802 | L16: 25748 | O16: 0 | P16: 52936 | Q16: =P16-P15 -> 0 | R16: 84566 | S16: =R16-R15 -> 0 | T16: 0 | U16: 0 | V16: =SUM(T16:U16) -> 0 | W16: 0 | X16: 25748 | Y16: =SUM(W16:X16) -> 25748 | Z16: 0 | AA16: 0 | AB16: 0 | AC16: 23.91 | AD16: 262.11 | AE16: =AD16+AE15 -> 1623.43 | AF16: 15.82 | AG16: 262.13 | AH16: =AG16+AH15 -> 1603.37 | AI16: 262.13 | AK16: 262.13 | AL16: 322255 | AM16: =AL16-AL15 -> 2800 | AN16: 38319 | AO16: =AN16-AN15 -> 714 | AR16: 52936 | AS16: =AR16-AR15 -> 0 | AT16: 84566 | AU16: =AT16-AT15 -> 0 | AV16: =AS16+AU16 -> 0 | AW16: 2
B17: =B16+1 -> 44815 | C17: =TEXT(B17,"ddd") -> Sun | D17: 0.47 | E17: 0.35 | F17: 0.38 | G17: 10020 | H17: 0.567 | K17: 2073753 | L17: 3951 | O17: 0 | P17: 73031 | Q17: =P17-P16 -> 20095 | R17: 84566 | S17: =R17-R16 -> 0 | T17: 0 | U17: 0 | V17: =SUM(T17:U17) -> 0 | W17: 0 | X17: 2954 | Y17: =SUM(W17:X17) -> 2954 | Z17: 0 | AA17: 0 | AB17: 0 | AC17: 4.21 | AD17: 0 | AE17: =AD17+AE16 -> 1623.43 | AG17: 0 | AH17: =AG17+AH16 -> 1603.37 | AI17: - | AK17: 0 | AL17: 325105 | AM17: =AL17-AL16 -> 2850 | AN17: 39099 | AO17: =AN17-AN16 -> 780 | AR17: 73031 | AS17: =AR17-AR16 -> 20095 | AT17: 84566 | AU17: =AT17-AT16 -> 0 | AV17: =AS17+AU17 -> 20095 | AW17: no canning
B18: =B17+1 -> 44816 | C18: =TEXT(B18,"ddd") -> Mon | D18: 0.86 | E18: 0.44 | F18: 0.77 | G18: 17284.5 | H18: 0.564 | K18: 2080554 | L18: 6801 | O18: 0 | P18: 80272 | Q18: =P18-P17 -> 7241 | R18: 84566 | S18: =R18-R17 -> 0 | T18: 0 | U18: 0 | V18: =SUM(T18:U18) -> 0 | W18: 0 | X18: 7798 | Y18: =SUM(W18:X18) -> 7798 | Z18: 0 | AA18: 0 | AB18: 0 | AC18: 14.88 | AD18: 0 | AE18: =AD18+AE17 -> 1623.43 | AG18: 0 | AH18: =AG18+AH17 -> 1603.37 | AI18: - | AK18: 0 | AL18: 326802 | AM18: =AL18-AL17 -> 1697 | AN18: 39736 | AO18: =AN18-AN17 -> 637 | AR18: 80272 | AS18: =AR18-AR17 -> 7241 | AT18: 84566 | AU18: =AT18-AT17 -> 0 | AV18: =AS18+AU18 -> 7241 | AW18: no canning
B19: =B18+1 -> 44817 | C19: =TEXT(B19,"ddd") -> Tue | D19: 0.76 | E19: 0.6 | F19: 0.6 | G19: 16366 | H19: 0.572 | J19: =I19-I18 -> 0 | K19: 2096404 | L19: 15850 | P19: 80272 | Q19: =P19-P18 -> 0 | R19: 84566 | S19: =R19-R18 -> 0 | T19: 0 | U19: 0 | V19: =SUM(T19:U19) -> 0 | W19: 0 | X19: 15850 | Y19: =SUM(W19:X19) -> 15850 | Z19: m | AA19: 0 | AB19: 0 | AC19: 19.85 | AD19: 267.78 | AE19: =AD19+AE18 -> 1891.21 | AF19: 15.98 | AG19: 267.78 | AH19: =AG19+AH18 -> 1871.15 | AI19: 267.78 | AK19: 267.78 | AL19: 328077 | AM19: =AL19-AL18 -> 1275 | AN19: 40236 | AO19: =AN19-AN18 -> 500 | AR19: 80272 | AS19: =AR19-AR18 -> 0 | AT19: 84566 | AU19: =AT19-AT18 -> 0 | AV19: =AS19+AU19 -> 0 | AW19: 2
B20: =B19+1 -> 44818 | C20: =TEXT(B20,"ddd") -> Wed | D20: 0.83 | E20: 0.58 | F20: 0.54 | G20: 16282.5 | H20: 0.574 | J20: =I20-I19 -> 0 | K20: 2117050 | L20: 20646 | P20: 80272 | Q20: =P20-P19 -> 0 | R20: 84566 | S20: =R20-R19 -> 0 | T20: 0 | U20: 0 | V20: =SUM(T20:U20) -> 0 | W20: 0 | X20: 20646 | Y20: =SUM(W20:X20) -> 20646 | Z20: 0 | AA20: 0 | AB20: 0 | AC20: 23.36 | AD20: 232.63 | AE20: =AD20+AE19 -> 2123.84 | AF20: 16.22 | AG20: 232.63 | AH20: =AG20+AH19 -> 2103.78 | AI20: 232.63 | AK20: 232.63 | AL20: 330676 | AM20: =AL20-AL19 -> 2599 | AN20: 41016 | AO20: =AN20-AN19 -> 780 | AR20: 80272 | AS20: =AR20-AR19 -> 0 | AT20: 84566 | AU20: =AT20-AT19 -> 0 | AV20: =AS20+AU20 -> 0 | AW20: 2
B21: =B20+1 -> 44819 | C21: =TEXT(B21,"ddd") -> Thu | D21: 0.77 | E21: 0.64 | F21: 0.54 | G21: 16282.5 | H21: 0.572 | J21: =I21-I20 -> 0 | K21: 2139081 | L21: 22031 | P21: 85800 | Q21: =P21-P20 -> 5528 | R21: 84566 | S21: =R21-R20 -> 0 | T21: 0 | U21: 0 | V21: =SUM(T21:U21) -> 0 | W21: 0 | X21: 22031 | Y21: =SUM(W21:X21) -> 22031 | Z21: 0 | AA21: 0 | AB21: 0 | AC21: 23.94 | AD21: 236.12 | AE21: =AD21+AE20 -> 2359.96 | AF21: 15.38 | AG21: 236.12 | AH21: =AG21+AH20 -> 2339.9 | AI21: 236.12 | AK21: 236.12 | AL21: 333408 | AM21: =AL21-AL20 -> 2732 | AN21: 41762 | AO21: =AN21-AN20 -> 746 | AR21: 85800 | AS21: =AR21-AR20 -> 5528 | AT21: 84566 | AU21: =AT21-AT20 -> 0 | AV21: =AS21+AU21 -> 5528 | AW21: 2
B22: =B21+1 -> 44820 | C22: =TEXT(B22,"ddd") -> Fri | D22: 0.74 | E22: 0.65 | F22: 0.6 | G22: 16616.5 | H22: 0.568 | J22: =I22-I21 -> 0 | K22: 2163807 | L22: 24726 | P22: 85800 | Q22: =P22-P21 -> 0 | R22: 84566 | S22: =R22-R21 -> 0 | T22: 0 | U22: 0 | V22: =SUM(T22:U22) -> 0 | W22: 0 | X22: 24726 | Y22: =SUM(W22:X22) -> 24726 | Z22: 0 | AA22: 0 | AB22: 0 | AC22: 24.11 | AD22: 296.8 | AE22: =AD22+AE21 -> 2656.76 | AF22: 15.71 | AG22: 296.8 | AH22: =AG22+AH21 -> 2636.7 | AI22: 296.8 | AK22: 296.8 | AL22: 336118 | AM22: =AL22-AL21 -> 2710 | AN22: 42680 | AO22: =AN22-AN21 -> 918 | AR22: 85800 | AS22: =AR22-AR21 -> 0 | AT22: 84566 | AU22: =AT22-AT21 -> 0 | AV22: =AS22+AU22 -> 0 | AW22: 2
B23: =B22+1 -> 44821 | C23: =TEXT(B23,"ddd") -> Sat | D23: 0.13 | E23: 0.15 | F23: 0.25 | G23: 4425.5 | H23: 0.568 | J23: =I23-I22 -> 0 | K23: 2196785 | L23: 32978 | P23: 85800 | Q23: =P23-P22 -> 0 | R23: 84566 | S23: =R23-R22 -> 0 | T23: 0 | U23: 0 | V23: =SUM(T23:U23) -> 0 | W23: 0 | X23: 32978 | Y23: =SUM(W23:X23) -> 32978 | Z23: 0 | AA23: 0 | AB23: 0 | AC23: 24 | AD23: 249.99 | AE23: =AD23+AE22 -> 2906.75 | AF23: 16.08 | AG23: 249.99 | AH23: =AG23+AH22 -> 2886.69 | AI23: 249.99 | AK23: 249.99 | AL23: 338860 | AM23: =AL23-AL22 -> 2742 | AN23: 43533 | AO23: =AN23-AN22 -> 853 | AR23: 85800 | AS23: =AR23-AR22 -> 0 | AT23: 84566 | AU23: =AT23-AT22 -> 0 | AV23: =AS23+AU23 -> 0 | AW23: 2
B24: =B23+1 -> 44822 | C24: =TEXT(B24,"ddd") -> Sun | D24: 0.76 | E24: 0.47 | F24: 0.74 | G24: 16449.5 | H24: 0.562 | J24: =I24-I23 -> 0 | K24: 2204099 | L24: 7314 | P24: 85800 | Q24: =P24-P23 -> 0 | R24: 88261 | S24: =R24-R23 -> 3695 | T24: 0 | U24: 0 | V24: =SUM(T24:U24) -> 0 | W24: 0 | X24: 7314 | Y24: =SUM(W24:X24) -> 7314 | Z24: 0 | AA24: 0 | AB24: 0 | AC24: 7.27 | AD24: 0 | AE24: =AD24+AE23 -> 2906.75 | AG24: 0 | AH24: =AG24+AH23 -> 2886.69 | AI24: 0 | AK24: 0 | AL24: 341560 | AM24: =AL24-AL23 -> 2700 | AN24: 44427 | AO24: =AN24-AN23 -> 894 | AR24: 85800 | AS24: =AR24-AR23 -> 0 | AT24: 88261 | AU24: =AT24-AT23 -> 3695 | AV24: =AS24+AU24 -> 3695 | AW24: no canning
B25: =B24+1 -> 44823 | C25: =TEXT(B25,"ddd") -> Mon | D25: 0.77 | E25: 0.82 | F25: 0.72 | G25: 19288.5 | H25: 0.563 | J25: =I25-I24 -> 0 | K25: 2204099 | L25: 0 | P25: 85800 | Q25: =P25-P24 -> 0 | R25: 88261 | S25: =R25-R24 -> 0 | T25: 0 | U25: 0 | V25: =SUM(T25:U25) -> 0 | W25: 0 | X25: 0 | Y25: =SUM(W25:X25) -> 0 | Z25: 0 | AA25: 0 | AB25: 0 | AC25: 0 | AE25: =AD25+AE24 -> 2906.75 | AG25: 0 | AH25: =AG25+AH24 -> 2886.69 | AI25: 0 | AK25: 0 | AL25: 344281 | AM25: =AL25-AL24 -> 2721 | AN25: 45399 | AO25: =AN25-AN24 -> 972 | AR25: 85800 | AS25: =AR25-AR24 -> 0 | AT25: 88261 | AU25: =AT25-AT24 -> 0 | AV25: =AS25+AU25 -> 0 | AW25: Biogas Plant under maintenance - no canning
B26: =B25+1 -> 44824 | C26: =TEXT(B26,"ddd") -> Tue | D26: 0.47 | E26: 0.39 | F26: 0.96 | G26: 15197 | H26: 0.557 | J26: =I26-I25 -> 0 | K26: 2208502 | L26: 4403 | P26: 85800 | Q26: =P26-P25 -> 0 | R26: 88261 | S26: =R26-R25 -> 0 | T26: 147 | U26: 0 | V26: =SUM(T26:U26) -> 147 | W26: 0 | X26: 4403 | Y26: =SUM(W26:X26) -> 4403 | Z26: 0 | AA26: 0 | AB26: 0 | AC26: 6.07 | AD26: 125.3 | AE26: =AD26+AE25 -> 3032.05 | AF26: 15.21 | AG26: 125.3 | AH26: =AG26+AH25 -> 3011.99 | AI26: 125.3 | AK26: 125.3 | AL26: 347681 | AM26: =AL26-AL25 -> 3400 | AN26: 46395 | AO26: =AN26-AN25 -> 996 | AR26: 85800 | AS26: =AR26-AR25 -> 0 | AT26: 88261 | AU26: =AT26-AT25 -> 0 | AV26: =AS26+AU26 -> 0 | AW26: 1 NS
B27: =B26+1 -> 44825 | C27: =TEXT(B27,"ddd") -> Wed | D27: 0.83 | E27: 0.47 | F27: 0.47 | G27: 14779.5 | H27: 0.557 | J27: =I27-I26 -> 0 | K27: 2223781 | L27: 15279 | P27: 85800 | Q27: =P27-P26 -> 0 | R27: 88261 | S27: =R27-R26 -> 0 | T27: 0 | U27: 0 | V27: =SUM(T27:U27) -> 0 | W27: 0 | X27: 15279 | Y27: =SUM(W27:X27) -> 15279 | Z27: 0 | AA27: 0 | AB27: 0 | AC27: 21.24 | AD27: 342.46 | AE27: =AD27+AE26 -> 3374.51 | AF27: 16.01 | AG27: 342.46 | AH27: =AG27+AH26 -> 3354.45 | AI27: 342.46 | AK27: 342.46 | AL27: 351167 | AM27: =AL27-AL26 -> 3486 | AN27: 47283 | AO27: =AN27-AN26 -> 888 | AR27: 85800 | AS27: =AR27-AR26 -> 0 | AT27: 88261 | AU27: =AT27-AT26 -> 0 | AV27: =AS27+AU27 -> 0 | AW27: 2
B28: =B27+1 -> 44826 | C28: =TEXT(B28,"ddd") -> Thu | D28: 0.79 | E28: 0.55 | F28: 0.56 | G28: 15865 | H28: 0.561 | J28: =I28-I27 -> 0 | K28: 2243881 | L28: 20100 | P28: 85800 | Q28: =P28-P27 -> 0 | R28: 88261 | S28: =R28-R27 -> 0 | T28: 0 | U28: 0 | V28: =SUM(T28:U28) -> 0 | W28: 0 | X28: 20100 | Y28: =SUM(W28:X28) -> 20100 | Z28: 0 | AA28: 0 | AB28: 0 | AC28: 24 | AD28: 313.87 | AE28: =AD28+AE27 -> 3688.38 | AF28: 15.65 | AG28: 313.87 | AH28: =AG28+AH27 -> 3668.32 | AI28: 313.87 | AK28: 313.87 | AL28: 354653 | AM28: =AL28-AL27 -> 3486 | AN28: 47788 | AO28: =AN28-AN27 -> 505 | AR28: 85800 | AS28: =AR28-AR27 -> 0 | AT28: 88261 | AU28: =AT28-AT27 -> 0 | AV28: =AS28+AU28 -> 0 | AW28: 2
B29: =B28+1 -> 44827 | C29: =TEXT(B29,"ddd") -> Fri | D29: 0.52 | E29: 0.44 | F29: 0.43 | G29: 11606.5 | H29: 0.563 | J29: =I29-I28 -> 0 | K29: 2268442 | L29: 24561 | P29: 85800 | Q29: =P29-P28 -> 0 | R29: 88261 | S29: =R29-R28 -> 0 | T29: 2850 | U29: 0 | V29: =SUM(T29:U29) -> 2850 | W29: 0 | X29: 24561 | Y29: =SUM(W29:X29) -> 24561 | Z29: 0 | AA29: 0 | AB29: 0 | AC29: 20.36 | AD29: 271.21 | AE29: =AD29+AE28 -> 3959.59 | AF29: 15.76 | AG29: 271.21 | AH29: =AG29+AH28 -> 3939.53 | AI29: 271.21 | AK29: 271.21 | AL29: 357627 | AM29: =AL29-AL28 -> 2974 | AN29: 48345 | AO29: =AN29-AN28 -> 557 | AR29: 85800 | AS29: =AR29-AR28 -> 0 | AT29: 88261 | AU29: =AT29-AT28 -> 0 | AV29: =AS29+AU29 -> 0 | AW29: 2
B30: =B29+1 -> 44828 | C30: =TEXT(B30,"ddd") -> Sat | D30: 0.3 | E30: 0.32 | F30: 0.37 | G30: 8266.5 | H30: 0.558 | J30: =I30-I29 -> 0 | K30: 2302603 | L30: 34161 | P30: 85800 | Q30: =P30-P29 -> 0 | R30: 88261 | S30: =R30-R29 -> 0 | T30: 0 | U30: 0 | V30: =SUM(T30:U30) -> 0 | W30: 0 | X30: 22821 | Y30: =SUM(W30:X30) -> 22821 | Z30: 0 | AA30: 0 | AB30: 0 | AC30: 23.85 | AD30: 315.25 | AE30: =AD30+AE29 -> 4274.84 | AF30: 16.65 | AG30: 315.25 | AH30: =AG30+AH29 -> 4254.78 | AI30: 315.25 | AK30: 315.25 | AL30: 361098 | AM30: =AL30-AL29 -> 3471 | AN30: 49038 | AO30: =AN30-AN29 -> 693 | AR30: 85800 | AS30: =AR30-AR29 -> 0 | AT30: 88261 | AU30: =AT30-AT29 -> 0 | AV30: =AS30+AU30 -> 0 | AW30: 2
B31: =B30+1 -> 44829 | C31: =TEXT(B31,"ddd") -> Sun | D31: 0.83 | E31: 0.32 | F31: 0.83 | G31: 16533 | H31: 0.554 | J31: =I31-I30 -> 0 | K31: 2303976 | L31: 1373 | P31: 85800 | Q31: =P31-P30 -> 0 | R31: 88304 | S31: =R31-R30 -> 43 | T31: 0 | U31: 0 | V31: =SUM(T31:U31) -> 0 | W31: 0 | X31: 11340 | Y31: =SUM(W31:X31) -> 11340 | Z31: 0 | AA31: 0 | AB31: 0 | AC31: 10.13 | AD31: 0 | AE31: =AD31+AE30 -> 4274.84 | AG31: 0 | AH31: =AG31+AH30 -> 4254.78 | AI31: 0 | AK31: 0 | AL31: 363063 | AM31: =AL31-AL30 -> 1965 | AN31: 49167 | AO31: =AN31-AN30 -> 129 | AR31: 85800 | AS31: =AR31-AR30 -> 0 | AT31: 88304 | AU31: =AT31-AT30 -> 43 | AV31: =AS31+AU31 -> 43 | AW31: no canning
B32: =B31+1 -> 44830 | C32: =TEXT(B32,"ddd") -> Mon | D32: 0.74 | E32: 0.61 | F32: 0.81 | G32: 18036 | H32: 0.555 | J32: =I32-I31 -> 0 | K32: 2315301 | L32: 11325 | P32: 85800 | Q32: =P32-P31 -> 0 | R32: 88400 | S32: =R32-R31 -> 96 | T32: 0 | U32: 0 | V32: =SUM(T32:U32) -> 0 | W32: 0 | X32: 13131 | Y32: =SUM(W32:X32) -> 13131 | Z32: 0 | AA32: 0 | AB32: 0 | AC32: 14.47 | AD32: 131.63 | AE32: =AD32+AE31 -> 4406.47 | AG32: 135.63 | AH32: =AG32+AH31 -> 4390.41 | AI32: 135.63 | AK32: 135.63 | AL32: 365370 | AM32: =AL32-AL31 -> 2307 | AN32: 49483 | AO32: =AN32-AN31 -> 316 | AR32: 85800 | AS32: =AR32-AR31 -> 0 | AT32: 88400 | AU32: =AT32-AT31 -> 96 | AW32: 1 NS
B33: =B32+1 -> 44831 | C33: =TEXT(B33,"ddd") -> Tue | D33: 0.82 | E33: 0.49 | F33: 0.88 | G33: 18286.5 | H33: 0.556 | J33: =I33-I32 -> 0 | K33: 2336405 | L33: 21104 | P33: 85800 | Q33: =P33-P32 -> 0 | R33: 88400 | S33: =R33-R32 -> 0 | T33: 0 | U33: 0 | V33: =SUM(T33:U33) -> 0 | W33: 0 | X33: 20671 | Y33: =SUM(W33:X33) -> 20671 | Z33: 0 | AA33: 0 | AB33: 0 | AC33: 23.52 | AD33: 284.14 | AE33: =AD33+AE32 -> 4690.61 | AF33: 14.44 | AG33: 284.14 | AH33: =AG33+AH32 -> 4674.55 | AI33: 284.14 | AJ33: 3.798 | AK33: 287.938 | AL33: 368738 | AM33: =AL33-AL32 -> 3368 | AN33: 50062 | AO33: =AN33-AN32 -> 579 | AR33: 85800 | AS33: =AR33-AR32 -> 0 | AT33: 88400 | AU33: =AT33-AT32 -> 0 | AW33: 2
B34: =B33+1 -> 44832 | C34: =TEXT(B34,"ddd") -> Wed | D34: 0.64 | E34: 0.74 | F34: 0.78 | G34: 18036 | H34: 0.555 | J34: =I34-I33 -> 0 | K34: 2359611 | L34: 23206 | P34: 85800 | Q34: =P34-P33 -> 0 | R34: 88400 | S34: =R34-R33 -> 0 | T34: 0 | U34: 0 | V34: =SUM(T34:U34) -> 0 | W34: 0 | X34: 23206 | Y34: =SUM(W34:X34) -> 23206 | Z34: 0 | AA34: 0 | AB34: 0 | AC34: 23.57 | AD34: 297.99 | AE34: =AD34+AE33 -> 4988.6 | AF34: 16.02 | AG34: 297.99 | AH34: =AG34+AH33 -> 4972.54 | AI34: 297.99 | AK34: 297.99 | AL34: 372212 | AM34: =AL34-AL33 -> 3474 | AN34: 50607 | AO34: =AN34-AN33 -> 545 | AR34: 85800 | AS34: =AR34-AR33 -> 0 | AT34: 88400 | AU34: =AT34-AT33 -> 0 | AV34: =AS34+AU34 -> 0 | AW34: 2
B35: =B34+1 -> 44833 | C35: =TEXT(B35,"ddd") -> Thu | D35: 0.62 | E35: 0.72 | F35: 0.66 | G35: 16700 | H35: 0.557 | J35: =I35-I34 -> 0 | K35: 2382636 | L35: 23025 | P35: 85800 | Q35: =P35-P34 -> 0 | R35: 88400 | S35: =R35-R34 -> 0 | T35: 0 | U35: 0 | V35: =SUM(T35:U35) -> 0 | W35: 0 | X35: 23025 | Y35: =SUM(W35:X35) -> 23025 | Z35: 0 | AA35: 0 | AB35: 0 | AC35: 23.88 | AD35: 277.55 | AE35: =AD35+AE34 -> 5266.15 | AF35: 16.82 | AG35: 277.55 | AH35: =AG35+AH34 -> 5250.09 | AI35: 277.55 | AK35: 277.55 | AL35: 375722 | AM35: =AL35-AL34 -> 3510 | AN35: 51240 | AO35: =AN35-AN34 -> 633 | AR35: 85800 | AS35: =AR35-AR34 -> 0 | AT35: 88400 | AU35: =AT35-AT34 -> 0 | AV35: =AS35+AU35 -> 0 | AW35: 2
B36: =B35+1 -> 44834 | C36: =TEXT(B36,"ddd") -> Fri | D36: 0.53 | E36: 0.68 | F36: 0.6 | G36: 15113.5 | H36: 0.557 | J36: =I36-I35 -> 0 | K36: 2407236 | L36: 24600 | P36: 85800 | Q36: =P36-P35 -> 0 | R36: 88400 | S36: =R36-R35 -> 0 | T36: 0 | U36: 0 | V36: =SUM(T36:U36) -> 0 | W36: 0 | X36: 24600 | Y36: =SUM(W36:X36) -> 24600 | Z36: 0 | AA36: 0 | AB36: 0 | AC36: 24.12 | AD36: 311.15 | AE36: =AD36+AE35 -> 5577.3 | AF36: 14.08 | AG36: 311.51 | AH36: =AG36+AH35 -> 5561.6 | AI36: 311.51 | AK36: 311.51 | AL36: 378904 | AM36: =AL36-AL35 -> 3182 | AN36: 51642 | AO36: =AN36-AN35 -> 402 | AR36: 85800 | AS36: =AR36-AR35 -> 0 | AT36: 88400 | AU36: =AT36-AT35 -> 0 | AV36: =AS36+AU36 -> 0 | AW36: 2
J37: =I37-I36 -> 0 | T37: 0 | U37: 0 | V37: =SUM(T37:U37) -> 0 | W37: 0 | Y37: =SUM(W37:X37) -> 0 | Z37: 0 | AA37: 0 | AB37: 0 | AK37: 0 | AW37: 2
B38: Total/Average | D38: =AVERAGE(D7:D37) -> 0.64933333 | F38: =AVERAGE(F7:F37) -> 0.61233333 | G38: =AVERAGE(G7:G37) -> 14982.683 | H38: =AVERAGE(H7:H37) -> 0.56236667 | J38: =SUMIFS(J7:J37,J7:J37,">0") -> 0 | L38: =SUMIFS(L7:L37,L7:L37,">0") -> 492659 | O38: =SUM(O7:O37) -> 0 | Q38: =SUMIFS(Q7:Q36,Q7:Q36,">0") -> 82469 | S38: =SUMIFS(S7:S37,S7:S37,">0") -> 9274 | T38: =SUM(T7:T37) -> 2997 | U38: =SUM(U7:U37) -> 0 | V38: =SUM(V7:V37) -> 2997 | Y38: =SUM(Y7:Y37) -> 492659 | Z38: =SUM(Z7:Z37) -> 0 | AA38: =SUM(AA7:AA37) -> 0 | AB38: =SUM(AB7:AB37) -> 0 | AC38: =SUM(AC7:AC37) -> 531.8 | AD38: =SUM(AD7:AD36) -> 5577.3 | AF38: =AVERAGE(AF7:AF36) -> 15.6295 | AG38: =SUM(AG7:AG37) -> 5561.6 | AI38: 5561.6 | AJ38: 13.674 | AK38: 5575.274 | AM38: =SUM(AM7:AM37) -> 85566 | AO38: =SUM(AO7:AO37) -> 17781 | AS38: =SUMIFS(AS7:AS36,AS7:AS36,">0") -> 82469 | AU38: =SUMIFS(AU7:AU37,AU7:AU37,">0") -> 9274 | AV38: =SUM(AV7:AV36) -> 91647
Q41: POWER
Q42: SBVC | R42: =Q38+S38-S32 -> 91647
Q43: DPO | R43: =AV38 -> 91647
Q44: Difference | R44: =ABS(R42-R43) -> 0
Q45: Invoice | R45: 91647

Sheet Oct2022
B2: Note: Recording should be done 1st hour of the day
B3: DAILY BIOGAS USAGE MONITORING | AD3: Waste Hauling Operation | AH3: BUFFER TANK | AI3: DPO RECORD (Lowela) | AK3: Biogas Operation Utility Consumption | AV3: Remarks/ Shifts
B4: Date | C4: Day | D4: Gas Storage (%) | H4: Quality | M4: Gas Flare | P4: Gas Engine 1 Power Meter (kWh) | R4: Gas Engine 2 Power Meter (kWh) | T4: Diesel Fuel Consumption | W4: Biogas Fuel Consumption | Z4: Ope. Hrs w/ Diesel | AB4: Ope. Hrs w/ Biogas | AI4: Waste Hauling Operation
D5: F1 | E5: F2 | F5: F3 | G5: Total | H5: Methane Content | I5: Thermax 1 Consumption | K5: Thermax 2 Consumption | M5: Time | O5: Total Volume | T5: Thermax 1 | U5: Thermax 2 | V5: Total | W5: Thermax 1 | X5: Thermax 2 | Y5: Total | Z5: Thermax 1 | AA5: Thermax 2 | AB5: Thermax 1 | AC5: Thermax 2 | AD5: Actual Waste Delivered (MT) | AF5: DS | AG5: Fruit waste(whole pineapple/banana/Mix ) | AH5: % Level | AI5: Actual Waste Delivered (MT) | AK5: Electricity @ Biogas plant, kWhr | AM5: Electricity @ DPO cannery (Blower) , kWhr | AO5: Water, m3 | AQ5: Gas Engine 1 Power Meter (kWh) | AS5: Gas Engine 2 Power Meter (kWh) | AU5: Gas Engine 1+2 power (kWh)
D6: 8350 | E6: 8350 | F6: 8350 | G6: =D6+E6+F6 -> 25050 | H6: 55% Min | I6: Consumption | J6: Totalizer | K6: Consumption | L6: Output | M6: Start | N6: End | O6: Nm³ | P6: Totalizer | Q6: Output | R6: Totalizer | S6: Output | T6: Li. | U6: Li. | V6: Li. | Z6: Hrs | AA6: Hrs | AB6: Hrs | AC6: Hrs | AD6: Pineapple Delivery | AE6: Cummulative | AF6: % | AG6: Delivered (MT) | AI6: Delivery | AJ6: Cummulative | AK6: Totalizer | AL6: Consumed | AM6: Totalizer | AN6: Consumed | AO6: Totalizer | AP6: Consumed | AQ6: Totalizer | AR6: Output | AS6: Totalizer | AT6: Output | AU6: Consumption
B7: 44835 | C7: =TEXT(B7,"ddd") -> Sat | D7: 0.37 | E7: 0.18 | F7: 0.23 | G7: =SUMPRODUCT(D7:F7,$D$6:$F$6) -> 6513 | H7: 0.556 | J7: =I7-0 -> 0 | K7: 2430121 | L7: 22885 | P7: 85800 | Q7: =P7-[1]September!P36 -> 0 | R7: 93852 | S7: =R7-[1]September!R36 -> 5452 | T7: 0 | U7: 0 | V7: =SUM(T7:U7) -> 0 | W7: 0 | X7: 22885 | Y7: =SUM(W7:X7) -> 22885 | Z7: 0 | AA7: 0 | AB7: 0 | AC7: 22.89 | AD7: 171.45 | AE7: =AD7 -> 171.45 | AF7: 15.38 | AH7: 63.6 | AI7: 171.45 | AJ7: =AI7 -> 171.45 | AK7: 382231 | AL7: =AK7-'Sep2022'!AL36 -> 3327 | AM7: 52605 | AN7: =AM7-'Sep2022'!AN36 -> 963 | AO7: 9014 | AP7: =AO7-8990 -> 24 | AQ7: 85800 | AR7: =AQ7-'Sep2022'!AR36 -> 0 | AS7: 93852 | AT7: =AS7-'Sep2022'!AT36 -> 5452 | AU7: =AR7+AT7 -> 5452 | AV7: 2
B8: =B7+1 -> 44836 | C8: =TEXT(B8,"ddd") -> Sun | D8: 0.94 | E8: 0.87 | F8: 0.88 | G8: =SUMPRODUCT(D8:F8,$D$6:$F$6) -> 22461.5 | H8: 0.556 | J8: =I8-I7 -> 0 | K8: 2432014 | L8: =K8-K7 -> 1893 | P8: 85800 | Q8: =P8-P7 -> 0 | R8: 97378 | S8: =R8-R7 -> 3526 | T8: 0 | U8: 0 | V8: =SUM(T8:U8) -> 0 | W8: 0 | X8: 0 | Y8: =SUM(W8:X8) -> 0 | Z8: 0 | AA8: 0 | AB8: 0 | AC8: 0 | AD8: 0 | AE8: =AD8+AE7 -> 171.45 | AF8: _ | AH8: 48 | AI8: 0 | AJ8: =AI8+AJ7 -> 171.45 | AK8: 385768 | AL8: =AK8-AK7 -> 3537 | AM8: 53652 | AN8: =AM8-AM7 -> 1047 | AO8: 9032 | AP8: =AO8-AO7 -> 18 | AQ8: 85800 | AR8: =AQ8-AQ7 -> 0 | AS8: 107682 | AT8: =AS8-AS7 -> 13830 | AU8: =AR8+AT8 -> 13830 | AV8: no canning
B9: =B8+1 -> 44837 | C9: =TEXT(B9,"ddd") -> Mon | D9: 0.94 | E9: 0.99 | F9: 0.99 | G9: =SUMPRODUCT(D9:F9,$D$6:$F$6) -> 24382 | H9: 0.555 | J9: =I9-I8 -> 0 | K9: 2459032 | L9: =K9-K8 -> 27018 | P9: 85800 | Q9: =P9-P8 -> 0 | R9: 112537 | S9: =R9-R8 -> 15159 | T9: 0 | U9: 0 | V9: =SUM(T9:U9) -> 0 | W9: 0 | X9: 28911 | Y9: =SUM(W9:X9) -> 28911 | Z9: 0 | AA9: 0 | AB9: 0 | AC9: 23.66 | AD9: 0 | AE9: =AD9+AE8 -> 171.45 | AF9: _ | AH9: 40.4 | AI9: 0 | AJ9: =AI9+AJ8 -> 171.45 | AK9: 388979 | AL9: =AK9-AK8 -> 3211 | AM9: 54273 | AN9: =AM9-AM8 -> 621 | AO9: 9054 | AP9: =AO9-AO8 -> 22 | AQ9: 85800 | AR9: =AQ9-AQ8 -> 0 | AS9: 114815 | AT9: =AS9-AS8 -> 7133 | AU9: =AR9+AT9 -> 7133 | AV9: no canning
B10: =B9+1 -> 44838 | C10: =TEXT(B10,"ddd") -> Tue | D10: 0.64 | E10: 0.57 | F10: 0.59 | G10: =SUMPRODUCT(D10:F10,$D$6:$F$6) -> 15030 | H10: 0.558 | J10: =I10-I9 -> 0 | K10: 2479282 | L10: =K10-K9 -> 20250 | P10: 85800 | Q10: =P10-P9 -> 0 | R10: 114815 | S10: =R10-R9 -> 2278 | T10: 0 | U10: 0 | V10: =SUM(T10:U10) -> 0 | W10: 0 | X10: 20250 | Y10: =SUM(W10:X10) -> 20250 | Z10: 0 | AA10: 0 | AB10: 0 | AC10: 23.06 | AD10: 99.59 | AE10: =AD10+AE9 -> 271.04 | AF10: 15.93 | AG10: 18.09 | AH10: 30 | AI10: 99.84 | AJ10: =AI10+AJ9 -> 271.29 | AK10: 392355 | AL10: =AK10-AK9 -> 3376 | AM10: 54897 | AN10: =AM10-AM9 -> 624 | AO10: 9090 | AP10: =AO10-AO9 -> 36 | AQ10: 85800 | AR10: =AQ10-AQ9 -> 0 | AS10: 114815 | AT10: =AS10-AS9 -> 0 | AU10: =AR10+AT10 -> 0 | AV10: 1 NS
B11: =B10+1 -> 44839 | C11: =TEXT(B11,"ddd") -> Wed | D11: 0.69 | E11: 0.67 | F11: 0.56 | G11: =SUMPRODUCT(D11:F11,$D$6:$F$6) -> 16032 | H11: 0.56 | J11: =I11-I10 -> 0 | K11: 2499909 | L11: =K11-K10 -> 20627 | P11: 85800 | Q11: =P11-P10 -> 0 | R11: 114815 | S11: =R11-R10 -> 0 | T11: 0 | U11: 0 | V11: =SUM(T11:U11) -> 0 | W11: 0 | X11: 20627 | Y11: =SUM(W11:X11) -> 20627 | Z11: 0 | AA11: 0 | AB11: 0 | AC11: 23.95 | AD11: 317.16 | AE11: =AD11+AE10 -> 588.2 | AF11: 15.55 | AG11: 4.7 | AH11: 37 | AI11: 317.16 | AJ11: =AI11+AJ10 -> 588.45 | AK11: 396772 | AL11: =AK11-AK10 -> 4417 | AM11: 55548 | AN11: =AM11-AM10 -> 651 | AO11: 9117 | AP11: =AO11-AO10 -> 27 | AQ11: 85800 | AR11: =AQ11-AQ10 -> 0 | AS11: 114815 | AT11: =AS11-AS10 -> 0 | AU11: =AR11+AT11 -> 0 | AV11: 2
B12: =B11+1 -> 44840 | C12: =TEXT(B12,"ddd") -> Thu | D12: 0.61 | E12: 0.7 | F12: 0.7 | G12: =SUMPRODUCT(D12:F12,$D$6:$F$6) -> 16783.5 | H12: 0.557 | J12: =I12-I11 -> 0 | K12: 2522022 | L12: =K12-K11 -> 22113 | P12: 85800 | Q12: =P12-P11 -> 0 | R12: 114815 | S12: =R12-R11 -> 0 | T12: 0 | U12: 0 | V12: =SUM(T12:U12) -> 0 | W12: 0 | X12: 22113 | Y12: =SUM(W12:X12) -> 22113 | Z12: 0 | AA12: 0 | AB12: 0 | AC12: 23.93 | AD12: 302.52 | AE12: =AD12+AE11 -> 890.72 | AF12: 16.17 | AH12: 46.3 | AI12: 302.52 | AJ12: =AI12+AJ11 -> 890.97 | AK12: 399672 | AL12: =AK12-AK11 -> 2900 | AM12: 55981 | AN12: =AM12-AM11 -> 433 | AO12: 9141 | AP12: =AO12-AO11 -> 24 | AQ12: 85800 | AR12: =AQ12-AQ11 -> 0 | AS12: 114815 | AT12: =AS12-AS11 -> 0 | AU12: =AR12+AT12 -> 0 | AV12: 2
B13: =B12+1 -> 44841 | C13: =TEXT(B13,"ddd") -> Fri | D13: 0.49 | E13: 0.76 | F13: 0.69 | G13: =SUMPRODUCT(D13:F13,$D$6:$F$6) -> 16199 | H13: 0.557 | J13: =I13-I12 -> 0 | K13: 2545967 | L13: =K13-K12 -> 23945 | P13: 85800 | Q13: =P13-P12 -> 0 | R13: 114815 | S13: =R13-R12 -> 0 | T13: 0 | U13: 0 | V13: =SUM(T13:U13) -> 0 | W13: 0 | X13: 23945 | Y13: =SUM(W13:X13) -> 23945 | Z13: 0 | AA13: 0 | AB13: 0 | AC13: 24.24 | AD13: 300.67 | AE13: =AD13+AE12 -> 1191.39 | AF13: 15.52 | AH13: 50 | AI13: 300.67 | AJ13: =AI13+AJ12 -> 1191.64 | AK13: 402737 | AL13: =AK13-AK12 -> 3065 | AM13: 56555 | AN13: =AM13-AM12 -> 574 | AO13: 9190 | AP13: =AO13-AO12 -> 49 | AQ13: 85800 | AR13: =AQ13-AQ12 -> 0 | AS13: 114815 | AT13: =AS13-AS12 -> 0 | AU13: =AR13+AT13 -> 0 | AV13: 2
B14: =B13+1 -> 44842 | C14: =TEXT(B14,"ddd") -> Sat | D14: 0.26 | E14: 0.36 | F14: 0.28 | G14: =SUMPRODUCT(D14:F14,$D$6:$F$6) -> 7515 | H14: 0.555 | J14: =I14-I13 -> 0 | K14: 2575125 | L14: =K14-K13 -> 29158 | P14: 85800 | Q14: =P14-P13 -> 0 | R14: 114815 | S14: =R14-R13 -> 0 | T14: 0 | U14: 0 | V14: =SUM(T14:U14) -> 0 | W14: 0 | X14: 29158 | Y14: =SUM(W14:X14) -> 29158 | Z14: 0 | AA14: 0 | AB14: 0 | AC14: 23.8 | AD14: 246.16 | AE14: =AD14+AE13 -> 1437.55 | AF14: 16.98 | AH14: 55.3 | AI14: 246.16 | AJ14: =AI14+AJ13 -> 1437.8 | AK14: 405551 | AL14: =AK14-AK13 -> 2814 | AM14: 57012 | AN14: =AM14-AM13 -> 457 | AO14: 9208 | AP14: =AO14-AO13 -> 18 | AQ14: 85800 | AR14: =AQ14-AQ13 -> 0 | AS14: 114815 | AT14: =AS14-AS13 -> 0 | AU14: =AR14+AT14 -> 0 | AV14: 2
B15: =B14+1 -> 44843 | C15: =TEXT(B15,"ddd") -> Sun | D15: 0.93 | E15: 0.65 | F15: 0.98 | G15: =SUMPRODUCT(D15:F15,$D$6:$F$6) -> 21376 | H15: 0.554 | J15: =I15-I14 -> 0 | K15: 2583083 | L15: =K15-K14 -> 7958 | P15: 85800 | Q15: =P15-P14 -> 0 | R15: 114815 | S15: =R15-R14 -> 0 | T15: 0 | U15: 0 | V15: =SUM(T15:U15) -> 0 | W15: 0 | X15: 7958 | Y15: =SUM(W15:X15) -> 7958 | Z15: 0 | AA15: 0 | AB15: 0 | AC15: 7.61 | AD15: 0 | AE15: =AD15+AE14 -> 1437.55 | AF15: _ | AH15: 44.9 | AI15: 0 | AJ15: =AI15+AJ14 -> 1437.8 | AK15: 408668 | AL15: =AK15-AK14 -> 3117 | AM15: 57508 | AN15: =AM15-AM14 -> 496 | AO15: 9232 | AP15: =AO15-AO14 -> 24 | AQ15: 85800 | AR15: =AQ15-AQ14 -> 0 | AS15: 114863 | AT15: =AS15-AS14 -> 48 | AU15: =AR15+AT15 -> 48 | AV15: no canning
B16: =B15+1 -> 44844 | C16: =TEXT(B16,"ddd") -> Mon | D16: 0.7 | E16: 0.69 | F16: 0.62 | G16: =SUMPRODUCT(D16:F16,$D$6:$F$6) -> 16783.5 | H16: 0.555 | J16: =I16-I15 -> 0 | K16: 2607138 | L16: =K16-K15 -> 24055 | P16: 85800 | Q16: =P16-P15 -> 0 | R16: 114815 | S16: =R16-R15 -> 0 | T16: 0 | U16: 0 | V16: =SUM(T16:U16) -> 0 | W16: 0 | X16: 24055 | Y16: =SUM(W16:X16) -> 24055 | Z16: 0 | AA16: 0 | AB16: 0 | AC16: 26.24 | AD16: 0 | AE16: =AD16+AE15 -> 1437.55 | AF16: _ | AH16: 34.7 | AI16: 0 | AJ16: =AI16+AJ15 -> 1437.8 | AK16: 411828 | AL16: =AK16-AK15 -> 3160 | AM16: 58062 | AN16: =AM16-AM15 -> 554 | AO16: 9287 | AP16: =AO16-AO15 -> 55 | AQ16: 85800 | AR16: =AQ16-AQ15 -> 0 | AS16: 114863 | AT16: =AS16-AS15 -> 0 | AU16: =AR16+AT16 -> 0 | AV16: no canning
B17: =B16+1 -> 44845 | C17: =TEXT(B17,"ddd") -> Tue | D17: 0.68 | E17: 0.66 | F17: 0.81 | G17: =SUMPRODUCT(D17:F17,$D$6:$F$6) -> 17952.5 | H17: 0.555 | J17: =I17-I16 -> 0 | K17: 2618425 | L17: =K17-K16 -> 11287 | P17: 85800 | Q17: =P17-P16 -> 0 | R17: 114815 | S17: =R17-R16 -> 0 | T17: 76 | U17: 0 | V17: =SUM(T17:U17) -> 76 | W17: 0 | X17: 11287 | Y17: =SUM(W17:X17) -> 11287 | Z17: 0.31 | AA17: 0 | AB17: 0 | AC17: 12.22 | AD17: 273.13 | AE17: =AD17+AE16 -> 1710.68 | AF17: 16.7 | AH17: 37.6 | AI17: 237.13 | AJ17: =AI17+AJ16 -> 1674.93 | AK17: 414988 | AL17: =AK17-AK16 -> 3160 | AM17: 58547 | AN17: =AM17-AM16 -> 485 | AO17: 9325 | AP17: =AO17-AO16 -> 38 | AQ17: 85800 | AR17: =AQ17-AQ16 -> 0 | AS17: 114863 | AT17: =AS17-AS16 -> 0 | AU17: =AR17+AT17 -> 0 | AV17: 2
B18: =B17+1 -> 44846 | C18: =TEXT(B18,"ddd") -> Wed | D18: 0.78 | E18: 0.64 | F18: 0.68 | G18: =SUMPRODUCT(D18:F18,$D$6:$F$6) -> 17535 | H18: 0.557 | J18: =I18-I17 -> 0 | K18: 2640055 | L18: =K18-K17 -> 21630 | P18: 85800 | Q18: =P18-P17 -> 0 | R18: 114863 | S18: =R18-R17 -> 48 | T18: 0 | U18: 0 | V18: =SUM(T18:U18) -> 0 | W18: 0 | X18: 21630 | Y18: =SUM(W18:X18) -> 21630 | Z18: 0 | AA18: 0 | AB18: 2.19 | AC18: 22.9 | AD18: 0 | AE18: =AD18+AE17 -> 1710.68 | AF18: _ | AH18: 39.4 | AI18: 230.91 | AJ18: =AI18+AJ17 -> 1905.84 | AK18: 417830 | AL18: =AK18-AK17 -> 2842 | AM18: 59048 | AN18: =AM18-AM17 -> 501 | AO18: 9346 | AP18: =AO18-AO17 -> 21 | AQ18: 85800 | AR18: =AQ18-AQ17 -> 0 | AS18: 114863 | AT18: =AS18-AS17 -> 0 | AU18: =AR18+AT18 -> 0 | AV18: 2
B19: =B18+1 -> 44847 | C19: =TEXT(B19,"ddd") -> Thu | D19: 0.72 | E19: 0.67 | F19: 0.65 | G19: =SUMPRODUCT(D19:F19,$D$6:$F$6) -> 17034 | H19: 0.558 | J19: =I19-I18 -> 0 | K19: 2661413 | L19: =K19-K18 -> 21358 | P19: 85992 | Q19: =P19-P18 -> 192 | R19: 115805 | S19: =R19-R18 -> 942 | T19: 0 | U19: 0 | V19: =SUM(T19:U19) -> 0 | W19: 0 | X19: 21358 | Y19: =SUM(W19:X19) -> 21358 | Z19: 0 | AA19: 0 | AB19: 0.51 | AC19: 21.15 | AD19: 181.8 | AE19: =AD19+AE18 -> 1892.48 | AF19: 16.29 | AH19: 38 | AI19: 181.8 | AJ19: =AI19+AJ18 -> 2087.64 | AK19: 421765 | AL19: =AK19-AK18 -> 3935 | AM19: 59521 | AN19: =AM19-AM18 -> 473 | AO19: 9413 | AP19: =AO19-AO18 -> 67 | AQ19: 85992 | AR19: =AQ19-AQ18 -> 192 | AS19: 115805 | AT19: =AS19-AS18 -> 942 | AU19: =AR19+AT19 -> 1134 | AV19: 1 NS
B20: =B19+1 -> 44848 | C20: =TEXT(B20,"ddd") -> Fri | D20: 0.57 | E20: 0.68 | F20: 0.62 | G20: =SUMPRODUCT(D20:F20,$D$6:$F$6) -> 15614.5 | H20: 0.558 | J20: =I20-I19 -> 0 | K20: 2673656 | L20: =K20-K19 -> 12243 | P20: 85992 | Q20: =P20-P19 -> 0 | R20: 115805 | S20: =R20-R19 -> 0 | T20: 0 | U20: 0 | V20: =SUM(T20:U20) -> 0 | W20: 0 | X20: 23289 | Y20: =SUM(W20:X20) -> 23289 | Z20: 0 | AA20: 0 | AB20: 0.5 | AC20: 24.02 | AD20: 228.88 | AE20: =AD20+AE19 -> 2121.36 | AF20: 16.42 | AH20: 44 | AI20: 228.88 | AJ20: =AI20+AJ19 -> 2316.52 | AK20: 425404 | AL20: =AK20-AK19 -> 3639 | AM20: 60086 | AN20: =AM20-AM19 -> 565 | AO20: 9448 | AP20: =AO20-AO19 -> 35 | AQ20: 85992 | AR20: =AQ20-AQ19 -> 0 | AS20: 115805 | AT20: =AS20-AS19 -> 0 | AU20: =AR20+AT20 -> 0 | AV20: 2
B21: =B20+1 -> 44849 | C21: =TEXT(B21,"ddd") -> Sat | D21: 0.18 | E21: 0.14 | F21: 0.23 | G21: =SUMPRODUCT(D21:F21,$D$6:$F$6) -> 4592.5 | H21: 0.557 | J21: =I21-I20 -> 0 | K21: 2716227 | L21: =K21-K20 -> 42571 | P21: 85992 | Q21: =P21-P20 -> 0 | R21: 115805 | S21: =R21-R20 -> 0 | T21: 0 | U21: 0 | V21: =SUM(T21:U21) -> 0 | W21: 0 | X21: 31525 | Y21: =SUM(W21:X21) -> 31525 | Z21: 0 | AA21: 0 | AB21: 0 | AC21: 24.03 | AD21: 161.78 | AE21: =AD21+AE20 -> 2283.14 | AF21: 17.42 | AH21: 40.2 | AI21: 161.78 | AJ21: =AI21+AJ20 -> 2478.3 | AK21: 428615 | AL21: =AK21-AK20 -> 3211 | AM21: 60793 | AN21: =AM21-AM20 -> 707 | AO21: 9512 | AP21: =AO21-AO20 -> 64 | AQ21: 85992 | AR21: =AQ21-AQ20 -> 0 | AS21: 115811 | AT21: =AS21-AS20 -> 6 | AU21: =AR21+AT21 -> 6 | AV21: 2
B22: =B21+1 -> 44850 | C22: =TEXT(B22,"ddd") -> Sun | D22: 0.93 | E22: 0.71 | F22: 0.86 | G22: =SUMPRODUCT(D22:F22,$D$6:$F$6) -> 20875 | H22: 0.555 | J22: =I22-I21 -> 0 | K22: 2722633 | L22: =K22-K21 -> 6406 | P22: 85992 | Q22: =P22-P21 -> 0 | R22: 115805 | S22: =R22-R21 -> 0 | T22: 0 | U22: 0 | V22: =SUM(T22:U22) -> 0 | W22: 0 | X22: 6406 | Y22: =SUM(W22:X22) -> 6406 | Z22: 0 | AA22: 0 | AB22: 0 | AC22: 5.42 | AD22: 0 | AE22: =AD22+AE21 -> 2283.14 | AF22: _ | AH22: 32.5 | AI22: 0 | AJ22: =AI22+AJ21 -> 2478.3 | AK22: 430659 | AL22: =AK22-AK21 -> 2044 | AM22: 61264 | AN22: =AM22-AM21 -> 471 | AO22: 9551 | AP22: =AO22-AO21 -> 39 | AQ22: 85992 | AR22: =AQ22-AQ21 -> 0 | AS22: 115811 | AT22: =AS22-AS21 -> 0 | AU22: =AR22+AT22 -> 0 | AV22: no canning
B23: =B22+1 -> 44851 | C23: =TEXT(B23,"ddd") -> Mon | D23: 0.78 | E23: 0.48 | F23: 0.49 | G23: =SUMPRODUCT(D23:F23,$D$6:$F$6) -> 14612.5 | H23: 0.553 | J23: =I23-I22 -> 0 | K23: 2741671 | L23: =K23-K22 -> 19038 | P23: 85992 | Q23: =P23-P22 -> 0 | R23: 115805 | S23: =R23-R22 -> 0 | T23: 0 | U23: 0 | V23: =SUM(T23:U23) -> 0 | W23: 0 | X23: 19038 | Y23: =SUM(W23:X23) -> 19038 | Z23: 0 | AA23: 0 | AB23: 0 | AC23: 23.61 | AD23: 0 | AE23: =AD23+AE22 -> 2283.14 | AF23: _ | AH23: 31.1 | AI23: 0 | AJ23: =AI23+AJ22 -> 2478.3 | AK23: 432101 | AL23: =AK23-AK22 -> 1442 | AM23: 61657 | AN23: =AM23-AM22 -> 393 | AO23: 9597 | AP23: =AO23-AO22 -> 46 | AQ23: 85992 | AR23: =AQ23-AQ22 -> 0 | AS23: 115811 | AT23: =AS23-AS22 -> 0 | AU23: =AR23+AT23 -> 0 | AV23: no canning
B24: =B23+1 -> 44852 | C24: =TEXT(B24,"ddd") -> Tue | D24: 0.52 | E24: 0.3 | F24: 0.42 | G24: =SUMPRODUCT(D24:F24,$D$6:$F$6) -> 10354 | H24: 0.556 | J24: =I24-I23 -> 0 | K24: 2756121 | L24: =K24-K23 -> 14450 | P24: 85992 | Q24: =P24-P23 -> 0 | R24: 115805 | S24: =R24-R23 -> 0 | T24: 0 | U24: 0 | V24: =SUM(T24:U24) -> 0 | W24: 0 | X24: 14450 | Y24: =SUM(W24:X24) -> 14450 | Z24: 0 | AA24: 0 | AB24: 0 | AC24: 23.55 | AD24: 297.17 | AE24: =AD24+AE23 -> 2580.31 | AF24: 16.42 | AH24: 33.3 | AI24: 297.12 | AJ24: =AI24+AJ23 -> 2775.42 | AK24: 434590 | AL24: =AK24-AK23 -> 2489 | AM24: 62226 | AN24: =AM24-AM23 -> 569 | AO24: 9626 | AP24: =AO24-AO23 -> 29 | AQ24: 85992 | AR24: =AQ24-AQ23 -> 0 | AS24: 115811 | AT24: =AS24-AS23 -> 0 | AU24: =AR24+AT24 -> 0 | AV24: 2
B25: =B24+1 -> 44853 | C25: =TEXT(B25,"ddd") -> Wed | D25: 0.71 | E25: 0.51 | F25: 0.65 | G25: =SUMPRODUCT(D25:F25,$D$6:$F$6) -> 15614.5 | H25: 0.558 | J25: =I25-I24 -> 0 | K25: 2768106 | L25: =K25-K24 -> 11985 | P25: 85992 | Q25: =P25-P24 -> 0 | R25: 115811 | S25: =R25-R24 -> 6 | T25: 0 | U25: 0 | V25: =SUM(T25:U25) -> 0 | W25: 0 | X25: 11985 | Y25: =SUM(W25:X25) -> 11985 | Z25: 0 | AA25: 0 | AB25: 1.45 | AC25: 21.42 | AD25: 240.18 | AE25: =AD25+AE24 -> 2820.49 | AF25: 16.85 | AH25: 42.5 | AI25: 240.18 | AJ25: =AI25+AJ24 -> 3015.6 | AK25: 437504 | AL25: =AK25-AK24 -> 2914 | AM25: 62691 | AN25: =AM25-AM24 -> 465 | AO25: 9690 | AP25: =AO25-AO24 -> 64 | AQ25: 85992 | AR25: =AQ25-AQ24 -> 0 | AS25: 115811 | AT25: =AS25-AS24 -> 0 | AU25: =AR25+AT25 -> 0 | AV25: 2
B26: =B25+1 -> 44854 | C26: =TEXT(B26,"ddd") -> Thu | D26: 0.75 | E26: 0.53 | F26: 0.63 | G26: =SUMPRODUCT(D26:F26,$D$6:$F$6) -> 15948.5 | H26: 0.556 | J26: =I26-I25 -> 0 | K26: 2784501 | L26: =K26-K25 -> 16395 | P26: 85992 | Q26: =P26-P25 -> 0 | R26: 115811 | S26: =R26-R25 -> 0 | T26: 0 | U26: 0 | V26: =SUM(T26:U26) -> 0 | W26: 0 | X26: 16395 | Y26: =SUM(W26:X26) -> 16395 | Z26: 0 | AA26: 0 | AB26: 0.67 | AC26: 20.35 | AD26: 259.83 | AE26: =AD26+AE25 -> 3080.32 | AF26: 15.86 | AH26: 46.8 | AI26: 259.83 | AJ26: =AI26+AJ25 -> 3275.43 | AK26: 440759 | AL26: =AK26-AK25 -> 3255 | AM26: 63102 | AN26: =AM26-AM25 -> 411 | AO26: 9717 | AP26: =AO26-AO25 -> 27 | AQ26: 85992 | AR26: =AQ26-AQ25 -> 0 | AS26: 115811 | AT26: =AS26-AS25 -> 0 | AU26: =AR26+AT26 -> 0 | AV26: 1 NS
B27: =B26+1 -> 44855 | C27: =TEXT(B27,"ddd") -> Fri | D27: 0.68 | E27: 0.51 | F27: 0.62 | G27: =SUMPRODUCT(D27:F27,$D$6:$F$6) -> 15113.5 | H27: 0.558 | J27: =I27-I26 -> 0 | K27: 2800567 | L27: =K27-K26 -> 16066 | P27: 85992 | Q27: =P27-P26 -> 0 | R27: 115811 | S27: =R27-R26 -> 0 | T27: 430 | U27: 0 | V27: =SUM(T27:U27) -> 430 | W27: 0 | X27: 16066 | Y27: =SUM(W27:X27) -> 16066 | Z27: 1.65 | AA27: 0 | AB27: 0.17 | AC27: 24.12 | AD27: 329.26 | AE27: =AD27+AE26 -> 3409.58 | AF27: 16.18 | AH27: 54.9 | AI27: 329.26 | AJ27: =AI27+AJ26 -> 3604.69 | AK27: 443376 | AL27: =AK27-AK26 -> 2617 | AM27: 63620 | AN27: =AM27-AM26 -> 518 | AO27: 9750 | AP27: =AO27-AO26 -> 33 | AQ27: 85992 | AR27: =AQ27-AQ26 -> 0 | AS27: 115811 | AT27: =AS27-AS26 -> 0 | AU27: =AR27+AT27 -> 0 | AV27: 2
B28: =B27+1 -> 44856 | C28: =TEXT(B28,"ddd") -> Sat | D28: 0.16 | E28: 0.13 | F28: 0.25 | G28: =SUMPRODUCT(D28:F28,$D$6:$F$6) -> 4509 | H28: 0.556 | J28: =I28-I27 -> 0 | K28: 2824958 | L28: =K28-K27 -> 24391 | P28: 85992 | Q28: =P28-P27 -> 0 | R28: 115811 | S28: =R28-R27 -> 0 | T28: 0 | U28: 0 | V28: =SUM(T28:U28) -> 0 | W28: 0 | X28: 24391 | Y28: =SUM(W28:X28) -> 24391 | Z28: 0 | AA28: 0 | AB28: 0 | AC28: 23.99 | AD28: 332.24 | AE28: =AD28+AE27 -> 3741.82 | AF28: 15.72 | AG28: 17.872 | AH28: 63.1 | AI28: 332.24 | AJ28: =AI28+AJ27 -> 3936.93 | AK28: 445395 | AL28: =AK28-AK27 -> 2019 | AM28: 64105 | AN28: =AM28-AM27 -> 485 | AO28: 9771 | AP28: =AO28-AO27 -> 21 | AQ28: 85992 | AR28: =AQ28-AQ27 -> 0 | AS28: 115811 | AT28: =AS28-AS27 -> 0 | AU28: =AR28+AT28 -> 0 | AV28: 2
B29: =B28+1 -> 44857 | C29: =TEXT(B29,"ddd") -> Sun | D29: 1 | E29: 0.67 | F29: 0.97 | G29: =SUMPRODUCT(D29:F29,$D$6:$F$6) -> 22044 | H29: 0.556 | J29: =I29-I28 -> 0 | K29: 2829385 | L29: =K29-K28 -> 4427 | P29: 85992 | Q29: =P29-P28 -> 0 | R29: 115811 | S29: =R29-R28 -> 0 | T29: 0 | U29: 0 | V29: =SUM(T29:U29) -> 0 | W29: 0 | X29: 4544 | Y29: =SUM(W29:X29) -> 4544 | Z29: 0 | AA29: 0 | AB29: 0.61 | AC29: 5.12 | AD29: 0 | AE29: =AD29+AE28 -> 3741.82 | AF29: _ | AH29: 55.4 | AI29: 0 | AJ29: =AI29+AJ28 -> 3936.93 | AK29: 449236 | AL29: =AK29-AK28 -> 3841 | AM29: 64526 | AN29: =AM29-AM28 -> 421 | AO29: 9783 | AP29: =AO29-AO28 -> 12 | AQ29: 85992 | AR29: =AQ29-AQ28 -> 0 | AS29: 115815 | AT29: =AS29-AS28 -> 4 | AU29: =AR29+AT29 -> 4 | AV29: no canning
B30: =B29+1 -> 44858 | C30: =TEXT(B30,"ddd") -> Mon | D30: 0.65 | E30: 0.6 | F30: 0.73 | G30: =SUMPRODUCT(D30:F30,$D$6:$F$6) -> 16533 | H30: 0.557 | J30: =I30-I29 -> 0 | K30: 2853637 | L30: =K30-K29 -> 24252 | P30: 85992 | Q30: =P30-P29 -> 0 | R30: 115811 | S30: =R30-R29 -> 0 | T30: 0 | U30: 0 | V30: =SUM(T30:U30) -> 0 | W30: 0 | X30: 23817 | Y30: =SUM(W30:X30) -> 23817 | Z30: 0 | AA30: 0 | AB30: 0.68 | AC30: 22.92 | AD30: 145.57 | AE30: =AD30+AE29 -> 3887.39 | AF30: 15.9 | AH30: 50.2 | AI30: 145.57 | AJ30: =AI30+AJ29 -> 4082.5 | AK30: 452272 | AL30: =AK30-AK29 -> 3036 | AM30: 65070 | AN30: =AM30-AM29 -> 544 | AO30: 9802 | AP30: =AO30-AO29 -> 19 | AQ30: 85992 | AR30: =AQ30-AQ29 -> 0 | AS30: 115815 | AT30: =AS30-AS29 -> 0 | AU30: =AR30+AT30 -> 0 | AV30: 1NS
B31: =B30+1 -> 44859 | C31: =TEXT(B31,"ddd") -> Tue | D31: 0.58 | E31: 0.59 | F31: 0.71 | G31: =SUMPRODUCT(D31:F31,$D$6:$F$6) -> 15698 | H31: 0.558 | J31: =I31-I30 -> 0 | K31: 2874611 | L31: =K31-K30 -> 20974 | P31: 85992 | Q31: =P31-P30 -> 0 | R31: 115811 | S31: =R31-R30 -> 0 | T31: 0 | U31: 0 | V31: =SUM(T31:U31) -> 0 | W31: 0 | X31: 21292 | Y31: =SUM(W31:X31) -> 21292 | Z31: 0 | AA31: 0 | AB31: 0 | AC31: 24.14 | AD31: 348.24 | AE31: =AD31+AE30 -> 4235.63 | AF31: 17.21 | AG31: 18.602 | AH31: 59.8 | AI31: 348.24 | AJ31: =AI31+AJ30 -> 4430.74 | AK31: 456344 | AL31: =AK31-AK30 -> 4072 | AM31: 65737 | AN31: =AM31-AM30 -> 667 | AO31: 9835 | AP31: =AO31-AO30 -> 33 | AQ31: 85992 | AR31: =AQ31-AQ30 -> 0 | AS31: 115815 | AT31: =AS31-AS30 -> 0 | AU31: =AR31+AT31 -> 0 | AV31: 2
B32: =B31+1 -> 44860 | C32: =TEXT(B32,"ddd") -> Wed | D32: 0.66 | E32: 0.68 | F32: 0.65 | G32: =SUMPRODUCT(D32:F32,$D$6:$F$6) -> 16616.5 | H32: 0.557 | J32: =I32-I31 -> 0 | K32: 2895884 | L32: =K32-K31 -> 21273 | P32: 85992 | Q32: =P32-P31 -> 0 | R32: 115811 | S32: =R32-R31 -> 0 | T32: 0 | U32: 0 | V32: =SUM(T32:U32) -> 0 | W32: 0 | X32: 21273 | Y32: =SUM(W32:X32) -> 21273 | Z32: 0 | AA32: 0 | AB32: 1.02 | AC32: 24.03 | AD32: 293.38 | AE32: =AD32+AE31 -> 4529.01 | AF32: 16.57 | AG32: 29.85 | AH32: 70.1 | AI32: 293.38 | AJ32: =AI32+AJ31 -> 4724.12 | AK32: 459560 | AL32: =AK32-AK31 -> 3216 | AM32: 66287 | AN32: =AM32-AM31 -> 550 | AO32: 9852 | AP32: =AO32-AO31 -> 17 | AQ32: 85992 | AR32: =AQ32-AQ31 -> 0 | AS32: 115815 | AT32: =AS32-AS31 -> 0 | AU32: =AR32+AT32 -> 0 | AV32: 2
B33: =B32+1 -> 44861 | C33: =TEXT(B33,"ddd") -> Thu | D33: 0.63 | E33: 0.71 | F33: 0.74 | G33: =SUMPRODUCT(D33:F33,$D$6:$F$6) -> 17368 | H33: 0.559 | J33: =I33-I32 -> 0 | K33: 2916822 | L33: =K33-K32 -> 20938 | P33: 85992 | Q33: =P33-P32 -> 0 | R33: 115811 | S33: =R33-R32 -> 0 | T33: 0 | U33: 0 | V33: =SUM(T33:U33) -> 0 | W33: 0 | X33: 20938 | Y33: =SUM(W33:X33) -> 20938 | Z33: 0 | AA33: 0 | AB33: 0 | AC33: 23.86 | AD33: 269.67 | AE33: =AD33+AE32 -> 4798.68 | AF33: 16 | AG33: 12.848 | AH33: 74.3 | AI33: 269.67 | AJ33: =AI33+AJ32 -> 4993.79 | AK33: 463572 | AL33: =AK33-AK32 -> 4012 | AM33: 66839 | AN33: =AM33-AM32 -> 552 | AO33: 9861 | AP33: =AO33-AO32 -> 9 | AQ33: 85992 | AR33: =AQ33-AQ32 -> 0 | AS33: 115815 | AT33: =AS33-AS32 -> 0 | AU33: =AR33+AT33 -> 0 | AV33: 2
B34: =B33+1 -> 44862 | C34: =TEXT(B34,"ddd") -> Fri | D34: 0.7 | E34: 0.62 | F34: 0.65 | G34: =SUMPRODUCT(D34:F34,$D$6:$F$6) -> 16449.5 | H34: 0.558 | J34: =I34-I33 -> 0 | K34: 2939409 | L34: =K34-K33 -> 22587 | P34: 85992 | Q34: =P34-P33 -> 0 | R34: 115811 | S34: =R34-R33 -> 0 | T34: 0 | U34: 0 | V34: =SUM(T34:U34) -> 0 | W34: 0 | X34: 22587 | Y34: =SUM(W34:X34) -> 22587 | Z34: 0 | AA34: 0 | AB34: 0.2 | AC34: 24.08 | AD34: 350.04 | AE34: =AD34+AE33 -> 5148.72 | AF34: 15.84 | AG34: 30.35 | AI34: 350.04 | AJ34: =AI34+AJ33 -> 5343.83 | AK34: 466686 | AL34: =AK34-AK33 -> 3114 | AM34: 67220 | AN34: =AM34-AM33 -> 381 | AO34: 9877 | AP34: =AO34-AO33 -> 16 | AQ34: 85992 | AR34: =AQ34-AQ33 -> 0 | AS34: 115815 | AT34: =AS34-AS33 -> 0 | AU34: =AR34+AT34 -> 0 | AV34: 2
B35: =B34+1 -> 44863 | C35: =TEXT(B35,"ddd") -> Sat | D35: 0.16 | E35: 0.08 | F35: 0.1 | G35: =SUMPRODUCT(D35:F35,$D$6:$F$6) -> 2839 | H35: 0.558 | J35: =I35-I34 -> 0 | K35: 2969632 | L35: =K35-K34 -> 30223 | P35: 85992 | Q35: =P35-P34 -> 0 | R35: 115811 | S35: =R35-R34 -> 0 | T35: 0 | U35: 0 | V35: =SUM(T35:U35) -> 0 | W35: 0 | X35: 30223 | Y35: =SUM(W35:X35) -> 30223 | Z35: 0 | AA35: 0 | AB35: 0 | AC35: 23.94 | AD35: 362.75 | AE35: =AD35+AE34 -> 5511.47 | AF35: 15.62 | AG35: 12.78 | AI35: 362.74 | AJ35: =AI35+AJ34 -> 5706.57 | AK35: 469505 | AL35: =AK35-AK34 -> 2819 | AM35: 67448 | AN35: =AM35-AM34 -> 228 | AO35: 9896 | AP35: 19 | AQ35: 85992 | AR35: =AQ35-AQ34 -> 0 | AS35: 115815 | AT35: =AS35-AS34 -> 0 | AU35: =AR35+AT35 -> 0 | AV35: 1DS
B36: =B35+1 -> 44864 | C36: =TEXT(B36,"ddd") -> Sun | D36: 1 | E36: 0.37 | F36: 0.62 | G36: =SUMPRODUCT(D36:F36,$D$6:$F$6) -> 16616.5 | H36: 0.557 | J36: =I36-I35 -> 0 | K36: 2978727 | L36: =K36-K35 -> 9095 | M36: 0.78333333 | N36: 0.85416667 | O36: 11315.383 | P36: 85992 | Q36: =P36-P35 -> 0 | R36: 115811 | S36: =R36-R35 -> 0 | T36: 0 | U36: 0 | V36: =SUM(T36:U36) -> 0 | W36: 0 | X36: 9095 | Y36: =SUM(W36:X36) -> 9095 | Z36: 0 | AA36: 0 | AB36: 0 | AC36: 9.39 | AD36: 0 | AE36: =AD36+AE35 -> 5511.47 | AI36: 362.74 | AJ36: =AI36+AJ35 -> #VALUE! | AK36: 472842 | AL36: =AK36-AK35 -> 3337 | AM36: 67933 | AN36: =AM36-AM35 -> 485 | AO36: 9921 | AP36: 25 | AQ36: 85992 | AR36: =AQ36-AQ35 -> 0 | AS36: 115817 | AT36: =AS36-AS35 -> 2 | AU36: =AR36+AT36 -> 2 | AV36: no canning
B37: =B36+1 -> 44865 | C37: =TEXT(B37,"ddd") -> Mon | D37: 0.83 | E37: 0.9 | F37: 0.81 | G37: =SUMPRODUCT(D37:F37,$D$6:$F$6) -> 21209 | H37: 0.556 | K37: 2978727 | L37: =K37-K36 -> 0 | M37: 0.20833333 | N37: 0.54652778 | O37: 17616.483 | P37: 85992 | R37: 115811 | T37: 0 | U37: 0 | V37: =SUM(T37:U37) -> 0 | W37: 0 | X37: 0 | Y37: =SUM(W37:X37) -> 0 | Z37: 0 | AA37: 0 | AB37: 0 | AC37: 0 | AD37: 0 | AI37: 0 | AK37: 475160 | AL37: =AK37-AK36 -> 2318 | AM37: 68260 | AN37: =AM37-AM36 -> 327 | AO37: 9956 | AP37: =AO37-AO36 -> 35 | AQ37: 85992 | AS37: 115817 | AT37: =AS37-AS36 -> 0 | AU37: =AR37+AT37 -> 0 | AV37: no canning
B38: Total/Average | D38: =AVERAGE(D7:D37) -> 0.65290323 | F38: =AVERAGE(F7:F37) -> 0.62612903 | G38: =AVERAGE(G7:G37) -> 15425.952 | H38: =AVERAGE(H7:H37) -> 0.55664516 | J38: =SUMIFS(J7:J37,J7:J37,">0") -> 0 | L38: =SUMIFS(L7:L37,L7:L37,">0") -> 571491 | O38: =SUM(O7:O37) -> 28931.867 | Q38: =SUMIFS(Q7:Q36,Q7:Q36,">0") -> 192 | S38: =SUMIFS(S7:S36,S7:S36,">0") -> 27411 | T38: =SUM(T7:T37) -> 506 | U38: =SUM(U7:U37) -> 0 | V38: =SUM(V7:V37) -> 506 | X38: 0 | Y38: =SUM(Y7:Y37) -> 571491 | Z38: =SUM(Z7:Z37) -> 1.96 | AA38: =SUM(AA7:AA37) -> 0 | AB38: =SUM(AB7:AB37) -> 8 | AC38: =SUM(AC7:AC37) -> 603.64 | AD38: =SUM(AD7:AD37) -> 5511.47 | AF38: =AVERAGE(AF7:AF37) -> 16.215714 | AG38: =SUM(AG7:AG36) -> 145.092 | AI38: =SUM(AI7:AI37) -> 5706.57 | AL38: =SUM(AL7:AL37) -> 96256 | AN38: =SUM(AN7:AN37) -> 16618 | AP38: =SUM(AP7:AP37) -> 966 | AR38: =SUMIFS(AR7:AR36,AR7:AR36,">0") -> 192 | AT38: =SUMIFS(AT7:AT37,AT7:AT37,">0") -> 27417 | AU38: =SUM(AU7:AU36)+96 -> 27705
S39: =S38+96+Q38 -> 27699 | AD39: =AD38+AG38 -> 5656.562
Q41: GAS ENGINE POWER
Q42: SBVC | R42: =Q38+S38-S32+96 -> 27699 | S42: plus 96 kwH of unbilled from September | AG42: `
Q43: DPO | R43: =AU38 -> 27705 | S43: plus 96 kwH of unbilled from September
Q44: Difference | R44: =ABS(R42-R43) -> 6
Q45: Invoice

Sheet Nov2022
B2: Note: Recording should be done 1st hour of the day
B3: DAILY BIOGAS USAGE MONITORING | AD3: SBVC RECORD | AM3: DPO RECORD (Lowela) | AO3: Biogas Operation Utility Consumption | AZ3: Remarks/ Shifts
B4: Date | C4: Day | D4: Gas Storage (%) | H4: Quality | M4: Gas Flare | P4: Gas Engine 1 Power Meter (kWh) | R4: Gas Engine 2 Power Meter (kWh) | T4: Diesel Fuel Consumption | W4: Biogas Fuel Consumption | Z4: Ope. Hrs w/ Diesel | AB4: Ope. Hrs w/ Biogas | AD4: Waste Hauling Operation | AM4: Waste Hauling Operation
D5: F1 | E5: F2 | F5: F3 | G5: Total | H5: Methane Content | I5: Thermax 1 Consumption | K5: Thermax 2 Consumption | M5: Time | O5: Total Volume | T5: Thermax 1 | U5: Thermax 2 | V5: Total | W5: Thermax 1 | X5: Thermax 2 | Y5: Total | Z5: Thermax 1 | AA5: Thermax 2 | AB5: Thermax 1 | AC5: Thermax 2 | AD5: Actual Waste Delivered (MT) | AL5: DS | AM5: Actual Waste Delivered (MT) | AO5: Electricity @ Biogas plant, kWhr | AQ5: Electricity @ DPO cannery (Blower) , kWhr | AS5: Water, m3 | AU5: Gas Engine 1 Power Meter (kWh) | AW5: Gas Engine 2 Power Meter (kWh) | AY5: Gas Engine 1+2 power (kWh)
D6: 8350 | E6: 8350 | F6: 8350 | G6: =D6+E6+F6 -> 25050 | H6: 55% Min | I6: Consumption | J6: Totalizer | K6: Consumption | M6: Start | N6: End | O6: Nm³ | P6: Totalizer | Q6: Output | R6: Totalizer | S6: Output | T6: Li. | U6: Li. | V6: Li. | Z6: Hrs | AA6: Hrs | AB6: Hrs | AC6: Hrs | AD6: Pulp | AE6: Whole Fruit | AF6: Banana | AG6: Papaya | AH6: Other wastes | AI6: Remarks | AJ6: Total | AK6: Cummulative | AL6: % | AM6: Delivery | AN6: Cummulative | AO6: Totalizer | AP6: Consumed | AQ6: Totalizer | AR6: Consumed | AS6: Totalizer | AT6: Consumed | AU6: Totalizer | AV6: Output | AW6: Totalizer | AX6: Output | AY6: Consumption
B7: 44866 | C7: =TEXT(B7,"ddd") -> Tue | D7: 0.97484543 | E7: 0.975 | F7: 0.96965485 | G7: 24377.827 | H7: 0.557 | J7: 0 | K7: 2978727 | L7: 0 | M7: 0.32291667 | N7: 0.55 | O7: 12562 | P7: 85992 | R7: 115811 | T7: 0 | U7: 0 | V7: =SUM(T7:U7) -> 0 | W7: 0 | X7: 0 | Y7: =SUM(W7:X7) -> 0 | Z7: 0 | AA7: 0 | AB7: 0 | AC7: 0 | AJ7: =SUM(AD7:AH7) -> 0 | AK7: =AG7 -> 0 | AM7: 0 | AN7: =AM7 -> 0 | AO7: 478184 | AP7: =AO7-'Oct2022'!AK37 -> 3024 | AQ7: 68600 | AR7: =AQ7-'Oct2022'!AM37 -> 340 | AS7: 9995 | AT7: =AS7-'Oct2022'!AO37 -> 39 | AU7: 85992 | AV7: =AU7-'Oct2022'!AQ37 -> 0 | AW7: 115817 | AX7: =AW7-'Oct2022'!AS37 -> 0 | AY7: =AV7+AX7 -> 0 | AZ7: no canning
B8: =B7+1 -> 44867 | C8: =TEXT(B8,"ddd") -> Wed | D8: 0.53485413 | E8: 0.67841858 | F8: 0.61191898 | G8: 15240.351 | H8: 0.557 | J8: 0 | K8: 2999642 | L8: 20915 | P8: 85992 | Q8: 0 | R8: 115811 | S8: 0 | T8: 0 | U8: 0 | V8: =SUM(T8:U8) -> 0 | W8: 0 | X8: 20915 | Y8: =SUM(W8:X8) -> 20915 | Z8: 0 | AA8: 0 | AB8: 2.12 | AC8: 22.46 | AJ8: =SUM(AD8:AH8) -> 0 | AK8: =AG8+AK7 -> 0 | AM8: 339.15 | AN8: =AM8+AN7 -> 339.15 | AO8: 481519 | AP8: =AO8-AO7 -> 3335 | AQ8: 68890 | AR8: =AQ8-AQ7 -> 290 | AS8: 10035 | AT8: =AS8-AS7 -> 40 | AU8: 85992 | AV8: =AU8-AU7 -> 0 | AW8: 115817 | AX8: =AW8-AW7 -> 0 | AY8: =AV8+AX8 -> 0 | AZ8: no canning
B9: =B8+1 -> 44868 | C9: =TEXT(B9,"ddd") -> Thu | D9: 0.72741104 | E9: 0.69709671 | F9: 0.57225025 | G9: 16672.929 | H9: 0.558 | J9: 0 | K9: 3020243 | L9: 20601 | P9: 85992 | Q9: 0 | R9: 115811 | S9: 0 | T9: 0 | U9: 0 | V9: =SUM(T9:U9) -> 0 | W9: 0 | X9: 20601 | Y9: =SUM(W9:X9) -> 20601 | Z9: 0 | AA9: 0 | AB9: 0.41 | AC9: 23.93 | AJ9: =SUM(AD9:AH9) -> 0 | AK9: =AG9+AK8 -> 0 | AM9: 407.85 | AN9: =AM9+AN8 -> 747 | AO9: 484822 | AP9: =AO9-AO8 -> 3303 | AQ9: 69212 | AR9: =AQ9-AQ8 -> 322 | AS9: 10090 | AT9: =AS9-AS8 -> 55 | AU9: 85992 | AV9: =AU9-AU8 -> 0 | AW9: 115817 | AX9: =AW9-AW8 -> 0 | AY9: =AV9+AX9 -> 0 | AZ9: 2
B10: =B9+1 -> 44869 | C10: =TEXT(B10,"ddd") -> Fri | D10: 0.83449158 | E10: 0.53349731 | F10: 0.64779358 | G10: 16831.784 | H10: 0.557 | J10: 0 | K10: 3042919 | L10: 22676 | P10: 85992 | Q10: 0 | R10: 115811 | S10: 0 | T10: 0 | U10: 0 | V10: =SUM(T10:U10) -> 0 | W10: 0 | X10: 22676 | Y10: =SUM(W10:X10) -> 22676 | Z10: 0 | AA10: 0 | AB10: 0 | AC10: 24.07 | AJ10: =SUM(AD10:AH10) -> 0 | AK10: =AG10+AK9 -> 0 | AM10: 377.86 | AN10: =AM10+AN9 -> 1124.86 | AO10: 488502 | AP10: =AO10-AO9 -> 3680 | AQ10: 69577 | AR10: =AQ10-AQ9 -> 365 | AS10: 10115 | AT10: =AS10-AS9 -> 25 | AU10: 85992 | AV10: =AU10-AU9 -> 0 | AW10: 115817 | AX10: =AW10-AW9 -> 0 | AY10: =AV10+AX10 -> 0 | AZ10: 2
B11: =B10+1 -> 44870 | C11: =TEXT(B11,"ddd") -> Sat | D11: 0.24515091 | E11: 0.19617554 | F11: 0.43573513 | G11: 7323.4642 | H11: 0.558 | J11: 0 | K11: 3072765 | L11: 29846 | P11: 85992 | Q11: 0 | R11: 115811 | S11: 0 | T11: 0 | U11: 0 | V11: =SUM(T11:U11) -> 0 | W11: 0 | X11: 29846 | Y11: =SUM(W11:X11) -> 29846 | Z11: 0 | AA11: 0 | AB11: 0 | AC11: 24.02 | AJ11: =SUM(AD11:AH11) -> 0 | AK11: =AG11+AK10 -> 0 | AM11: 350.07 | AN11: =AM11+AN10 -> 1474.93 | AO11: 491487 | AP11: =AO11-AO10 -> 2985 | AQ11: 69800 | AR11: =AQ11-AQ10 -> 223 | AS11: 10171 | AT11: =AS11-AS10 -> 56 | AU11: 85992 | AV11: =AU11-AU10 -> 0 | AW11: 115817 | AX11: =AW11-AW10 -> 0 | AY11: =AV11+AX11 -> 0 | AZ11: 2
B12: =B11+1 -> 44871 | C12: =TEXT(B12,"ddd") -> Sun | D12: 0.84936249 | E12: 0.4566703 | F12: 0.67429138 | G12: 16535.707 | H12: 0.561 | J12: 0 | K12: 3085006 | L12: 12241 | P12: 85992 | Q12: 0 | R12: 115811 | S12: 0 | T12: 0 | U12: 0 | V12: =SUM(T12:U12) -> 0 | W12: 0 | X12: 12241 | Y12: =SUM(W12:X12) -> 12241 | Z12: 0 | AA12: 0 | AB12: 0 | AC12: 8.7 | AJ12: =SUM(AD12:AH12) -> 0 | AK12: =AG12+AK11 -> 0 | AM12: 0 | AN12: =AM12+AN11 -> 1474.93 | AO12: 494472 | AP12: =AO12-AO11 -> 2985 | AQ12: 70205 | AR12: =AQ12-AQ11 -> 405 | AS12: 10203 | AT12: =AS12-AS11 -> 32 | AU12: 85992 | AV12: =AU12-AU11 -> 0 | AW12: 115817 | AX12: =AW12-AW11 -> 0 | AY12: =AV12+AX12 -> 0
B13: =B12+1 -> 44872 | C13: =TEXT(B13,"ddd") -> Mon | D13: 0.63177628 | E13: 0.59128838 | F13: 0.81678955 | G13: 17032.783 | H13: 0.561 | J13: 0 | K13: 3103272 | L13: 18266 | P13: 85992 | Q13: 0 | R13: 115811 | S13: 0 | T13: 0 | U13: 0 | V13: =SUM(T13:U13) -> 0 | W13: 0 | X13: 18389 | Y13: =SUM(W13:X13) -> 18389 | Z13: 0 | AA13: 0 | AB13: 0 | AC13: 19.74 | AJ13: =SUM(AD13:AH13) -> 0 | AK13: =AG13+AK12 -> 0 | AM13: 158.12 | AN13: =AM13+AN12 -> 1633.05 | AO13: 497143 | AP13: =AO13-AO12 -> 2671 | AQ13: 70547 | AR13: =AQ13-AQ12 -> 342 | AS13: 10245 | AT13: =AS13-AS12 -> 42 | AU13: 85992 | AV13: =AU13-AU12 -> 0 | AW13: 115817 | AX13: =AW13-AW12 -> 0 | AY13: =AV13+AX13 -> 0 | AZ13: 1NS
B14: =B13+1 -> 44873 | C14: =TEXT(B14,"ddd") -> Tue | D14: 0.75441635 | E14: 0.66677803 | F14: 0.6385146 | G14: 17198.57 | H14: 0.559 | J14: 0 | K14: 3122296 | L14: 19024 | P14: 85992 | Q14: 0 | R14: 115811 | S14: 0 | T14: 0 | U14: 0 | V14: =SUM(T14:U14) -> 0 | W14: 0 | X14: 18967 | Y14: =SUM(W14:X14) -> 18967 | Z14: 0 | AA14: 0 | AB14: 0 | AC14: 23.84 | AJ14: =SUM(AD14:AH14) -> 0 | AK14: =AG14+AK13 -> 0 | AM14: 289.94 | AN14: =AM14+AN13 -> 1922.99 | AO14: 500416 | AP14: =AO14-AO13 -> 3273 | AQ14: 70875 | AR14: =AQ14-AQ13 -> 328 | AS14: 10281 | AT14: =AS14-AS13 -> 36 | AU14: 85992 | AV14: =AU14-AU13 -> 0 | AW14: 115817 | AX14: =AW14-AW13 -> 0 | AY14: =AV14+AX14 -> 0 | AZ14: 2
B15: =B14+1 -> 44874 | C15: =TEXT(B15,"ddd") -> Wed | D15: 0.67505478 | E15: 0.73127182 | F15: 0.57123768 | G15: 16512.662 | H15: 0.558 | J15: 0 | K15: 3143282 | L15: 20986 | P15: 85992 | Q15: 0 | R15: 115811 | S15: 0 | T15: 0 | U15: 0 | V15: =SUM(T15:U15) -> 0 | W15: 0 | X15: 20920 | Y15: =SUM(W15:X15) -> 20920 | Z15: 0 | AA15: 0 | AB15: 0 | AC15: 23.74 | AJ15: =SUM(AD15:AH15) -> 0 | AK15: =AG15+AK14 -> 0 | AM15: 268.86 | AN15: =AM15+AN14 -> 2191.85 | AO15: 503485 | AP15: =AO15-AO14 -> 3069 | AQ15: 71225 | AR15: =AQ15-AQ14 -> 350 | AS15: 10325 | AT15: =AS15-AS14 -> 44 | AU15: 85992 | AV15: =AU15-AU14 -> 0 | AW15: 115817 | AX15: =AW15-AW14 -> 0 | AY15: =AV15+AX15 -> 0 | AZ15: 2
B16: =B15+1 -> 44875 | C16: =TEXT(B16,"ddd") -> Thu | D16: 0.80640686 | E16: 0.5934243 | F16: 0.7283725 | G16: 17770.501 | H16: 0.555 | J16: 0 | K16: 3163948 | L16: 20666 | P16: 85992 | Q16: 0 | R16: 115811 | S16: 0 | T16: 0 | U16: 0 | V16: =SUM(T16:U16) -> 0 | W16: 0 | X16: 20666 | Y16: =SUM(W16:X16) -> 20666 | Z16: 0 | AA16: 0 | AB16: 0 | AC16: 23.99 | AJ16: =SUM(AD16:AH16) -> 0 | AK16: =AG16+AK15 -> 0 | AM16: 262.29 | AN16: =AM16+AN15 -> 2454.14 | AO16: 506423 | AP16: =AO16-AO15 -> 2938 | AQ16: 71567 | AR16: =AQ16-AQ15 -> 342 | AS16: 10384 | AT16: =AS16-AS15 -> 59 | AU16: 85992 | AV16: =AU16-AU15 -> 0 | AW16: 115817 | AX16: =AW16-AW15 -> 0 | AY16: =AV16+AX16 -> 0 | AZ16: 2
B17: =B16+1 -> 44876 | C17: =TEXT(B17,"ddd") -> Fri | D17: 0.73780609 | E17: 0.73881012 | F17: 0.54687817 | G17: 16896.178 | H17: 0.556 | J17: 0 | K17: 3185881 | L17: 21933 | P17: 85992 | Q17: 0 | R17: 115811 | S17: 0 | T17: 0 | U17: 0 | V17: =SUM(T17:U17) -> 0 | W17: 0 | X17: 21933 | Y17: =SUM(W17:X17) -> 21933 | Z17: 0 | AA17: 0 | AB17: 0 | AC17: 24.03 | AJ17: =SUM(AD17:AH17) -> 0 | AK17: =AG17+AK16 -> 0 | AM17: 323.04 | AN17: =AM17+AN16 -> 2777.18 | AO17: 509708 | AP17: =AO17-AO16 -> 3285 | AQ17: 71979 | AR17: =AQ17-AQ16 -> 412 | AS17: 10442 | AT17: =AS17-AS16 -> 58 | AU17: 85992 | AV17: =AU17-AU16 -> 0 | AW17: 115817 | AX17: =AW17-AW16 -> 0 | AY17: =AV17+AX17 -> 0 | AZ17: 2
B18: =B17+1 -> 44877 | C18: =TEXT(B18,"ddd") -> Sat | D18: 0.20891991 | E18: 0.26203934 | F18: 0.15394093 | G18: 5217.9165 | H18: 0.558 | J18: 0 | K18: 3214637 | L18: 28756 | P18: 85992 | Q18: 0 | R18: 115811 | S18: 0 | T18: 0 | U18: 0 | V18: =SUM(T18:U18) -> 0 | W18: 0 | X18: 28756 | Y18: =SUM(W18:X18) -> 28756 | Z18: 0 | AA18: 0 | AB18: 0 | AC18: 23.95 | AJ18: =SUM(AD18:AH18) -> 0 | AK18: =AG18+AK17 -> 0 | AM18: 262.3 | AN18: =AM18+AN17 -> 3039.48 | AO18: 513500 | AP18: =AO18-AO17 -> 3792 | AQ18: 72200 | AR18: =AQ18-AQ17 -> 221 | AS18: 10487 | AT18: =AS18-AS17 -> 45 | AU18: 85992 | AV18: =AU18-AU17 -> 0 | AW18: 115817 | AX18: =AW18-AW17 -> 0 | AY18: =AV18+AX18 -> 0 | AZ18: 2
B19: =B18+1 -> 44878 | C19: =TEXT(B19,"ddd") -> Sun | D19: 0.93800186 | E19: 0.76123337 | F19: 0.6054668 | G19: 19244.262 | H19: 0.563 | J19: 0 | K19: 3221109 | L19: 6472 | P19: 85992 | Q19: 0 | R19: 115811 | S19: 0 | T19: 0 | U19: 0 | V19: =SUM(T19:U19) -> 0 | W19: 0 | X19: 6096 | Y19: =SUM(W19:X19) -> 6096 | Z19: 0 | AA19: 0 | AB19: 0 | AC19: 5.88 | AJ19: =SUM(AD19:AH19) -> 0 | AK19: =AG19+AK18 -> 0 | AM19: 0 | AN19: =AM19+AN18 -> 3039.48 | AO19: 516314 | AP19: =AO19-AO18 -> 2814 | AQ19: 72506 | AR19: =AQ19-AQ18 -> 306 | AS19: 10534 | AT19: =AS19-AS18 -> 47 | AU19: 85992 | AV19: =AU19-AU18 -> 0 | AW19: 115817 | AX19: =AW19-AW18 -> 0 | AY19: =AV19+AX19 -> 0 | AZ19: no canning
B20: =B19+1 -> 44879 | C20: =TEXT(B20,"ddd") -> Mon | D20: 0.61965378 | E20: 0.80249687 | F20: 0.5713689 | G20: 16645.888 | H20: 0.56 | J20: 0 | K20: 3241530 | L20: 20421 | P20: 85992 | Q20: 0 | R20: 115811 | S20: 0 | T20: 0 | U20: 0 | V20: =SUM(T20:U20) -> 0 | W20: 0 | X20: 20107 | Y20: =SUM(W20:X20) -> 20107 | Z20: 0 | AA20: 0 | AB20: 0 | AC20: 25.35 | AJ20: =SUM(AD20:AH20) -> 0 | AK20: =AG20+AK19 -> 0 | AM20: 106.36 | AN20: =AM20+AN19 -> 3145.84 | AO20: 520070 | AP20: =AO20-AO19 -> 3756 | AQ20: 72821 | AR20: =AQ20-AQ19 -> 315 | AS20: 10569 | AT20: =AS20-AS19 -> 35 | AU20: 85992 | AV20: =AU20-AU19 -> 0 | AW20: 115817 | AX20: =AW20-AW19 -> 0 | AY20: =AV20+AX20 -> 0 | AZ20: 1NS
B21: =B20+1 -> 44880 | C21: =TEXT(B21,"ddd") -> Tue | D21: 0.78915909 | E21: 0.64756546 | F21: 0.6049136 | G21: 17047.679 | H21: 0.561 | J21: 0 | K21: 3258282 | L21: 16752 | P21: 85992 | Q21: 0 | R21: 115811 | S21: 0 | T21: 0 | U21: 0 | V21: =SUM(T21:U21) -> 0 | W21: 0 | X21: 17442 | Y21: =SUM(W21:X21) -> 17442 | Z21: 0 | AA21: 0 | AB21: 0 | AC21: 23.45 | AJ21: =SUM(AD21:AH21) -> 0 | AK21: =AG21+AK20 -> 0 | AM21: 327.12 | AN21: =AM21+AN20 -> 3472.96 | AO21: 523686 | AP21: =AO21-AO20 -> 3616 | AQ21: 73142 | AR21: =AQ21-AQ20 -> 321 | AS21: 10616 | AT21: =AS21-AS20 -> 47 | AU21: 85992 | AV21: =AU21-AU20 -> 0 | AW21: 115817 | AX21: =AW21-AW20 -> 0 | AY21: =AV21+AX21 -> 0 | AZ21: 2
B22: =B21+1 -> 44881 | C22: =TEXT(B22,"ddd") -> Wed | D22: 0.46858612 | E22: 0.69839149 | F22: 0.40014446 | G22: 13085.469 | H22: 0.557 | J22: 0 | K22: 3280453 | L22: 22171 | P22: 85992 | Q22: 0 | R22: 115811 | S22: 0 | T22: 0 | U22: 0 | V22: =SUM(T22:U22) -> 0 | W22: 0 | X22: 22171 | Y22: =SUM(W22:X22) -> 22171 | Z22: 0 | AA22: 0 | AB22: 0 | AC22: 24.38 | AJ22: =SUM(AD22:AH22) -> 0 | AK22: =AG22+AK21 -> 0 | AM22: 404.12 | AN22: =AM22+AN21 -> 3877.08 | AO22: 527388 | AP22: =AO22-AO21 -> 3702 | AQ22: 73530 | AR22: =AQ22-AQ21 -> 388 | AS22: 10666 | AT22: =AS22-AS21 -> 50 | AU22: 85992 | AV22: =AU22-AU21 -> 0 | AW22: 115817 | AX22: =AW22-AW21 -> 0 | AY22: =AV22+AX22 -> 0 | AZ22: 2
B23: =B22+1 -> 44882 | C23: =TEXT(B23,"ddd") -> Thu | D23: 0.69117813 | E23: 0.49747482 | F23: 0.5510191 | G23: 14526.262 | H23: 0.557 | J23: 0 | K23: 3302067 | L23: 21614 | P23: 85992 | Q23: 0 | R23: 115811 | S23: 0 | T23: 649 | U23: 0 | V23: =SUM(T23:U23) -> 649 | W23: 0 | X23: 21614 | Y23: =SUM(W23:X23) -> 21614 | Z23: 0 | AA23: 0 | AB23: 0 | AC23: 21.51 | AJ23: =SUM(AD23:AH23) -> 0 | AK23: =AG23+AK22 -> 0 | AM23: 327.07 | AN23: =AM23+AN22 -> 4204.15 | AO23: 530276 | AP23: =AO23-AO22 -> 2888 | AQ23: 73791 | AR23: =AQ23-AQ22 -> 261 | AS23: 10722 | AT23: =AS23-AS22 -> 56 | AU23: 85992 | AV23: =AU23-AU22 -> 0 | AW23: 115817 | AX23: =AW23-AW22 -> 0 | AY23: =AV23+AX23 -> 0 | AZ23: 2
B24: =B23+1 -> 44883 | C24: =TEXT(B24,"ddd") -> Fri | D24: 0.65345886 | E24: 0.70064011 | F24: 0.70105606 | G24: 17160.545 | H24: 0.554 | J24: 0 | K24: 3320740 | L24: 18673 | P24: 85992 | Q24: 0 | R24: 115811 | S24: 0 | T24: 0 | U24: 0 | V24: =SUM(T24:U24) -> 0 | W24: 0 | X24: 18673 | Y24: =SUM(W24:X24) -> 18673 | Z24: 0 | AA24: 0 | AB24: 0 | AC24: 23.94 | AJ24: =SUM(AD24:AH24) -> 0 | AK24: =AG24+AK23 -> 0 | AM24: 276.27 | AN24: =AM24+AN23 -> 4480.42 | AO24: 533710 | AP24: =AO24-AO23 -> 3434 | AQ24: 74124 | AR24: =AQ24-AQ23 -> 333 | AS24: 10756 | AT24: =AS24-AS23 -> 34 | AU24: 85992 | AV24: =AU24-AU23 -> 0 | AW24: 115817 | AX24: =AW24-AW23 -> 0 | AY24: =AV24+AX24 -> 0 | AZ24: 2
B25: =B24+1 -> 44884 | C25: =TEXT(B25,"ddd") -> Sat | D25: 0.17958344 | E25: 0.1469194 | F25: 0.34201839 | G25: 5582.1523 | H25: 0.556 | J25: 0 | K25: 3348167 | L25: 27427 | P25: 85992 | Q25: 0 | R25: 115811 | S25: 0 | T25: 0 | U25: 0 | V25: =SUM(T25:U25) -> 0 | W25: 0 | X25: 27427 | Y25: =SUM(W25:X25) -> 27427 | Z25: 0 | AA25: 0 | AB25: 0 | AC25: 24.12 | AJ25: =SUM(AD25:AH25) -> 0 | AK25: =AG25+AK24 -> 0 | AM25: 193.03 | AN25: =AM25+AN24 -> 4673.45 | AO25: 537432 | AP25: =AO25-AO24 -> 3722 | AQ25: 74425 | AR25: =AQ25-AQ24 -> 301 | AS25: 10790 | AT25: =AS25-AS24 -> 34 | AU25: 85992 | AV25: =AU25-AU24 -> 0 | AW25: 115817 | AX25: =AW25-AW24 -> 0 | AY25: =AV25+AX25 -> 0 | AZ25: 1DS
B26: =B25+1 -> 44885 | C26: =TEXT(B26,"ddd") -> Sun | D26: 0.89585175 | E26: 0.67595917 | F26: 0.78509003 | G26: 19680.123 | H26: 0.556 | J26: 0 | K26: 3357300 | L26: 9133 | P26: 85992 | Q26: 0 | R26: 115811 | S26: 0 | T26: 0 | U26: 0 | V26: =SUM(T26:U26) -> 0 | W26: 0 | X26: 7112 | Y26: =SUM(W26:X26) -> 7112 | Z26: 0 | AA26: 0 | AB26: 0 | AC26: 6.26 | AJ26: =SUM(AD26:AH26) -> 0 | AK26: =AG26+AK25 -> 0 | AM26: 0 | AN26: =AM26+AN25 -> 4673.45 | AO26: 540889 | AP26: =AO26-AO25 -> 3457 | AQ26: 74727 | AR26: =AQ26-AQ25 -> 302 | AS26: 10825 | AT26: =AS26-AS25 -> 35 | AU26: 85992 | AV26: =AU26-AU25 -> 0 | AW26: 115817 | AX26: =AW26-AW25 -> 0 | AY26: =AV26+AX26 -> 0 | AZ26: no canning
B27: =B26+1 -> 44886 | C27: =TEXT(B27,"ddd") -> Mon | D27: 0.57053268 | E27: 0.52575493 | F27: 0.64604523 | G27: 14548.479 | H27: 0.558 | J27: 0 | K27: 3377608 | L27: 20308 | P27: 85992 | Q27: 0 | R27: 115811 | S27: 0 | T27: 0 | U27: 0 | V27: =SUM(T27:U27) -> 0 | W27: 0 | X27: 21502 | Y27: =SUM(W27:X27) -> 21502 | Z27: 0 | AA27: 0 | AB27: 0 | AC27: 23.96 | AJ27: =SUM(AD27:AH27) -> 0 | AK27: =AG27+AK26 -> 0 | AM27: 247.2 | AN27: =AM27+AN26 -> 4920.65 | AO27: 544233 | AP27: =AO27-AO26 -> 3344 | AQ27: 75056 | AR27: =AQ27-AQ26 -> 329 | AS27: 10860 | AT27: =AS27-AS26 -> 35 | AU27: 85992 | AV27: =AU27-AU26 -> 0 | AW27: 115817 | AX27: =AW27-AW26 -> 0 | AY27: =AV27+AX27 -> 0 | AZ27: 1NS
B28: =B27+1 -> 44887 | C28: =TEXT(B28,"ddd") -> Tue | D28: 0.63523819 | E28: 0.50464706 | F28: 0.38951862 | G28: 12770.522 | H28: 0.557 | J28: 0 | K28: 3395552 | L28: 17944 | P28: 85992 | Q28: 0 | R28: 115811 | S28: 0 | T28: 0 | U28: 0 | V28: =SUM(T28:U28) -> 0 | W28: 0 | X28: 18359 | Y28: =SUM(W28:X28) -> 18359 | Z28: 0 | AA28: 0 | AB28: 0 | AC28: 24.15 | AJ28: =SUM(AD28:AH28) -> 0 | AK28: =AG28+AK27 -> 0 | AM28: 340.5 | AN28: =AM28+AN27 -> 5261.15 | AO28: 548347 | AP28: =AO28-AO27 -> 4114 | AQ28: 75396 | AR28: =AQ28-AQ27 -> 340 | AS28: 10903 | AT28: =AS28-AS27 -> 43 | AU28: 85992 | AV28: =AU28-AU27 -> 0 | AW28: 115817 | AX28: =AW28-AW27 -> 0 | AY28: =AV28+AX28 -> 0 | AZ28: 2
B29: =B28+1 -> 44888 | C29: =TEXT(B29,"ddd") -> Wed | D29: 0.68709183 | E29: 0.53220383 | F29: 0.48863506 | G29: 14261.222 | H29: 0.557 | J29: 0 | K29: 3411070 | L29: 15518 | P29: 85992 | Q29: 0 | R29: 115811 | S29: 0 | T29: 0 | U29: 0 | V29: =SUM(T29:U29) -> 0 | W29: 0 | X29: 15930 | Y29: =SUM(W29:X29) -> 15930 | Z29: 0 | AA29: 0 | AB29: 0 | AC29: 24.22 | AJ29: =SUM(AD29:AH29) -> 0 | AK29: =AG29+AK28 -> 0 | AM29: 229.35 | AN29: =AM29+AN28 -> 5490.5 | AO29: 552163 | AP29: =AO29-AO28 -> 3816 | AQ29: 75688 | AR29: =AQ29-AQ28 -> 292 | AS29: 10945 | AT29: =AS29-AS28 -> 42 | AU29: 85992 | AV29: =AU29-AU28 -> 0 | AW29: 115817 | AX29: =AW29-AW28 -> 0 | AY29: =AV29+AX29 -> 0 | AZ29: 2
B30: =B29+1 -> 44889 | C30: =TEXT(B30,"ddd") -> Thu | D30: 0.63828735 | E30: 0.63314682 | F30: 0.78517685 | G30: 17172.702 | H30: 0.555 | J30: 0 | K30: 3427534 | L30: 16464 | P30: 85992 | Q30: 0 | R30: 115811 | S30: 0 | T30: 0 | U30: 0 | V30: =SUM(T30:U30) -> 0 | W30: 0 | X30: 16464 | Y30: =SUM(W30:X30) -> 16464 | Z30: 0 | AA30: 0 | AB30: 0 | AC30: 24 | AJ30: =SUM(AD30:AH30) -> 0 | AK30: =AG30+AK29 -> 0 | AM30: 161.89 | AN30: =AM30+AN29 -> 5652.39 | AO30: 555302 | AP30: =AO30-AO29 -> 3139 | AQ30: 75990 | AR30: =AQ30-AQ29 -> 302 | AS30: 10986 | AT30: =AS30-AS29 -> 41 | AU30: 85992 | AV30: =AU30-AU29 -> 0 | AW30: 115817 | AX30: =AW30-AW29 -> 0 | AY30: =AV30+AX30 -> 0 | AZ30: 2
B31: =B30+1 -> 44890 | C31: =TEXT(B31,"ddd") -> Fri | D31: 0.75843399 | E31: 0.7032962 | F31: 0.6699707 | G31: 17799.702 | H31: 0.554 | J31: 0 | K31: 3444944 | L31: 17410 | P31: 85992 | Q31: 0 | R31: 115811 | S31: 0 | T31: 0 | U31: 0 | V31: =SUM(T31:U31) -> 0 | W31: 0 | X31: 17410 | Y31: =SUM(W31:X31) -> 17410 | Z31: 0 | AA31: 0 | AB31: 0 | AC31: 24.09 | AJ31: =SUM(AD31:AH31) -> 0 | AK31: =AG31+AK30 -> 0 | AM31: 173.92 | AN31: =AM31+AN30 -> 5826.31 | AO31: 558742 | AP31: =AO31-AO30 -> 3440 | AQ31: 76304 | AR31: =AQ31-AQ30 -> 314 | AS31: 11033 | AT31: =AS31-AS30 -> 47 | AU31: 85992 | AV31: =AU31-AU30 -> 0 | AW31: 115817 | AX31: =AW31-AW30 -> 0 | AY31: =AV31+AX31 -> 0 | AZ31: 2
B32: =B31+1 -> 44891 | C32: =TEXT(B32,"ddd") -> Sat | D32: 0.29664589 | E32: 0.26987663 | F32: 0.30801678 | G32: 7302.4032 | H32: 0.555 | J32: 0 | K32: 3469286 | L32: 24342 | P32: 85992 | Q32: 0 | R32: 115811 | S32: 0 | T32: 0 | U32: 0 | V32: =SUM(T32:U32) -> 0 | W32: 0 | X32: 24342 | Y32: =SUM(W32:X32) -> 24342 | Z32: 0 | AA32: 0 | AB32: 0 | AC32: 23.31 | AJ32: =SUM(AD32:AH32) -> 0 | AK32: =AG32+AK31 -> 0 | AM32: 174.49 | AN32: =AM32+AN31 -> 6000.8 | AO32: 561900 | AP32: =AO32-AO31 -> 3158 | AQ32: 76580 | AR32: =AQ32-AQ31 -> 276 | AS32: 11083 | AT32: =AS32-AS31 -> 50 | AU32: 85992 | AV32: =AU32-AU31 -> 0 | AW32: 115817 | AX32: =AW32-AW31 -> 0 | AY32: =AV32+AX32 -> 0 | AZ32: 1DS
B33: =B32+1 -> 44892 | C33: =TEXT(B33,"ddd") -> Sun | D33: 0.84977066 | E33: 0.67824898 | F33: 0.44524654 | G33: 16476.773 | H33: 0.558 | J33: 0 | K33: 3478647 | L33: 9361 | P33: 85992 | Q33: 0 | R33: 115811 | S33: 0 | T33: 208 | U33: 0 | V33: =SUM(T33:U33) -> 208 | W33: 0 | X33: 7788 | Y33: =SUM(W33:X33) -> 7788 | Z33: 0 | AA33: 0 | AB33: 0 | AC33: 8.12 | AJ33: =SUM(AD33:AH33) -> 0 | AK33: =AG33+AK32 -> 0 | AM33: 0 | AN33: =AM33+AN32 -> 6000.8 | AO33: 565089 | AP33: =AO33-AO32 -> 3189 | AQ33: 76861 | AR33: =AQ33-AQ32 -> 281 | AS33: 11098 | AT33: =AS33-AS32 -> 15 | AU33: 85992 | AV33: =AU33-AU32 -> 0 | AW33: 115817 | AX33: =AW33-AW32 -> 0 | AY33: =AV33+AX33 -> 0 | AZ33: no canning
B34: =B33+1 -> 44893 | C34: =TEXT(B34,"ddd") -> Mon | D34: 0.84176117 | E34: 0.64463684 | F34: 0.44525867 | G34: 16129.333 | H34: 0.56 | J34: 0 | K34: 3492875 | L34: 14228 | P34: 85992 | Q34: 0 | R34: 115811 | S34: 0 | T34: 0 | U34: 0 | V34: =SUM(T34:U34) -> 0 | W34: 0 | X34: 14982 | Y34: =SUM(W34:X34) -> 14982 | Z34: 0 | AA34: 0 | AB34: 0 | AC34: 24.02 | AJ34: =SUM(AD34:AH34) -> 0 | AK34: =AG34+AK33 -> 0 | AM34: 117.1 | AN34: =AM34+AN33 -> 6117.9 | AO34: 568112 | AP34: =AO34-AO33 -> 3023 | AQ34: 77124 | AR34: =AQ34-AQ33 -> 263 | AS34: 11150 | AT34: =AS34-AS33 -> 52 | AU34: 85992 | AV34: =AU34-AU33 -> 0 | AW34: 115817 | AX34: =AW34-AW33 -> 0 | AY34: =AV34+AX34 -> 0 | AZ34: 1NS
B35: =B34+1 -> 44894 | C35: =TEXT(B35,"ddd") -> Tue | D35: 0.55633347 | E35: 0.43110863 | F35: 0.6083881 | G35: 13325.182 | H35: 0.56 | J35: 0 | K35: 3509300 | L35: 16425 | P35: 85992 | Q35: 0 | R35: 115811 | S35: 0 | T35: 0 | U35: 0 | V35: =SUM(T35:U35) -> 0 | W35: 0 | X35: 16218 | Y35: =SUM(W35:X35) -> 16218 | Z35: 0 | AA35: 0 | AB35: 0 | AC35: 24.45 | AJ35: =SUM(AD35:AH35) -> 0 | AK35: =AG35+AK34 -> 0 | AM35: 273.96 | AN35: =AM35+AN34 -> 6391.86 | AO35: 571100 | AP35: =AO35-AO34 -> 2988 | AQ35: 77350 | AR35: =AQ35-AQ34 -> 226 | AS35: 11183 | AT35: =AS35-AS34 -> 33 | AU35: 85992 | AV35: =AU35-AU34 -> 0 | AW35: 115817 | AX35: =AW35-AW34 -> 0 | AY35: =AV35+AX35 -> 0 | AZ35: 2
B36: =B35+1 -> 44895 | C36: =TEXT(B36,"ddd") -> Wed | D36: 0.95255676 | E36: 0.76053825 | F36: 0.70691666 | G36: 20207.097 | H36: 0.557 | J36: 0 | K36: 3518152 | L36: 8852 | P36: 85992 | Q36: 0 | R36: 115811 | S36: 0 | T36: 0 | U36: 0 | V36: =SUM(T36:U36) -> 0 | W36: 0 | X36: 8586 | Y36: =SUM(W36:X36) -> 8586 | Z36: 0 | AA36: 0 | AB36: 0 | AC36: 9.15 | AJ36: =SUM(AD36:AH36) -> 0 | AK36: =AG36+AK35 -> 0 | AN36: =AM36+AN35 -> 6391.86 | AO36: 574001 | AP36: =AO36-AO35 -> 2901 | AQ36: 77584 | AR36: =AQ36-AQ35 -> 234 | AS36: 11219 | AT36: =AS36-AS35 -> 36 | AU36: 85992 | AV36: =AU36-AU35 -> 0 | AW36: 115817 | AX36: =AW36-AW35 -> 0 | AY36: =AV36+AX36 -> 0 | AZ36: 2
B38: Total/Average | D38: 0.66675403 | E38: 0.59115364 | F38: 0.58072094 | G38: 15352.549 | H38: 0.55766667 | J38: 0 | K38: 3518152 | L38: 539425 | O38: 12562 | Q38: 0 | S38: 0 | T38: =SUM(T7:T37) -> 857 | U38: =SUM(U7:U37) -> 0 | V38: =SUM(V7:V37) -> 857 | X38: 0 | Y38: =SUM(Y7:Y36) -> 538133 | Z38: =SUM(Z7:Z37) -> 0 | AA38: =SUM(AA7:AA37) -> 0 | AB38: =SUM(AB7:AB37) -> 2.53 | AC38: =SUM(AC7:AC37) -> 606.83 | AG38: =SUM(AG7:AG36) -> 0 | AJ38: =SUM(AJ7:AJ37) -> 0 | AL38: =AVERAGE(AL7:AL37) -> #DIV/0! | AM38: =SUM(AM7:AM37) -> 6391.86 | AP38: =SUM(AP7:AP37) -> 98841 | AR38: =SUM(AR7:AR37) -> 9324 | AT38: =SUM(AT7:AT37) -> 1263 | AV38: =SUMIFS(AV7:AV36,AV7:AV36,">0") -> 0 | AX38: =SUMIFS(AX7:AX37,AX7:AX37,">0") -> 0 | AY38: =SUM(AY7:AY36) -> 0
K41: BOILER GAS CONSUMPTION | Q41: GAS ENGINE POWER
K42: SBVC | L42: =L38 -> 539425 | Q42: SBVC | R42: =Q38+S38-S32 -> 0 | AV42: -15
K43: DPO | L43: =Y38 -> 538133 | M43: *Note- shared totalizer is real time vs 6 am log on later part of November | Q43: DPO | R43: =BA38 -> 0
K44: Difference | L44: =ABS(L42-L43) -> 1292 | M44: This value will be deducted on December billing | Q44: Difference | R44: =ABS(R42-R43) -> 0
K45: Invoice | L45: 539425 | Q45: Invoice

Sheet Dec2022
B2: Note: Recording should be done 1st hour of the day | AI2: =5*101/1000*1.26 -> 0.6363 | AJ2: =AI2*30 -> 19.089
B3: DAILY BIOGAS USAGE MONITORING | AD3: SBVC RECORD | AG3: DPO RECORD (Lowela) | AI3: Biogas Operation Utility Consumption | AT3: Remarks/ Shifts
B4: Date | C4: Day | D4: Gas Storage (%) | H4: Quality | M4: Gas Flare | P4: Gas Engine 1 Power Meter (kWh) | R4: Gas Engine 2 Power Meter (kWh) | T4: Diesel Fuel Consumption | W4: Biogas Fuel Consumption | Z4: Ope. Hrs w/ Diesel | AB4: Ope. Hrs w/ Biogas | AD4: Waste Hauling Operation | AG4: Waste Hauling Operation
D5: F1 | E5: F2 | F5: F3 | G5: Total | H5: Methane Content | I5: Thermax 1 Consumption | K5: Thermax 2 Consumption | M5: Time | O5: Total Volume | T5: Thermax 1 | U5: Thermax 2 | V5: Total | W5: Thermax 1 | X5: Thermax 2 | Y5: Total | Z5: Thermax 1 | AA5: Thermax 2 | AB5: Thermax 1 | AC5: Thermax 2 | AD5: Actual Waste Delivered (MT) | AF5: DS | AG5: Actual Waste Delivered (MT) | AI5: Electricity @ Biogas plant, kWhr | AK5: Electricity @ DPO cannery (Blower) , kWhr | AM5: Water, m3 | AO5: Gas Engine 1 Power Meter (kWh) | AQ5: Gas Engine 2 Power Meter (kWh) | AS5: Gas Engine 1+2 power (kWh)
D6: 8350 | E6: 8350 | F6: 8350 | G6: =D6+E6+F6 -> 25050 | H6: 55% Min | I6: Consumption | J6: Totalizer | K6: Consumption | M6: Start | N6: End | O6: Nm³ | P6: Totalizer | Q6: Output | R6: Totalizer | S6: Output | T6: Li. | U6: Li. | V6: Li. | Z6: Hrs | AA6: Hrs | AB6: Hrs | AC6: Hrs | AD6: Delivery | AE6: Cummulative | AF6: % | AG6: Delivery | AH6: Cummulative | AI6: Totalizer | AJ6: Consumed | AK6: Totalizer | AL6: Consumed | AM6: Totalizer | AN6: Consumed | AO6: Totalizer | AP6: Output | AQ6: Totalizer | AR6: Output | AS6: Consumption
B7: 44896 | C7: =TEXT(B7,"ddd") -> Thu | D7: 0.61115433 | E7: 0.51005928 | F7: 0.64426178 | G7: =SUMPRODUCT($D$6:$F$6,D7:F7) -> 14741.72 | H7: 0.558 | I7: 0 | J7: 0 | K7: 3535239 | L7: =K7-'Nov2022'!K36 -> 17087 | T7: 0 | U7: 0 | V7: =SUM(T7:U7) -> 0 | W7: 0 | X7: 18379 | Y7: =SUM(W7:X7) -> 18379 | Z7: 0 | AA7: 0 | AB7: 0 | AC7: 26.61 | AE7: =AD7 -> 0 | AF7: =AVERAGE(14.43,12.98,16.09) -> 14.5 | AG7: 398.59 | AH7: =AG7 -> 398.59 | AI7: 575903 | AJ7: =AI7-'Nov2022'!AO36 -> 1902 | AK7: 77908 | AL7: =AK7-'Nov2022'!AQ36 -> 324 | AM7: 11258 | AN7: =AM7-'Nov2022'!AS36 -> 39 | AO7: 85992 | AP7: =AO7-'Oct2022'!AQ37 -> 0 | AQ7: 115817 | AR7: =AQ7-'Oct2022'!AS37 -> 0 | AS7: =AP7+AR7 -> 0 | AT7: 2
B8: =B7+1 -> 44897 | C8: =TEXT(B8,"ddd") -> Fri | D8: 0.59967102 | E8: 0.53131355 | F8: 0.37692013 | G8: =SUMPRODUCT($D$6:$F$6,D8:F8) -> 12591.004 | H8: 0.554 | I8: 0 | J8: 0 | K8: 3549084 | L8: =K8-K7 -> 13845 | T8: 0 | U8: 0 | V8: =SUM(T8:U8) -> 0 | W8: 0 | X8: 13845 | Y8: =SUM(W8:X8) -> 13845 | Z8: 0 | AA8: 0 | AB8: 0 | AC8: 23.93 | AE8: =AD8+AE7 -> 0 | AF8: =AVERAGE(14.81,15.91,15.74,15.76) -> 15.555 | AG8: 269.89 | AH8: =AG8+AH7 -> 668.48 | AI8: 578803 | AJ8: =AI8-AI7 -> 2900 | AK8: 78146 | AL8: =AK8-AK7 -> 238 | AM8: 11289 | AN8: =AM8-AM7 -> 31 | AO8: 85992 | AP8: =AO8-AO7 -> 0 | AQ8: 115817 | AR8: =AQ8-AQ7 -> 0 | AS8: =AP8+AR8 -> 0 | AT8: 2
B9: =B8+1 -> 44898 | C9: =TEXT(B9,"ddd") -> Sat | D9: 0.29561249 | E9: 0.28258385 | F9: 0.29491421 | G9: =SUMPRODUCT($D$6:$F$6,D9:F9) -> 7290.4731 | H9: 0.557 | I9: 0 | J9: 0 | K9: =3565066+794 -> 3565860 | L9: =K9-K8 -> 16776 | T9: 0 | U9: 0 | V9: =SUM(T9:U9) -> 0 | W9: 0 | X9: 16776 | Y9: =SUM(W9:X9) -> 16776 | Z9: 0 | AA9: 0 | AB9: 0 | AC9: 24 | AE9: =AD9+AE8 -> 0 | AF9: =AVERAGE(15.16,15.18,15.74,16.34) -> 15.605 | AG9: 148.97 | AH9: =AG9+AH8 -> 817.45 | AI9: 581714 | AJ9: =AI9-AI8 -> 2911 | AK9: 78446 | AL9: =AK9-AK8 -> 300 | AM9: 11321 | AN9: =AM9-AM8 -> 32 | AO9: 85992 | AP9: =AO9-AO8 -> 0 | AQ9: 115817 | AR9: =AQ9-AQ8 -> 0 | AS9: =AP9+AR9 -> 0 | AT9: 2
A10: + | B10: =B9+1 -> 44899 | C10: =TEXT(B10,"ddd") -> Sun | D10: 0.76633545 | E10: 0.65905441 | F10: 0.25346447 | G10: =SUMPRODUCT($D$6:$F$6,D10:F10) -> 14018.434 | H10: 0.56 | I10: 0 | J10: 0 | K10: 4462100 | L10: =K10-K9 -> 896240 | T10: 0 | U10: 0 | V10: =SUM(T10:U10) -> 0 | W10: 0 | X10: 6390 | Y10: =SUM(W10:X10) -> 6390 | Z10: 0 | AA10: 0 | AB10: 0 | AC10: 6.01 | AE10: =AD10+AE9 -> 0 | AG10: 0 | AH10: =AG10+AH9 -> 817.45 | AI10: 584814 | AJ10: =AI10-AI9 -> 3100 | AK10: 78806 | AL10: =AK10-AK9 -> 360 | AM10: 11408 | AN10: =AM10-AM9 -> 87 | AO10: 85992 | AP10: =AO10-AO9 -> 0 | AQ10: 115817 | AR10: =AQ10-AQ9 -> 0 | AS10: =AP10+AR10 -> 0 | AT10: no canning
B11: =B10+1 -> 44900 | C11: =TEXT(B11,"ddd") -> Mon | D11: 0.6806691 | E11: 0.72356705 | F11: 0.48498943 | G11: =SUMPRODUCT($D$6:$F$6,D11:F11) -> 15775.034 | H11: 0.56 | I11: 0 | J11: 0 | K11: 4463457 | L11: =K11-K10 -> 1357 | T11: 0 | U11: 0 | V11: =SUM(T11:U11) -> 0 | W11: 0 | X11: 10702 | Y11: =SUM(W11:X11) -> 10702 | Z11: 0 | AA11: 0 | AB11: 0 | AC11: 17.82 | AE11: =AD11+AE10 -> 0 | AF11: =AVERAGE(18.03,17.67,15.8,17.49,17.24) -> 17.246 | AG11: 187.65 | AH11: =AG11+AH10 -> 1005.1 | AI11: 587857 | AJ11: =AI11-AI10 -> 3043 | AK11: 79116 | AL11: =AK11-AK10 -> 310 | AM11: 11440 | AN11: =AM11-AM10 -> 32 | AO11: 85992 | AP11: =AO11-AO10 -> 0 | AQ11: 115817 | AR11: =AQ11-AQ10 -> 0 | AS11: =AP11+AR11 -> 0 | AT11: 1NS
B12: =B11+1 -> 44901 | C12: =TEXT(B12,"ddd") -> Tue | D12: 0.51434189 | E12: 0.40594467 | F12: 0.61800083 | G12: =SUMPRODUCT($D$6:$F$6,D12:F12) -> 12844.7 | H12: 0.555 | I12: 0 | J12: 0 | K12: 4474173 | L12: =K12-K11 -> 10716 | T12: 0 | U12: 0 | V12: =SUM(T12:U12) -> 0 | W12: 0 | X12: 12284 | Y12: =SUM(W12:X12) -> 12284 | Z12: 0 | AA12: 0 | AB12: 0 | AC12: 23.65 | AE12: =AD12+AE11 -> 0 | AF12: 16.36 | AG12: 180.27 | AH12: =AG12+AH11 -> 1185.37 | AI12: 590899 | AJ12: =AI12-AI11 -> 3042 | AK12: 79426 | AL12: =AK12-AK11 -> 310 | AM12: 11460 | AN12: =AM12-AM11 -> 20 | AO12: 85992 | AP12: =AO12-AO11 -> 0 | AQ12: 115817 | AR12: =AQ12-AQ11 -> 0 | AS12: =AP12+AR12 -> 0 | AT12: 2
B13: =B12+1 -> 44902 | C13: =TEXT(B13,"ddd") -> Wed | D13: 0.39695389 | E13: 0.39210907 | F13: 0.21793591 | G13: =SUMPRODUCT($D$6:$F$6,D13:F13) -> 8408.4406 | H13: 0.554 | I13: 0 | J13: 0 | K13: 4496108 | L13: =K13-K12 -> 21935 | T13: 0 | U13: 0 | V13: =SUM(T13:U13) -> 0 | W13: 0 | X13: 10886 | Y13: =SUM(W13:X13) -> 10886 | Z13: 0 | AA13: 0 | AB13: 0 | AC13: 16.34 | AE13: =AD13+AE12 -> 0 | AF13: 14.41 | AG13: 5.91 | AH13: =AG13+AH12 -> 1191.28 | AI13: 595213 | AJ13: =AI13-AI12 -> 4314 | AK13: 79567 | AL13: =AK13-AK12 -> 141 | AM13: 11482 | AN13: =AM13-AM12 -> 22 | AO13: 85992 | AP13: =AO13-AO12 -> 0 | AQ13: 115817 | AR13: =AQ13-AQ12 -> 0 | AS13: =AP13+AR13 -> 0 | AT13: 2
B14: =B13+1 -> 44903 | C14: =TEXT(B14,"ddd") -> Thu | D14: 0.71774033 | E14: 0.49165237 | F14: 0.34546947 | G14: =SUMPRODUCT($D$6:$F$6,D14:F14) -> 12983.099 | H14: 0.557 | I14: 0 | J14: 0 | K14: 3610730 | L14: =K14-K13 -> -885378 | T14: 0 | U14: 0 | V14: =SUM(T14:U14) -> 0 | W14: 0 | X14: 4608 | Y14: =SUM(W14:X14) -> 4608 | Z14: 0 | AA14: 0 | AB14: 0 | AC14: 10.05 | AE14: =AD14+AE13 -> 0 | AG14: 0 | AH14: =AG14+AH13 -> 1191.28 | AI14: 599526 | AJ14: =AI14-AI13 -> 4313 | AK14: 79744 | AL14: =AK14-AK13 -> 177 | AM14: 11531 | AN14: =AM14-AM13 -> 49 | AO14: 85992 | AP14: =AO14-AO13 -> 0 | AQ14: 115817 | AR14: =AQ14-AQ13 -> 0 | AS14: =AP14+AR14 -> 0 | AT14: 2
B15: =B14+1 -> 44904 | C15: =TEXT(B15,"ddd") -> Fri | D15: 0.41911926 | E15: 0.65599541 | F15: 0.43721111 | G15: =SUMPRODUCT($D$6:$F$6,D15:F15) -> 12627.92 | H15: 0.556 | I15: 0 | J15: 0 | K15: 3616357 | L15: =K15-K14 -> 5627 | T15: 0 | U15: 0 | V15: =SUM(T15:U15) -> 0 | W15: 0 | X15: 5627 | Y15: =SUM(W15:X15) -> 5627 | Z15: 0 | AA15: 0 | AB15: 0 | AC15: 10.89 | AE15: =AD15+AE14 -> 0 | AG15: 0 | AH15: =AG15+AH14 -> 1191.28 | AI15: 601367 | AJ15: =AI15-AI14 -> 1841 | AK15: 79921 | AL15: =AK15-AK14 -> 177 | AM15: 11560 | AN15: =AM15-AM14 -> 29 | AO15: 85992 | AP15: =AO15-AO14 -> 0 | AQ15: 115817 | AR15: =AQ15-AQ14 -> 0 | AS15: =AP15+AR15 -> 0 | AT15: 2
B16: =B15+1 -> 44905 | C16: =TEXT(B16,"ddd") -> Sat | D16: 0.33197609 | E16: 0.47100174 | F16: 0.1521236 | G16: =SUMPRODUCT($D$6:$F$6,D16:F16) -> 7975.0969 | H16: 0.561 | I16: 0 | J16: 0 | K16: 3625987 | L16: =K16-K15 -> 9630 | T16: 0 | U16: 0 | V16: =SUM(T16:U16) -> 0 | W16: 0 | X16: 9630 | Y16: =SUM(W16:X16) -> 9630 | Z16: 0 | AA16: 0 | AB16: 0 | AC16: 18.05 | AE16: =AD16+AE15 -> 0 | AG16: 0 | AH16: =AG16+AH15 -> 1191.28 | AI16: 603457 | AJ16: =AI16-AI15 -> 2090 | AK16: 79976 | AL16: =AK16-AK15 -> 55 | AM16: 11571 | AN16: =AM16-AM15 -> 11 | AO16: 85992 | AP16: =AO16-AO15 -> 0 | AQ16: 115817 | AR16: =AQ16-AQ15 -> 0 | AS16: =AP16+AR16 -> 0 | AT16: 2
B17: =B16+1 -> 44906 | C17: =TEXT(B17,"ddd") -> Sun | D17: 0.25421593 | E17: 0.34723907 | F17: 0.27718601 | G17: =SUMPRODUCT($D$6:$F$6,D17:F17) -> 7336.6524 | H17: 0.563 | I17: 0 | J17: 0 | K17: =3631730-1397 -> 3630333 | L17: =K17-K16 -> 4346 | T17: 0 | U17: 0 | V17: =SUM(T17:U17) -> 0 | W17: 0 | X17: 4346 | Y17: =SUM(W17:X17) -> 4346 | Z17: 0 | AA17: 0 | AB17: 0 | AC17: 5.35 | AE17: =AD17+AE16 -> 0 | AG17: 0 | AH17: =AG17+AH16 -> 1191.28 | AI17: 605546 | AJ17: =AI17-AI16 -> 2089 | AK17: 80128 | AL17: =AK17-AK16 -> 152 | AM17: 11615 | AN17: =AM17-AM16 -> 44 | AO17: 85992 | AP17: =AO17-AO16 -> 0 | AQ17: 115817 | AR17: =AQ17-AQ16 -> 0 | AS17: =AP17+AR17 -> 0 | AT17: no canning
B18: =B17+1 -> 44907 | C18: =TEXT(B18,"ddd") -> Mon | D18: 0.90341599 | E18: 0.59589912 | F18: 0.41764233 | G18: =SUMPRODUCT($D$6:$F$6,D18:F18) -> 16006.595 | H18: 0.557 | I18: 0 | J18: 0 | K18: 3632420 | L18: =K18-K17 -> 2087 | T18: 0 | U18: 0 | V18: =SUM(T18:U18) -> 0 | W18: 0 | X18: 2087 | Y18: =SUM(W18:X18) -> 2087 | Z18: 0 | AA18: 0 | AB18: 0 | AC18: 2.86 | AE18: =AD18+AE17 -> 0 | AG18: 0 | AH18: =AG18+AH17 -> 1191.28 | AI18: 607516 | AJ18: =AI18-AI17 -> 1970 | AK18: 80280 | AL18: =AK18-AK17 -> 152 | AM18: 11659 | AN18: =AM18-AM17 -> 44 | AO18: 85992 | AP18: =AO18-AO17 -> 0 | AQ18: 115817 | AR18: =AQ18-AQ17 -> 0 | AS18: =AP18+AR18 -> 0 | AT18: 2
B19: =B18+1 -> 44908 | C19: =TEXT(B19,"ddd") -> Tue | D19: 0.50040649 | E19: 0.40379677 | F19: 0.53094128 | G19: =SUMPRODUCT($D$6:$F$6,D19:F19) -> 11983.457 | H19: 0.561 | I19: 0 | J19: 0 | K19: 3640781 | L19: =K19-K18 -> 8361 | T19: 0 | U19: 0 | V19: =SUM(T19:U19) -> 0 | W19: 0 | X19: 8361 | Y19: =SUM(W19:X19) -> 8361 | Z19: 0 | AA19: 0 | AB19: 0 | AC19: 15.7 | AE19: =AD19+AE18 -> 0 | AG19: 0 | AH19: =AG19+AH18 -> 1191.28 | AI19: 610067 | AJ19: =AI19-AI18 -> 2551 | AK19: 80447 | AL19: =AK19-AK18 -> 167 | AM19: 11701 | AN19: =AM19-AM18 -> 42 | AO19: 85992 | AP19: =AO19-AO18 -> 0 | AQ19: 115817 | AR19: =AQ19-AQ18 -> 0 | AS19: =AP19+AR19 -> 0 | AT19: 2
B20: =B19+1 -> 44909 | C20: =TEXT(B20,"ddd") -> Wed | D20: 0.41630142 | E20: 0.48760117 | F20: 0.66058182 | G20: =SUMPRODUCT($D$6:$F$6,D20:F20) -> 13063.445 | H20: 0.565 | I20: 0 | J20: 0 | K20: 3645890 | L20: =K20-K19 -> 5109 | T20: 0 | U20: 0 | V20: =SUM(T20:U20) -> 0 | W20: 0 | X20: 5109 | Y20: =SUM(W20:X20) -> 5109 | Z20: 0 | AA20: 0 | AB20: 0 | AC20: 7.96 | AE20: =AD20+AE19 -> 0 | AG20: 0 | AH20: =AG20+AH19 -> 1191.28 | AI20: 612617 | AJ20: =AI20-AI19 -> 2550 | AK20: 80614 | AL20: =AK20-AK19 -> 167 | AM20: 11749 | AN20: =AM20-AM19 -> 48 | AO20: 85992 | AP20: =AO20-AO19 -> 0 | AQ20: 115817 | AR20: =AQ20-AQ19 -> 0 | AS20: =AP20+AR20 -> 0 | AT20: 2
B21: =B20+1 -> 44910 | C21: =TEXT(B21,"ddd") -> Thu | D21: 0.80029617 | E21: 0.14300476 | F21: 0.79006927 | G21: =SUMPRODUCT($D$6:$F$6,D21:F21) -> 14473.641 | H21: 0.564 | I21: 0 | J21: 0 | K21: 3651800 | L21: =K21-K20 -> 5910 | T21: 0 | U21: 0 | V21: =SUM(T21:U21) -> 0 | W21: 0 | X21: 5910 | Y21: =SUM(W21:X21) -> 5910 | Z21: 0 | AA21: 0 | AB21: 0 | AC21: 12.98 | AE21: =AD21+AE20 -> 0 | AG21: 0 | AH21: =AG21+AH20 -> 1191.28 | AI21: 615400 | AJ21: =AI21-AI20 -> 2783 | AK21: 80788 | AL21: =AK21-AK20 -> 174 | AM21: 11802 | AN21: =AM21-AM20 -> 53 | AO21: 85992 | AP21: =AO21-AO20 -> 0 | AQ21: 115817 | AR21: =AQ21-AQ20 -> 0 | AS21: =AP21+AR21 -> 0 | AT21: 2
B22: =B21+1 -> 44911 | C22: =TEXT(B22,"ddd") -> Fri | D22: 0.89727966 | E22: 0.5070945 | F22: 0.71533524 | G22: =SUMPRODUCT($D$6:$F$6,D22:F22) -> 17699.573 | H22: 0.561 | I22: 0 | J22: 0 | K22: 3655444 | L22: =K22-K21 -> 3644 | T22: 0 | U22: 0 | V22: =SUM(T22:U22) -> 0 | W22: 0 | X22: 3644 | Y22: =SUM(W22:X22) -> 3644 | Z22: 0 | AA22: 0 | AB22: 0 | AC22: 8.27 | AE22: =AD22+AE21 -> 0 | AG22: 0 | AH22: =AG22+AH21 -> 1191.28 | AI22: 618206 | AJ22: =AI22-AI21 -> 2806 | AK22: 80963 | AL22: =AK22-AK21 -> 175 | AM22: 11843 | AN22: =AM22-AM21 -> 41 | AO22: 85992 | AP22: =AO22-AO21 -> 0 | AQ22: 115817 | AR22: =AQ22-AQ21 -> 0 | AS22: =AP22+AR22 -> 0 | AT22: 2
B23: =B22+1 -> 44912 | C23: =TEXT(B23,"ddd") -> Sat | D23: 0.39416275 | E23: 0.24753769 | F23: 0.23182758 | G23: =SUMPRODUCT($D$6:$F$6,D23:F23) -> 7293.959 | H23: 0.562 | I23: 0 | J23: 0 | K23: =3664481+4923 -> 3669404 | L23: =K23-K22 -> 13960 | T23: 0 | U23: 0 | V23: =SUM(T23:U23) -> 0 | W23: 0 | X23: 13960 | Y23: =SUM(W23:X23) -> 13960 | Z23: 0 | AA23: 0 | AB23: 0 | AC23: 15.5 | AE23: =AD23+AE22 -> 0 | AG23: 0 | AH23: =AG23+AH22 -> 1191.28 | AI23: 620480 | AJ23: =AI23-AI22 -> 2274 | AK23: 81092 | AL23: =AK23-AK22 -> 129 | AM23: 11877 | AN23: =AM23-AM22 -> 34 | AO23: 85992 | AP23: =AO23-AO22 -> 0 | AQ23: 115817 | AR23: =AQ23-AQ22 -> 0 | AS23: =AP23+AR23 -> 0 | AT23: 2
B24: =B23+1 -> 44913 | C24: =TEXT(B24,"ddd") -> Sun | D24: 0.89113541 | E24: 0.68918983 | F24: 0.13019352 | G24: =SUMPRODUCT($D$6:$F$6,D24:F24) -> 14282.832 | H24: 0.564 | I24: 0 | J24: 0 | K24: 4696106 | L24: =K24-K23 -> 1026702 | T24: 0 | U24: 0 | V24: =SUM(T24:U24) -> 0 | W24: 0 | X24: 4513 | Y24: =SUM(W24:X24) -> 4513 | Z24: 0 | AA24: 0 | AB24: 0 | AC24: 8.3 | AE24: =AD24+AE23 -> 0 | AG24: 0 | AH24: =AG24+AH23 -> 1191.28 | AI24: 623511 | AJ24: =AI24-AI23 -> 3031 | AK24: 81235 | AL24: =AK24-AK23 -> 143 | AM24: 11926 | AN24: =AM24-AM23 -> 49 | AO24: 85992 | AP24: =AO24-AO23 -> 0 | AQ24: 115817 | AR24: =AQ24-AQ23 -> 0 | AS24: =AP24+AR24 -> 0 | AT24: no canning
B25: =B24+1 -> 44914 | C25: =TEXT(B25,"ddd") -> Mon | D25: 0.9329541 | E25: 0.89018471 | F25: 0.13814686 | G25: =SUMPRODUCT($D$6:$F$6,D25:F25) -> 16376.735 | H25: 0.562 | I25: 1203 | J25: =I25-I24 -> 1203 | K25: 4710446 | L25: =K25-K24 -> 14340 | T25: 0 | U25: 0 | V25: =SUM(T25:U25) -> 0 | W25: 0 | X25: 5145 | Y25: =SUM(W25:X25) -> 5145 | Z25: 0 | AA25: 0 | AB25: 0 | AE25: =AD25+AE24 -> 0 | AF25: 15 | AG25: 114.17 | AH25: =AG25+AH24 -> 1305.45 | AI25: 625536 | AJ25: =AI25-AI24 -> 2025 | AK25: 81503 | AL25: =AK25-AK24 -> 268 | AM25: 11960 | AN25: =AM25-AM24 -> 34 | AO25: 85992 | AP25: =AO25-AO24 -> 0 | AQ25: 115817 | AR25: =AQ25-AQ24 -> 0 | AS25: =AP25+AR25 -> 0 | AT25: 2
B26: =B25+1 -> 44915 | C26: =TEXT(B26,"ddd") -> Tue | D26: 0.86591309 | E26: 0.90468132 | F26: 0.13394417 | G26: =SUMPRODUCT($D$6:$F$6,D26:F26) -> 15902.897 | H26: 0.558 | I26: 1227 | J26: =I26-I25 -> 24 | K26: 3686916 | L26: =K26-K25 -> -1023530 | T26: 0 | U26: 0 | V26: =SUM(T26:U26) -> 0 | W26: 0 | X26: 7854 | Y26: =SUM(W26:X26) -> 7854 | Z26: 0 | AA26: 0 | AB26: 0 | AE26: =AD26+AE25 -> 0 | AF26: 14.8 | AG26: 151.84 | AH26: =AG26+AH25 -> 1457.29 | AI26: 628886 | AJ26: =AI26-AI25 -> 3350 | AK26: 81706 | AL26: =AK26-AK25 -> 203 | AM26: 11998 | AN26: =AM26-AM25 -> 38 | AO26: 85992 | AP26: =AO26-AO25 -> 0 | AQ26: 115817 | AR26: =AQ26-AQ25 -> 0 | AS26: =AP26+AR26 -> 0 | AT26: 2
B27: =B26+1 -> 44916 | C27: =TEXT(B27,"ddd") -> Wed | D27: 0.82670761 | E27: 0.56389069 | F27: 0.13549332 | G27: =SUMPRODUCT($D$6:$F$6,D27:F27) -> 12742.865 | H27: 0.557 | I27: 1227 | J27: =I27-I26 -> 0 | K27: 3702266 | L27: =K27-K26 -> 15350 | T27: 0 | U27: 0 | V27: =SUM(T27:U27) -> 0 | W27: 0 | X27: 15350 | Y27: =SUM(W27:X27) -> 15350 | Z27: 0 | AA27: 0 | AB27: 0 | AE27: =AD27+AE26 -> 0 | AF27: 14.9 | AG27: 112.03 | AH27: =AG27+AH26 -> 1569.32 | AI27: 632595 | AJ27: =AI27-AI26 -> 3709 | AK27: 81956 | AL27: =AK27-AK26 -> 250 | AM27: 12033 | AN27: =AM27-AM26 -> 35 | AO27: 85992 | AP27: =AO27-AO26 -> 0 | AQ27: 115817 | AR27: =AQ27-AQ26 -> 0 | AS27: =AP27+AR27 -> 0 | AT27: 2
B28: =B27+1 -> 44917 | C28: =TEXT(B28,"ddd") -> Thu | D28: 0.76725372 | E28: 0.55993286 | F28: 0.1390337 | G28: =SUMPRODUCT($D$6:$F$6,D28:F28) -> 12242.939 | H28: 0.557 | I28: 1227 | J28: =I28-I27 -> 0 | K28: 3713308 | L28: =K28-K27 -> 11042 | T28: 0 | U28: 0 | V28: =SUM(T28:U28) -> 0 | W28: 0 | X28: 11042 | Y28: =SUM(W28:X28) -> 11042 | Z28: 0 | AA28: 0 | AB28: 0 | AE28: =AD28+AE27 -> 0 | AF28: 14.28 | AG28: 187.2 | AH28: =AG28+AH27 -> 1756.52 | AI28: 635959 | AJ28: =AI28-AI27 -> 3364 | AK28: 82156 | AL28: =AK28-AK27 -> 200 | AM28: 12083 | AN28: =AM28-AM27 -> 50 | AO28: 85992 | AP28: =AO28-AO27 -> 0 | AQ28: 115817 | AR28: =AQ28-AQ27 -> 0 | AS28: =AP28+AR28 -> 0 | AT28: 2
B29: =B28+1 -> 44918 | C29: =TEXT(B29,"ddd") -> Fri | D29: 0.17624977 | E29: 0.25366493 | F29: 0.140952 | G29: =SUMPRODUCT($D$6:$F$6,D29:F29) -> 4766.7369 | H29: 0.558 | I29: 1227 | J29: =I29-I28 -> 0 | K29: 3730340 | L29: =K29-K28 -> 17032 | T29: 0 | U29: 0 | V29: =SUM(T29:U29) -> 0 | W29: 0 | X29: 17032 | Y29: =SUM(W29:X29) -> 17032 | Z29: 0 | AA29: 0 | AB29: 0 | AE29: =AD29+AE28 -> 0 | AF29: 15.18 | AG29: 104.13 | AH29: =AG29+AH28 -> 1860.65 | AI29: 639389 | AJ29: =AI29-AI28 -> 3430 | AK29: 82316 | AL29: =AK29-AK28 -> 160 | AM29: 12121 | AN29: =AM29-AM28 -> 38 | AO29: 85992 | AP29: =AO29-AO28 -> 0 | AQ29: 115817 | AR29: =AQ29-AQ28 -> 0 | AS29: =AP29+AR29 -> 0 | AT29: 2
B30: =B29+1 -> 44919 | C30: =TEXT(B30,"ddd") -> Sat | D30: 0.88581192 | E30: 0.45003357 | F30: 0.13848396 | G30: =SUMPRODUCT($D$6:$F$6,D30:F30) -> 12310.651 | H30: 0.563 | I30: 1227 | J30: =I30-I29 -> 0 | K30: 4774205 | L30: =K30-K29 -> 1043865 | T30: 0 | U30: 0 | V30: =SUM(T30:U30) -> 0 | W30: 0 | X30: 5097 | Y30: =SUM(W30:X30) -> 5097 | Z30: 0 | AA30: 0 | AB30: 0 | AE30: =AD30+AE29 -> 0 | AG30: 0 | AH30: =AG30+AH29 -> 1860.65 | AI30: 642599 | AJ30: =AI30-AI29 -> 3210 | AK30: 82386 | AL30: =AK30-AK29 -> 70 | AM30: 12162 | AN30: =AM30-AM29 -> 41 | AO30: 85992 | AP30: =AO30-AO29 -> 0 | AQ30: 115817 | AR30: =AQ30-AQ29 -> 0 | AS30: =AP30+AR30 -> 0 | AT30: no canning
B31: =B30+1 -> 44920 | C31: =TEXT(B31,"ddd") -> Sun | D31: 0.93780975 | E31: 0.87993523 | F31: 0.71024094 | G31: =SUMPRODUCT($D$6:$F$6,D31:F31) -> 21108.682 | H31: 0.564 | I31: 1227 | J31: =I31-I30 -> 0 | K31: 4787692 | L31: =K31-K30 -> 13487 | M31: 0.22222222 | N31: 0 | O31: 14002.5 | T31: 0 | U31: 0 | V31: =SUM(T31:U31) -> 0 | W31: 0 | X31: 0 | Y31: =SUM(W31:X31) -> 0 | Z31: 0 | AA31: 0 | AB31: 0 | AE31: =AD31+AE30 -> 0 | AG31: 0 | AH31: =AG31+AH30 -> 1860.65 | AI31: 645809 | AJ31: =AI31-AI30 -> 3210 | AK31: 82614 | AL31: =AK31-AK30 -> 228 | AM31: 12204 | AN31: =AM31-AM30 -> 42 | AO31: 85992 | AP31: =AO31-AO30 -> 0 | AQ31: 115817 | AR31: =AQ31-AQ30 -> 0 | AS31: =AP31+AR31 -> 0 | AT31: no canning
B32: =B31+1 -> 44921 | C32: =TEXT(B32,"ddd") -> Mon | D32: 0.68666779 | E32: 0.73829483 | F32: 0.63206501 | G32: =SUMPRODUCT($D$6:$F$6,D32:F32) -> 17176.181 | H32: 0.561 | I32: 1227 | J32: =I32-I31 -> 0 | K32: 4798115 | L32: =K32-K31 -> 10423 | M32: 0 | N32: 0.41666667 | O32: 4781.5 | T32: 0 | U32: 0 | V32: =SUM(T32:U32) -> 0 | W32: 702 | X32: 13855 | Y32: =SUM(W32:X32) -> 14557 | Z32: 0 | AA32: 0 | AB32: 0 | AE32: =AD32+AE31 -> 0 | AF32: 13.7 | AG32: 65.12 | AH32: =AG32+AH31 -> 1925.77 | AI32: 647394 | AJ32: =AI32-AI31 -> 1585 | AK32: 82614 | AL32: =AK32-AK31 -> 0 | AM32: 12253 | AN32: =AM32-AM31 -> 49 | AO32: 85992 | AP32: =AO32-AO31 -> 0 | AQ32: 115817 | AR32: =AQ32-AQ31 -> 0 | AS32: =AP32+AR32 -> 0 | AT32: 1
B33: =B32+1 -> 44922 | C33: =TEXT(B33,"ddd") -> Tue | D33: 0.71745148 | E33: 0.4880822 | F33: 0.50620235 | G33: =SUMPRODUCT($D$6:$F$6,D33:F33) -> 14292.996 | H33: 0.561 | I33: 1227 | J33: =I33-I32 -> 0 | K33: 4815016 | L33: =K33-K32 -> 16901 | T33: 0 | U33: 0 | V33: =SUM(T33:U33) -> 0 | W33: 0 | X33: 12555 | Y33: =SUM(W33:X33) -> 12555 | Z33: 0 | AA33: 0 | AB33: 0 | AE33: =AD33+AE32 -> 0 | AF33: 14.52 | AH33: =AG33+AH32 -> 1925.77 | AI33: 651136 | AJ33: =AI33-AI32 -> 3742 | AK33: 82870 | AL33: =AK33-AK32 -> 256 | AM33: 12306 | AN33: =AM33-AM32 -> 53 | AO33: 85992 | AP33: =AO33-AO32 -> 0 | AQ33: 115817 | AR33: =AQ33-AQ32 -> 0 | AS33: =AP33+AR33 -> 0 | AT33: 2
B34: =B33+1 -> 44923 | C34: =TEXT(B34,"ddd") -> Wed | D34: 0.79402542 | E34: 0.77819824 | F34: 0.48845829 | G34: =SUMPRODUCT($D$6:$F$6,D34:F34) -> 17206.694 | H34: 0.559 | I34: 1227 | J34: =I34-I33 -> 0 | K34: 4827029 | L34: =K34-K33 -> 12013 | T34: 0 | U34: 0 | V34: =SUM(T34:U34) -> 0 | W34: 323 | X34: 12241 | Y34: =SUM(W34:X34) -> 12564 | Z34: 0 | AA34: 0 | AB34: 0 | AE34: =AD34+AE33 -> 0 | AF34: 15.44 | AH34: =AG34+AH33 -> 1925.77 | AI34: 654338 | AJ34: =AI34-AI33 -> 3202 | AK34: 83166 | AL34: =AK34-AK33 -> 296 | AM34: 12348 | AN34: =AM34-AM33 -> 42 | AO34: 85992 | AP34: =AO34-AO33 -> 0 | AQ34: 115817 | AR34: =AQ34-AQ33 -> 0 | AS34: =AP34+AR34 -> 0 | AT34: 2
B35: =B34+1 -> 44924 | C35: =TEXT(B35,"ddd") -> Thu | D35: 0.57370926 | E35: 0.5984362 | F35: 0.61604473 | G35: =SUMPRODUCT($D$6:$F$6,D35:F35) -> 14931.388 | H35: 0.555 | I35: 1470 | J35: =I35-I34 -> 243 | K35: 3790925 | L35: =K35-K34 -> -1036104 | T35: 0 | U35: 0 | V35: =SUM(T35:U35) -> 0 | W35: 67 | X35: 16837 | Y35: =SUM(W35:X35) -> 16904 | Z35: 0 | AA35: 0 | AB35: 0 | AE35: =AD35+AE34 -> 0 | AF35: 16.84 | AH35: =AG35+AH34 -> 1925.77 | AI35: 657998 | AJ35: =AI35-AI34 -> 3660 | AK35: 83375 | AL35: =AK35-AK34 -> 209 | AM35: ='Jan2023'!AM37-'Feb2023'!AM34 -> -823 | AN35: =AM35-AM34 -> -13171 | AO35: 85992 | AP35: =AO35-AO34 -> 0 | AQ35: 115817 | AR35: =AQ35-AQ34 -> 0 | AS35: =AP35+AR35 -> 0 | AT35: 2
B36: =B35+1 -> 44925 | C36: =TEXT(B36,"ddd") -> Fri | D36: 0.82520691 | E36: 0.89011253 | F36: 0.38784863 | G36: =SUMPRODUCT($D$6:$F$6,D36:F36) -> 17561.453 | H36: 0.556 | I36: 1470 | J36: =I36-I35 -> 0 | K36: 3799976 | L36: =K36-K35 -> 9051 | M36: 0.041666667 | N36: 0.20833333 | O36: 3540 | T36: 0 | U36: 0 | V36: =SUM(T36:U36) -> 0 | W36: 378 | X36: 9051 | Y36: =SUM(W36:X36) -> 9429 | Z36: 0 | AA36: 0 | AB36: 0 | AE36: =AD36+AE35 -> 0 | AF36: 15.77 | AH36: =AG36+AH35 -> 1925.77 | AI36: 660495 | AJ36: =AI36-AI35 -> 2497 | AK36: 83529 | AL36: =AK36-AK35 -> 154 | AM36: 12439 | AN36: =AM36-AM35 -> 13262 | AO36: 85992 | AP36: =AO36-AO35 -> 0 | AQ36: 115817 | AR36: =AQ36-AQ35 -> 0 | AS36: =AP36+AR36 -> 0 | AT36: no canning
B37: =B36+1 -> 44926 | C37: =TEXT(B37,"ddd") -> Sat | D37: 0.93975754 | E37: 0.73399948 | F37: 0.49859936 | G37: =SUMPRODUCT($D$6:$F$6,D37:F37) -> 18139.176 | H37: 0.556 | I37: 1470 | J37: =I37-I36 -> 0 | K37: 3799976 | L37: =K37-K36 -> 0 | M37: 0.59375 | N37: 0.25 | O37: 14382 | T37: 0 | U37: 0 | V37: =SUM(T37:U37) -> 0 | W37: 0 | X37: 0 | Y37: =SUM(W37:X37) -> 0 | Z37: 0 | AA37: 0 | AB37: 0 | AI37: 662125 | AJ37: =AI37-AI36 -> 1630 | AK37: 83529 | AL37: =AK37-AK36 -> 0 | AM37: 12477 | AN37: =AM37-AM36 -> 38 | AO37: 85992 | AQ37: 115817 | AT37: no canning
B38: Total/Average | D38: 0.66675403 | E38: 0.59115364 | F38: 0.58072094 | G38: 15352.549 | H38: =AVERAGE(H7:H37) -> 0.55922581 | I38: =MAX(I7:I37) -> 1470 | J38: =SUM(J7:J37) -> 1470 | K38: 3799976 | L38: =SUM(L7:L37) -> 281824 | O38: =SUM(O7:O37) -> 36706 | Q38: 0 | S38: 0 | T38: =SUM(T7:T37) -> 0 | U38: =SUM(U7:U37) -> 0 | V38: =SUM(V7:V37) -> 0 | W38: =SUM(W7:W37) -> 1470 | X38: =SUM(X7:X37) -> 283116 | Y38: =SUM(Y7:Y37) -> 284586 | Z38: =SUM(Z7:Z37) -> 0 | AA38: =SUM(AA7:AA37) -> 0 | ... AC38: =SUM(AC7:AC37) -> 254.27 | AD38: =SUM(AD7:AD36) -> 0 | AF38: =AVERAGE(AF7:AF37) -> 15.256625 | AJ38: =SUM(AJ7:AJ37) -> 88124 | AL38: =SUM(AL7:AL37) -> 5945 | AN38: =SUM(AN7:AN37) -> 1258 | AP38: =SUMIFS(AP7:AP36,AP7:AP36,">0") -> 0 | AR38: =SUMIFS(AR7:AR37,AR7:AR37,">0") -> 0 | AS38: =SUM(AS7:AS36) -> 0
H39: =H38-'[2]16-31'!$K$28 -> 0 | J39: =J38-'[2]16-31'!$L$28 -> 0 | L39: =L38-'[2]16-31'!$O$28 -> 0 | O39: =O38-'[2]16-31'!$R$28 -> 0
AI40: =AI37*7.5 -> 4965937.5 | AK40: =AK37*7.5 -> 626467.5 | AT40: =SUM(AI40:AK40) -> 5592405
K41: BOILER GAS CONSUMPTION | S41: GAS ENGINE POWER
K42: SBVC | L42: =L38 -> 281824 | S42: SBVC | T42: =Q38+S38-S32 -> 0
K43: DPO | L43: =Y38 -> 284586 | S43: DPO | T43: =AU38 -> 0
L44: 1292 | M44: To be deducted from total consumption since it is already billed in November | S44: Difference | T44: =ABS(T42-T43) -> 0
K45: To be billed | L45: =L43-L44 -> 283294 | M45: Nm3 | S45: Invoice
K47: Bill | L47: =L45*13.5 -> 3824469 | M47: Pesos

Sheet Jan2023
B2: Note: Recording should be done 1st hour of the day | AI2: =5*101/1000*1.26 -> 0.6363 | AJ2: =AI2*30 -> 19.089
B3: DAILY BIOGAS USAGE MONITORING | AD3: SBVC RECORD | AG3: DPO RECORD (Lowela) | AI3: Biogas Operation Utility Consumption | AT3: Remarks/ Shifts
B4: Date | C4: Day | D4: Gas Storage (%) | H4: Quality | M4: Gas Flare | P4: Gas Engine 1 Power Meter (kWh) | R4: Gas Engine 2 Power Meter (kWh) | T4: Diesel Fuel Consumption | W4: Biogas Fuel Consumption | Z4: Ope. Hrs w/ Diesel | AB4: Ope. Hrs w/ Biogas | AD4: Waste Hauling Operation | AG4: Waste Hauling Operation
D5: F1 | E5: F2 | F5: F3 | G5: Total | H5: Methane Content | I5: Thermax 1 Consumption | K5: Thermax 2 Consumption | M5: Time | O5: Total Volume | T5: Thermax 1 | U5: Thermax 2 | V5: Total | W5: Thermax 1 | X5: Thermax 2 | Y5: Total | Z5: Thermax 1 | AA5: Thermax 2 | AB5: Thermax 1 | AC5: Thermax 2 | AD5: Actual Waste Delivered (MT) | AF5: DS | AG5: Actual Waste Delivered (MT) | AI5: Electricity @ Biogas plant, kWhr | AK5: Electricity @ DPO cannery (Blower) , kWhr | AM5: Water, m3 | AO5: Gas Engine 1 Power Meter (kWh) | AQ5: Gas Engine 2 Power Meter (kWh) | AS5: Gas Engine 1+2 power (kWh)
D6: 8350 | E6: 8350 | F6: 8350 | G6: =D6+E6+F6 -> 25050 | H6: 55% Min | I6: Totalizer | J6: Consumption | K6: Totalizer | L6: Consumption | M6: Start | N6: End | O6: Nm³ | P6: Totalizer | Q6: Output | R6: Totalizer | S6: Output | T6: Li. | U6: Li. | V6: Li. | Z6: Hrs | AA6: Hrs | AB6: Hrs | AC6: Hrs | AD6: Delivery | AE6: Cummulative | AF6: % | AG6: Delivery | AH6: Cummulative | AI6: Totalizer | AJ6: Consumed | AK6: Totalizer | AL6: Consumed | AM6: Totalizer | AN6: Consumed | AO6: Totalizer | AP6: Output | AQ6: Totalizer | AR6: Output | AS6: Consumption
B7: 44927 | C7: =TEXT(B7,"ddd") -> Sun | D7: 0.76645691 | E7: 0.81144875 | F7: 0.58780926 | G7: =SUMPRODUCT($D$6:$F$6,D7:F7) -> 18083.72 | I7: 1470 | J7: =I7-1470 -> 0 | K7: 3799976 | L7: =K7-3799976 -> 0 | T7: 0 | U7: 0 | V7: =SUM(T7:U7) -> 0 | Y7: =SUM(W7:X7) -> 0 | Z7: 0 | AA7: 0 | AB7: 0 | AE7: =AD7 -> 0 | AH7: =AG7 -> 0 | AI7: 665845 | AJ7: =AI7-'Dec2022'!AI37 -> 3720 | AK7: 83529 | AL7: =AK7-'Dec2022'!AK37 -> 0 | AM7: 12477 | AN7: =AM7-'Dec2022'!AM37 -> 0 | AO7: 85992 | AP7: =AO7-'Oct2022'!AQ37 -> 0 | AQ7: 115817 | AR7: =AQ7-'Oct2022'!AS37 -> 0 | AS7: =AP7+AR7 -> 0
B8: =B7+1 -> 44928 | C8: =TEXT(B8,"ddd") -> Mon | D8: 0.74768387 | E8: 0.78598473 | F8: 0.75533508 | G8: =SUMPRODUCT($D$6:$F$6,D8:F8) -> 19113.181 | I8: 2201 | J8: =I8-I7 -> 731 | K8: 3801028 | L8: =K8-K7 -> 1052 | T8: 0 | U8: 0 | V8: =SUM(T8:U8) -> 0 | Y8: =SUM(W8:X8) -> 0 | Z8: 0 | AA8: 0 | AB8: 0 | AE8: =AD8+AE7 -> 0 | AH8: =AG8+AH7 -> 0 | AI8: 667842 | AJ8: =AI8-AI7 -> 1997 | AK8: 83655 | AL8: =AK8-AK7 -> 126 | AM8: 12495 | AN8: =AM8-AM7 -> 18 | AO8: 85992 | AP8: =AO8-AO7 -> 0 | AQ8: 115817 | AR8: =AQ8-AQ7 -> 0 | AS8: =AP8+AR8 -> 0
B9: =B8+1 -> 44929 | C9: =TEXT(B9,"ddd") -> Tue | D9: 0.55840927 | E9: 0.4598127 | F9: 0.40140499 | G9: =SUMPRODUCT($D$6:$F$6,D9:F9) -> 11853.885 | I9: 3393 | J9: =I9-I8 -> 1192 | K9: 3814744 | L9: =K9-K8 -> 13716 | T9: 0 | U9: 0 | V9: =SUM(T9:U9) -> 0 | Y9: =SUM(W9:X9) -> 0 | Z9: 0 | AA9: 0 | AB9: 0 | AE9: =AD9+AE8 -> 0 | AH9: =AG9+AH8 -> 0 | AI9: 670698 | AJ9: =AI9-AI8 -> 2856 | AK9: 83790 | AL9: =AK9-AK8 -> 135 | AM9: 12515 | AN9: =AM9-AM8 -> 20 | AO9: 85992 | AP9: =AO9-AO8 -> 0 | AQ9: 115817 | AR9: =AQ9-AQ8 -> 0 | AS9: =AP9+AR9 -> 0
A10: + | B10: =B9+1 -> 44930 | C10: =TEXT(B10,"ddd") -> Wed | D10: 0.8087796 | E10: 0.42019997 | F10: 0.94147232 | G10: =SUMPRODUCT($D$6:$F$6,D10:F10) -> 18123.273 | I10: 3712 | J10: =I10-I9 -> 319 | K10: 3827450 | T10: 0 | U10: 0 | V10: =SUM(T10:U10) -> 0 | Y10: =SUM(W10:X10) -> 0 | Z10: 0 | AA10: 0 | AB10: 0 | AD10: 174.25 | AE10: =AD10+AE9 -> 174.25 | AH10: =AG10+AH9 -> 0 | AI10: 672300 | AJ10: =AI10-AI9 -> 1602 | AK10: 83930 | AL10: =AK10-AK9 -> 140 | AM10: 12529 | AN10: =AM10-AM9 -> 14 | AO10: 85992 | AP10: =AO10-AO9 -> 0 | AQ10: 115817 | AR10: =AQ10-AQ9 -> 0 | AS10: =AP10+AR10 -> 0
B11: =B10+1 -> 44931 | C11: =TEXT(B11,"ddd") -> Thu | D11: 0.49969772 | E11: 0.54559624 | F11: 0.60297703 | G11: =SUMPRODUCT($D$6:$F$6,D11:F11) -> 13763.063 | I11: 3781 | J11: =I11-I10 -> 69 | K11: 3849614 | L11: =K11-K10 -> 22164 | T11: 0 | U11: 0 | V11: =SUM(T11:U11) -> 0 | Y11: =SUM(W11:X11) -> 0 | Z11: 0 | AA11: 0 | AB11: 0 | AD11: 632.39 | AE11: =AD11+AE10 -> 806.64 | AH11: =AG11+AH10 -> 0 | AI11: 673975 | AJ11: =AI11-AI10 -> 1675 | AK11: 84114 | AL11: =AK11-AK10 -> 184 | AM11: 12547 | AN11: =AM11-AM10 -> 18 | AO11: 85992 | AP11: =AO11-AO10 -> 0 | AQ11: 115817 | AR11: =AQ11-AQ10 -> 0 | AS11: =AP11+AR11 -> 0
B12: =B11+1 -> 44932 | C12: =TEXT(B12,"ddd") -> Fri | D12: 0.76932007 | E12: 0.73574356 | F12: 0.83591187 | G12: =SUMPRODUCT($D$6:$F$6,D12:F12) -> 19547.145 | I12: 3781 | J12: =I12-I11 -> 0 | K12: 3866772 | L12: =K12-K11 -> 17158 | T12: 0 | U12: 0 | V12: =SUM(T12:U12) -> 0 | Y12: =SUM(W12:X12) -> 0 | Z12: 0 | AA12: 0 | AB12: 0 | AE12: =AD12+AE11 -> 806.64 | AH12: =AG12+AH11 -> 0 | AI12: 678168 | AJ12: =AI12-AI11 -> 4193 | AK12: 84298 | AL12: =AK12-AK11 -> 184 | AM12: 12570 | AN12: =AM12-AM11 -> 23 | AO12: 85992 | AP12: =AO12-AO11 -> 0 | AQ12: 115817 | AR12: =AQ12-AQ11 -> 0 | AS12: =AP12+AR12 -> 0
B13: =B12+1 -> 44933 | C13: =TEXT(B13,"ddd") -> Sat | D13: 0.346698 | E13: 0.17168701 | F13: 0.26822094 | G13: =SUMPRODUCT($D$6:$F$6,D13:F13) -> 6568.1597 | I13: 4134 | J13: =I13-I12 -> 353 | K13: 3896677 | L13: =K13-K12 -> 29905 | T13: 0 | U13: 0 | V13: =SUM(T13:U13) -> 0 | Y13: =SUM(W13:X13) -> 0 | Z13: 0 | AA13: 0 | AB13: 0 | AD13: 374.48 | AE13: =AD13+AE12 -> 1181.12 | AH13: =AG13+AH12 -> 0 | AI13: 681401 | AJ13: =AI13-AI12 -> 3233 | AK13: 84603 | AL13: =AK13-AK12 -> 305 | AM13: 12584 | AN13: =AM13-AM12 -> 14 | AO13: 85992 | AP13: =AO13-AO12 -> 0 | AQ13: 115817 | AR13: =AQ13-AQ12 -> 0 | AS13: =AP13+AR13 -> 0
B14: =B13+1 -> 44934 | C14: =TEXT(B14,"ddd") -> Sun | D14: 0.90501648 | E14: 0.26352348 | F14: 1.005365 | G14: =SUMPRODUCT($D$6:$F$6,D14:F14) -> 18152.106 | I14: 4679 | J14: =I14-I13 -> 545 | K14: 3907281 | L14: =K14-K13 -> 10604 | T14: 0 | U14: 0 | V14: =SUM(T14:U14) -> 0 | Y14: =SUM(W14:X14) -> 0 | Z14: 0 | AA14: 0 | AB14: 0 | AE14: =AD14+AE13 -> 1181.12 | AH14: =AG14+AH13 -> 0 | AI14: 685161 | AJ14: =AI14-AI13 -> 3760 | AK14: 85014 | AL14: =AK14-AK13 -> 411 | AM14: 12604 | AN14: =AM14-AM13 -> 20 | AO14: 85992 | AP14: =AO14-AO13 -> 0 | AQ14: 115817 | AR14: =AQ14-AQ13 -> 0 | AS14: =AP14+AR14 -> 0
B15: =B14+1 -> 44935 | C15: =TEXT(B15,"ddd") -> Mon | D15: 0.80788528 | E15: 0.37749222 | F15: 0.67753922 | G15: =SUMPRODUCT($D$6:$F$6,D15:F15) -> 15555.355 | I15: 4679 | J15: =I15-I14 -> 0 | K15: 3926981 | L15: =K15-K14 -> 19700 | T15: 0 | U15: 0 | V15: =SUM(T15:U15) -> 0 | Y15: =SUM(W15:X15) -> 0 | Z15: 0 | AA15: 0 | AB15: 0 | AD15: 393.63 | AE15: =AD15+AE14 -> 1574.75 | AH15: =AG15+AH14 -> 0 | AI15: 688760 | AJ15: =AI15-AI14 -> 3599 | AK15: 85403 | AL15: =AK15-AK14 -> 389 | AM15: 12625 | AN15: =AM15-AM14 -> 21 | AO15: 85992 | AP15: =AO15-AO14 -> 0 | AQ15: 115817 | AR15: =AQ15-AQ14 -> 0 | AS15: =AP15+AR15 -> 0
B16: =B15+1 -> 44936 | C16: =TEXT(B16,"ddd") -> Tue | D16: 0.62378357 | E16: 0.61629326 | F16: 0.94125336 | G16: =SUMPRODUCT($D$6:$F$6,D16:F16) -> 18214.107 | I16: 5509 | J16: =I16-I15 -> 830 | K16: 3951782 | L16: =K16-K15 -> 24801 | T16: 0 | U16: 0 | V16: =SUM(T16:U16) -> 0 | Y16: =SUM(W16:X16) -> 0 | Z16: 0 | AA16: 0 | AB16: 0 | AD16: 434.03 | AE16: =AD16+AE15 -> 2008.78 | AH16: =AG16+AH15 -> 0 | AI16: 692358 | AJ16: =AI16-AI15 -> 3598 | AK16: 85545 | AL16: =AK16-AK15 -> 142 | AM16: 12639 | AN16: =AM16-AM15 -> 14 | AO16: 85992 | AP16: =AO16-AO15 -> 0 | AQ16: 115817 | AR16: =AQ16-AQ15 -> 0 | AS16: =AP16+AR16 -> 0
B17: =B16+1 -> 44937 | C17: =TEXT(B17,"ddd") -> Wed | D17: 0.97945984 | E17: 0.74553719 | F17: 0.53229305 | G17: =SUMPRODUCT($D$6:$F$6,D17:F17) -> 18848.372 | I17: 5873 | J17: =I17-I16 -> 364 | K17: 3980117 | L17: =K17-K16 -> 28335 | T17: 0 | U17: 0 | V17: =SUM(T17:U17) -> 0 | Y17: =SUM(W17:X17) -> 0 | Z17: 0 | AA17: 0 | AB17: 0 | AD17: 306.38 | AE17: =AD17+AE16 -> 2315.16 | AH17: =AG17+AH16 -> 0 | AI17: 696000 | AJ17: =AI17-AI16 -> 3642 | AK17: 85965 | AL17: =AK17-AK16 -> 420 | AM17: 12661 | AN17: =AM17-AM16 -> 22 | AO17: 85992 | AP17: =AO17-AO16 -> 0 | AQ17: 115817 | AR17: =AQ17-AQ16 -> 0 | AS17: =AP17+AR17 -> 0
B18: =B17+1 -> 44938 | C18: =TEXT(B18,"ddd") -> Thu | D18: 0.70227127 | E18: 0.52048615 | F18: 0.77192032 | G18: =SUMPRODUCT($D$6:$F$6,D18:F18) -> 16655.559 | I18: 6015 | J18: =I18-I17 -> 142 | K18: 4009883 | L18: =K18-K17 -> 29766 | T18: 0 | U18: 0 | V18: =SUM(T18:U18) -> 0 | Y18: =SUM(W18:X18) -> 0 | Z18: 0 | AA18: 0 | AB18: 0 | AD18: 278.65 | AE18: =AD18+AE17 -> 2593.81 | AH18: =AG18+AH17 -> 0 | AI18: 700455 | AJ18: =AI18-AI17 -> 4455 | AK18: 86385 | AL18: =AK18-AK17 -> 420 | AM18: 12680 | AN18: =AM18-AM17 -> 19 | AO18: 85992 | AP18: =AO18-AO17 -> 0 | AQ18: 115817 | AR18: =AQ18-AQ17 -> 0 | AS18: =AP18+AR18 -> 0
B19: =B18+1 -> 44939 | C19: =TEXT(B19,"ddd") -> Fri | D19: 0.49158997 | E19: 0.80826164 | F19: 0.48391216 | G19: =SUMPRODUCT($D$6:$F$6,D19:F19) -> 14894.427 | I19: 6016 | J19: =I19-I18 -> 1 | K19: 4039682 | L19: =K19-K18 -> 29799 | T19: 0 | U19: 0 | V19: =SUM(T19:U19) -> 0 | Y19: =SUM(W19:X19) -> 0 | Z19: 0 | AA19: 0 | AB19: 0 | AD19: 245.26 | AE19: =AD19+AE18 -> 2839.07 | AH19: =AG19+AH18 -> 0 | AI19: 703654 | AJ19: =AI19-AI18 -> 3199 | AK19: 86719 | AL19: =AK19-AK18 -> 334 | AM19: 12700 | AN19: =AM19-AM18 -> 20 | AO19: 85992 | AP19: =AO19-AO18 -> 0 | AQ19: 115817 | AR19: =AQ19-AQ18 -> 0 | AS19: =AP19+AR19 -> 0
B20: =B19+1 -> 44940 | C20: =TEXT(B20,"ddd") -> Sat | D20: 0.58103867 | E20: 0.29389694 | F20: 0.26091228 | G20: =SUMPRODUCT($D$6:$F$6,D20:F20) -> 9484.3299 | I20: 6448 | J20: =I20-I19 -> 432 | K20: 4074067 | L20: =K20-K19 -> 34385 | T20: 0 | U20: 0 | V20: =SUM(T20:U20) -> 0 | Y20: =SUM(W20:X20) -> 0 | Z20: 0 | AA20: 0 | AB20: 0 | AD20: 234.47 | AE20: =AD20+AE19 -> 3073.54 | AH20: =AG20+AH19 -> 0 | AI20: 707907 | AJ20: =AI20-AI19 -> 4253 | AK20: 87143 | AL20: =AK20-AK19 -> 424 | AM20: 12724 | AN20: =AM20-AM19 -> 24 | AO20: 85992 | AP20: =AO20-AO19 -> 0 | AQ20: 115817 | AR20: =AQ20-AQ19 -> 0 | AS20: =AP20+AR20 -> 0
B21: =B20+1 -> 44941 | C21: =TEXT(B21,"ddd") -> Sun | D21: 0.93613754 | E21: 0.98856102 | F21: 0.8527858 | G21: =SUMPRODUCT($D$6:$F$6,D21:F21) -> 23191.994 | I21: 6448 | J21: =I21-I20 -> 0 | K21: 4084774 | L21: =K21-K20 -> 10707 | T21: 0 | U21: 0 | V21: =SUM(T21:U21) -> 0 | Y21: =SUM(W21:X21) -> 0 | Z21: 0 | AA21: 0 | AB21: 0 | AE21: =AD21+AE20 -> 3073.54 | AH21: =AG21+AH20 -> 0 | AI21: 711642 | AJ21: =AI21-AI20 -> 3735 | AK21: 87432 | AL21: =AK21-AK20 -> 289 | AM21: 12743 | AN21: =AM21-AM20 -> 19 | AO21: 85992 | AP21: =AO21-AO20 -> 0 | AQ21: 115817 | AR21: =AQ21-AQ20 -> 0 | AS21: =AP21+AR21 -> 0
B22: =B21+1 -> 44942 | C22: =TEXT(B22,"ddd") -> Mon | D22: 0.65773804 | E22: 0.64872208 | F22: 0.58111515 | G22: =SUMPRODUCT($D$6:$F$6,D22:F22) -> 15761.254 | I22: 6767 | J22: =I22-I21 -> 319 | K22: 4110961 | L22: =K22-K21 -> 26187 | T22: 0 | U22: 0 | V22: =SUM(T22:U22) -> 0 | Y22: =SUM(W22:X22) -> 0 | Z22: 0 | AA22: 0 | AB22: 0 | AD22: 355.81 | AE22: =AD22+AE21 -> 3429.35 | AH22: =AG22+AH21 -> 0 | AI22: 715376 | AJ22: =AI22-AI21 -> 3734 | AK22: 87803 | AL22: =AK22-AK21 -> 371 | AM22: 12758 | AN22: =AM22-AM21 -> 15 | AO22: 85992 | AP22: =AO22-AO21 -> 0 | AQ22: 115817 | AR22: =AQ22-AQ21 -> 0 | AS22: =AP22+AR22 -> 0
B23: =B22+1 -> 44943 | C23: =TEXT(B23,"ddd") -> Tue | D23: 0.70513565 | E23: 0.67670334 | F23: 0.74479218 | G23: =SUMPRODUCT($D$6:$F$6,D23:F23) -> 17757.37 | I23: 6767 | J23: =I23-I22 -> 0 | K23: 4131451 | L23: =K23-K22 -> 20490 | T23: 0 | U23: 0 | V23: =SUM(T23:U23) -> 0 | Y23: =SUM(W23:X23) -> 0 | Z23: 0 | AA23: 0 | AB23: 0 | AD23: 317.76 | AE23: =AD23+AE22 -> 3747.11 | AH23: =AG23+AH22 -> 0 | AI23: 719544 | AJ23: =AI23-AI22 -> 4168 | AK23: 88170 | AL23: =AK23-AK22 -> 367 | AM23: 12777 | AN23: =AM23-AM22 -> 19 | AO23: 85992 | AP23: =AO23-AO22 -> 0 | AQ23: 115817 | AR23: =AQ23-AQ22 -> 0 | AS23: =AP23+AR23 -> 0
B24: =B23+1 -> 44944 | C24: =TEXT(B24,"ddd") -> Wed | D24: 0.64235428 | E24: 0.63910347 | F24: 0.52823788 | G24: =SUMPRODUCT($D$6:$F$6,D24:F24) -> 15110.959 | I24: 7189 | J24: =I24-I23 -> 422 | K24: 4156960 | L24: =K24-K23 -> 25509 | T24: 0 | U24: 0 | V24: =SUM(T24:U24) -> 0 | Y24: =SUM(W24:X24) -> 0 | Z24: 0 | AA24: 0 | AB24: 0 | AD24: 147.75 | AE24: =AD24+AE23 -> 3894.86 | AH24: =AG24+AH23 -> 0 | AI24: 724076 | AJ24: =AI24-AI23 -> 4532 | AK24: 88541 | AL24: =AK24-AK23 -> 371 | AM24: 12797 | AN24: =AM24-AM23 -> 20 | AO24: 85992 | AP24: =AO24-AO23 -> 0 | AQ24: 115817 | AR24: =AQ24-AQ23 -> 0 | AS24: =AP24+AR24 -> 0
B25: =B24+1 -> 44945 | C25: =TEXT(B25,"ddd") -> Thu | D25: 0.67792526 | E25: 0.59751205 | F25: 0.69770554 | G25: =SUMPRODUCT($D$6:$F$6,D25:F25) -> 16475.743 | I25: 7189 | J25: =I25-I24 -> 0 | K25: 4181696 | L25: =K25-K24 -> 24736 | T25: 0 | U25: 0 | V25: =SUM(T25:U25) -> 0 | Y25: =SUM(W25:X25) -> 0 | Z25: 0 | AA25: 0 | AB25: 0 | AD25: 247.38 | AE25: =AD25+AE24 -> 4142.24 | AH25: =AG25+AH24 -> 0 | AI25: 728549 | AJ25: =AI25-AI24 -> 4473 | AK25: 88920 | AL25: =AK25-AK24 -> 379 | AM25: 12813 | AN25: =AM25-AM24 -> 16 | AO25: 85992 | AP25: =AO25-AO24 -> 0 | AQ25: 115817 | AR25: =AQ25-AQ24 -> 0 | AS25: =AP25+AR25 -> 0
B26: =B25+1 -> 44946 | C26: =TEXT(B26,"ddd") -> Fri | D26: 0.62888519 | E26: 0.65103012 | F26: 0.62734615 | G26: =SUMPRODUCT($D$6:$F$6,D26:F26) -> 15925.633 | I26: 7472 | J26: =I26-I25 -> 283 | K26: 4207697 | L26: =K26-K25 -> 26001 | T26: 0 | U26: 0 | V26: =SUM(T26:U26) -> 0 | Y26: =SUM(W26:X26) -> 0 | Z26: 0 | AA26: 0 | AB26: 0 | AD26: 286.21 | AE26: =AD26+AE25 -> 4428.45 | AH26: =AG26+AH25 -> 0 | AI26: 732882 | AJ26: =AI26-AI25 -> 4333 | AK26: 89301 | AL26: =AK26-AK25 -> 381 | AM26: 12833 | AN26: =AM26-AM25 -> 20 | AO26: 85992 | AP26: =AO26-AO25 -> 0 | AQ26: 115817 | AR26: =AQ26-AQ25 -> 0 | AS26: =AP26+AR26 -> 0
B27: =B26+1 -> 44947 | C27: =TEXT(B27,"ddd") -> Sat | D27: 0.33204285 | E27: 0.25413139 | F27: 0.31051678 | G27: =SUMPRODUCT($D$6:$F$6,D27:F27) -> 7487.37 | I27: 7472 | J27: =I27-I26 -> 0 | K27: 4222162 | L27: =K27-K26 -> 14465 | T27: 0 | U27: 0 | V27: =SUM(T27:U27) -> 0 | Y27: =SUM(W27:X27) -> 0 | Z27: 0 | AA27: 0 | AB27: 0 | AD27: 148.78 | AE27: =AD27+AE26 -> 4577.23 | AH27: =AG27+AH26 -> 0 | AI27: 737346 | AJ27: =AI27-AI26 -> 4464 | AK27: 89697 | AL27: =AK27-AK26 -> 396 | AM27: 12853 | AN27: =AM27-AM26 -> 20 | AO27: 85992 | AP27: =AO27-AO26 -> 0 | AQ27: 115817 | AR27: =AQ27-AQ26 -> 0 | AS27: =AP27+AR27 -> 0
B28: =B27+1 -> 44948 | C28: =TEXT(B28,"ddd") -> Sun | D28: 0.90630585 | E28: 0.94457466 | F28: 0.56481274 | G28: =SUMPRODUCT($D$6:$F$6,D28:F28) -> 20171.039 | I28: 7886 | J28: =I28-I27 -> 414 | K28: 4251907 | L28: =K28-K27 -> 29745 | T28: 0 | U28: 0 | V28: =SUM(T28:U28) -> 0 | Y28: =SUM(W28:X28) -> 0 | Z28: 0 | AA28: 0 | AB28: 0 | AE28: =AD28+AE27 -> 4577.23 | AH28: =AG28+AH27 -> 0 | AI28: 740512 | AJ28: =AI28-AI27 -> 3166 | AK28: 90059 | AL28: =AK28-AK27 -> 362 | AM28: 12872 | AN28: =AM28-AM27 -> 19 | AO28: 85992 | AP28: =AO28-AO27 -> 0 | AQ28: 115817 | AR28: =AQ28-AQ27 -> 0 | AS28: =AP28+AR28 -> 0
B29: =B28+1 -> 44949 | C29: =TEXT(B29,"ddd") -> Mon | D29: 0.63233658 | E29: 0.62848419 | F29: 0.58087688 | G29: =SUMPRODUCT($D$6:$F$6,D29:F29) -> 15378.175 | I29: 8121 | J29: =I29-I28 -> 235 | K29: 4275085 | L29: =K29-K28 -> 23178 | T29: 0 | U29: 0 | V29: =SUM(T29:U29) -> 0 | Y29: =SUM(W29:X29) -> 0 | Z29: 0 | AA29: 0 | AB29: 0 | AD29: 365.96 | AE29: =AD29+AE28 -> 4943.19 | AH29: =AG29+AH28 -> 0 | AI29: 745269 | AJ29: =AI29-AI28 -> 4757 | AK29: 90380 | AL29: =AK29-AK28 -> 321 | AM29: 12893 | AN29: =AM29-AM28 -> 21 | AO29: 85992 | AP29: =AO29-AO28 -> 0 | AQ29: 115817 | AR29: =AQ29-AQ28 -> 0 | AS29: =AP29+AR29 -> 0
B30: =B29+1 -> 44950 | C30: =TEXT(B30,"ddd") -> Tue | D30: 0.68283783 | E30: 0.48627037 | F30: 0.52730511 | G30: =SUMPRODUCT($D$6:$F$6,D30:F30) -> 14165.051 | I30: 8355 | J30: =I30-I29 -> 234 | K30: 4294730 | L30: =K30-K29 -> 19645 | T30: 0 | U30: 0 | V30: =SUM(T30:U30) -> 0 | Y30: =SUM(W30:X30) -> 0 | Z30: 0 | AA30: 0 | AB30: 0 | AD30: 293.97 | AE30: =AD30+AE29 -> 5237.16 | AH30: =AG30+AH29 -> 0 | AI30: 748985 | AJ30: =AI30-AI29 -> 3716 | AK30: 90689 | AL30: =AK30-AK29 -> 309 | AM30: 12912 | AN30: =AM30-AM29 -> 19 | AO30: 85992 | AP30: =AO30-AO29 -> 0 | AQ30: 115817 | AR30: =AQ30-AQ29 -> 0 | AS30: =AP30+AR30 -> 0
B31: =B30+1 -> 44951 | C31: =TEXT(B31,"ddd") -> Wed | D31: 0.68447983 | E31: 0.58187111 | F31: 0.5892152 | G31: =SUMPRODUCT($D$6:$F$6,D31:F31) -> 15493.977 | I31: 8431 | J31: =I31-I30 -> 76 | K31: 4317661 | L31: =K31-K30 -> 22931 | T31: 0 | U31: 0 | V31: =SUM(T31:U31) -> 0 | Y31: =SUM(W31:X31) -> 0 | Z31: 0 | AA31: 0 | AB31: 0 | AD31: 193.26 | AE31: =AD31+AE30 -> 5430.42 | AH31: =AG31+AH30 -> 0 | AI31: 753268 | AJ31: =AI31-AI30 -> 4283 | AK31: 91014 | AL31: =AK31-AK30 -> 325 | AM31: 12928 | AN31: =AM31-AM30 -> 16 | AO31: 85992 | AP31: =AO31-AO30 -> 0 | AQ31: 115817 | AR31: =AQ31-AQ30 -> 0 | AS31: =AP31+AR31 -> 0
B32: =B31+1 -> 44952 | C32: =TEXT(B32,"ddd") -> Thu | D32: 0.62817261 | E32: 0.71476311 | F32: 0.52305302 | G32: =SUMPRODUCT($D$6:$F$6,D32:F32) -> 15581.006 | I32: 8538 | J32: =I32-I31 -> 107 | K32: 4342026 | L32: =K32-K31 -> 24365 | T32: 0 | U32: 0 | V32: =SUM(T32:U32) -> 0 | Y32: =SUM(W32:X32) -> 0 | Z32: 0 | AA32: 0 | AB32: 0 | AD32: 194.97 | AE32: =AD32+AE31 -> 5625.39 | AH32: =AG32+AH31 -> 0 | AI32: 757334 | AJ32: =AI32-AI31 -> 4066 | AK32: 91370 | AL32: =AK32-AK31 -> 356 | AM32: 12947 | AN32: =AM32-AM31 -> 19 | AO32: 85992 | AP32: =AO32-AO31 -> 0 | AQ32: 115817 | AR32: =AQ32-AQ31 -> 0 | AS32: =AP32+AR32 -> 0
B33: =B32+1 -> 44953 | C33: =TEXT(B33,"ddd") -> Fri | D33: 0.5796254 | E33: 0.52041237 | F33: 0.55049877 | G33: =SUMPRODUCT($D$6:$F$6,D33:F33) -> 13781.98 | I33: 8651 | J33: =I33-I32 -> 113 | K33: 4364104 | L33: =K33-K32 -> 22078 | T33: 0 | U33: 0 | V33: =SUM(T33:U33) -> 0 | Y33: =SUM(W33:X33) -> 0 | Z33: 0 | AA33: 0 | AB33: 0 | AD33: 154 | AE33: =AD33+AE32 -> 5779.39 | AH33: =AG33+AH32 -> 0 | AI33: 761269 | AJ33: =AI33-AI32 -> 3935 | AK33: 91747 | AL33: =AK33-AK32 -> 377 | AM33: 12969 | AN33: =AM33-AM32 -> 22 | AO33: 85992 | AP33: =AO33-AO32 -> 0 | AQ33: 115817 | AR33: =AQ33-AQ32 -> 0 | AS33: =AP33+AR33 -> 0
B34: =B33+1 -> 44954 | C34: =TEXT(B34,"ddd") -> Sat | D34: 0.22512932 | E34: 0.08845135 | F34: 0.29626774 | G34: =SUMPRODUCT($D$6:$F$6,D34:F34) -> 5092.2342 | I34: 8884 | J34: =I34-I33 -> 233 | K34: 4378709 | L34: =K34-K33 -> 14605 | T34: 0 | U34: 0 | V34: =SUM(T34:U34) -> 0 | Y34: =SUM(W34:X34) -> 0 | Z34: 0 | AA34: 0 | AB34: 0 | AE34: =AD34+AE33 -> 5779.39 | AH34: =AG34+AH33 -> 0 | AI34: 765503 | AJ34: =AI34-AI33 -> 4234 | AK34: 92083 | AL34: =AK34-AK33 -> 336 | AM34: 12989 | AN34: =AM34-AM33 -> 20 | AO34: 85992 | AP34: =AO34-AO33 -> 0 | AQ34: 115817 | AR34: =AQ34-AQ33 -> 0 | AS34: =AP34+AR34 -> 0
B35: =B34+1 -> 44955 | C35: =TEXT(B35,"ddd") -> Sun | D35: 0.65401779 | E35: 0.07773983 | F35: 0.19490971 | G35: =SUMPRODUCT($D$6:$F$6,D35:F35) -> 7737.6722 | I35: 8884 | J35: =I35-I34 -> 0 | K35: 4378709 | L35: =K35-K34 -> 0 | T35: 0 | U35: 0 | V35: =SUM(T35:U35) -> 0 | Y35: =SUM(W35:X35) -> 0 | Z35: 0 | AA35: 0 | AB35: 0 | AE35: =AD35+AE34 -> 5779.39 | AH35: =AG35+AH34 -> 0 | AI35: 770362 | AJ35: =AI35-AI34 -> 4859 | AK35: 92272 | AL35: =AK35-AK34 -> 189 | AM35: 13011 | AN35: =AM35-AM34 -> 22 | AO35: 85992 | AP35: =AO35-AO34 -> 0 | AQ35: 115817 | AR35: =AQ35-AQ34 -> 0 | AS35: =AP35+AR35 -> 0
B36: =B35+1 -> 44956 | C36: =TEXT(B36,"ddd") -> Mon | D36: 0.95773224 | E36: 0.36205864 | F36: 0.49022839 | G36: =SUMPRODUCT($D$6:$F$6,D36:F36) -> 15113.661 | I36: 8884 | J36: =I36-I35 -> 0 | K36: 4390590 | L36: =K36-K35 -> 11881 | T36: 0 | U36: 0 | V36: =SUM(T36:U36) -> 0 | Y36: =SUM(W36:X36) -> 0 | Z36: 0 | AA36: 0 | AB36: 0 | AE36: =AD36+AE35 -> 5779.39 | AH36: =AG36+AH35 -> 0 | AI36: 773876 | AJ36: =AI36-AI35 -> 3514 | AK36: 92500 | AL36: =AK36-AK35 -> 228 | AM36: 13030 | AN36: =AM36-AM35 -> 19 | AO36: 85992 | AP36: =AO36-AO35 -> 0 | AQ36: 115817 | AR36: =AQ36-AQ35 -> 0 | AS36: =AP36+AR36 -> 0
B37: =B36+1 -> 44957 | C37: =TEXT(B37,"ddd") -> Tue | D37: 0.60765976 | E37: 0.50233879 | F37: 0.64941254 | G37: =SUMPRODUCT($D$6:$F$6,D37:F37) -> 14691.083 | I37: 8884 | J37: =I37-I36 -> 0 | K37: 4393541 | L37: =K37-K36 -> 2951 | T37: 0 | U37: 0 | V37: =SUM(T37:U37) -> 0 | Y37: =SUM(W37:X37) -> 0 | Z37: 0 | AA37: 0 | AB37: 0 | AD37: 184.28 | AE37: =AD37+AE36 -> 5963.67 | AI37: 776203 | AJ37: =AI37-AI36 -> 2327 | AK37: 92727 | AL37: =AK37-AK36 -> 227 | AM37: 13048 | AN37: =AM37-AM36 -> 18 | AO37: 85992 | AQ37: 115817
B38: Total/Average | D38: 0.66675403 | E38: 0.59115364 | F38: 0.58072094 | G38: 15352.549 | H38: =AVERAGE(H7:H37) -> #DIV/0! | I38: =MAX(I7:I37) -> 8884 | J38: =SUM(J7:J37) -> 7414 | K38: 4393541 | L38: =SUM(L7:L37) -> 580859 | O38: =SUM(O7:O37) -> 0 | Q38: 0 | S38: 0 | T38: =SUM(T7:T37) -> 0 | U38: =SUM(U7:U37) -> 0 | V38: =SUM(V7:V37) -> 0 | W38: =SUM(W7:W37) -> 0 | X38: =SUM(X7:X37) -> 0 | Y38: =SUM(Y7:Y37) -> 0 | Z38: =SUM(Z7:Z37) -> 0 | AA38: =SUM(AA7:AA37) -> 0 | ... AD38: =SUM(AD7:AD37) -> 5963.67 | AE38: =AE37 -> 5963.67 | AF38: =AVERAGE(AF7:AF37) -> #DIV/0! | AJ38: =SUM(AJ7:AJ37) -> 114078 | AL38: =SUM(AL7:AL37) -> 9198 | AM38: =AM37-'Dec2022'!AM37 -> 571 | AN38: =SUM(AN7:AN37) -> 571 | AP38: =SUMIFS(AP7:AP36,AP7:AP36,">0") -> 0 | AR38: =SUMIFS(AR7:AR37,AR7:AR37,">0") -> 0 | AS38: =SUM(AS7:AS36) -> 0
AT40: =SUM(AI40:AK40) -> 0
K41: BOILER GAS CONSUMPTION | S41: GAS ENGINE POWER
K42: SBVC | L42: =L38 -> 580859 | S42: SBVC | T42: =Q38+S38-S32 -> 0
K43: DPO | L43: =Y38 -> 0 | S43: DPO | T43: =AU38 -> 0
S44: Difference | T44: =ABS(T42-T43) -> 0
K45: To be billed | L45: =L43-L44 -> 0 | M45: Nm3 | S45: Invoice
K47: Bill | L47: =L45*13.5 -> 0 | M47: Pesos

Sheet Feb2023
B2: Note: Recording should be done 1st hour of the day
B3: DAILY BIOGAS USAGE MONITORING | AD3: SBVC RECORD | AG3: DPO RECORD (Lowela) | AI3: Biogas Operation Utility Consumption | AT3: Remarks/ Shifts
B4: Date | C4: Day | D4: Gas Storage (%) | H4: Quality | M4: Gas Flare | P4: Gas Engine 1 Power Meter (kWh) | R4: Gas Engine 2 Power Meter (kWh) | T4: Diesel Fuel Consumption | W4: Biogas Fuel Consumption | Z4: Ope. Hrs w/ Diesel | AB4: Ope. Hrs w/ Biogas | AD4: Waste Hauling Operation | AG4: Waste Hauling Operation
D5: F1 | E5: F2 | F5: F3 | G5: Total | H5: Methane Content | I5: Thermax 1 Consumption | K5: Thermax 2 Consumption | M5: Time | O5: Total Volume | T5: Thermax 1 | U5: Thermax 2 | V5: Total | W5: Thermax 1 | X5: Thermax 2 | Y5: Total | Z5: Thermax 1 | AA5: Thermax 2 | AB5: Thermax 1 | AC5: Thermax 2 | AD5: Actual Waste Delivered (MT) | AF5: DS | AG5: Actual Waste Delivered (MT) | AI5: Electricity @ Biogas plant, kWhr | AK5: Electricity @ DPO cannery (Blower) , kWhr | AM5: Water, m3 | AO5: Gas Engine 1 Power Meter (kWh) | AQ5: Gas Engine 2 Power Meter (kWh) | AS5: Gas Engine 1+2 power (kWh)
D6: 8350 | E6: 8350 | F6: 8350 | G6: =D6+E6+F6 -> 25050 | H6: 55% Min | I6: Totalizer | J6: Consumption | K6: Totalizer | L6: Consumption | M6: Start | N6: End | O6: Nm³ | P6: Totalizer | Q6: Output | R6: Totalizer | S6: Output | T6: Li. | U6: Li. | V6: Li. | Z6: Hrs | AA6: Hrs | AB6: Hrs | AC6: Hrs | AD6: Delivery | AE6: Cummulative | AF6: % | AG6: Delivery | AH6: Cummulative | AI6: Totalizer | AJ6: Consumed | AK6: Totalizer | AL6: Consumed | AM6: Totalizer | AN6: Consumed | AO6: Totalizer | AP6: Output | AQ6: Totalizer | AR6: Output | AS6: Consumption
B7: 44958 | C7: =TEXT(B7,"ddd") -> Wed | D7: 0.38 | E7: 0.26 | F7: 0.23 | G7: =SUMPRODUCT($D$6:$F$6,D7:F7) -> 7264.5 | I7: 10508 | J7: ='Feb2023'!I7-'Jan2023'!I37 -> 1624 | K7: 4414210 | L7: =K7-'Jan2023'!K37 -> 20669 | P7: 85992 | Q7: - | R7: 115811 | S7: - | T7: 0 | U7: 0 | V7: =SUM(T7:U7) -> 0 | Y7: =SUM(W7:X7) -> 0 | Z7: 0 | AA7: 0 | AB7: 0 | AD7: 273.07 | AE7: =AD7 -> 273.07 | AH7: =AG7 -> 0 | AI7: 780594 | AJ7: =AI7-'Jan2023'!AI37 -> 4391 | AK7: 93092 | AL7: =AK7-'Jan2023'!AK37 -> 365 | AM7: 13064 | AN7: =AM7-'Jan2023'!AM37 -> 16 | AO7: 85992 | AP7: - | AQ7: 115811 | AR7: -
B8: =B7+1 -> 44959 | C8: =TEXT(B8,"ddd") -> Thu | D8: 0.82 | E8: 0.55 | F8: 0.57 | G8: =SUMPRODUCT($D$6:$F$6,D8:F8) -> 16199 | I8: 10714 | J8: =I8-I7 -> 206 | K8: 4427010 | L8: =K8-K7 -> 12800 | P8: 85992 | Q8: - | R8: 115811 | S8: - | T8: 0 | U8: 0 | V8: =SUM(T8:U8) -> 0 | Y8: =SUM(W8:X8) -> 0 | Z8: 0 | AA8: 0 | AB8: 0 | AD8: 171.6 | AE8: =AD8+AE7 -> 444.67 | AH8: =AG8+AH7 -> 0 | AI8: 784814 | AJ8: =AI8-AI7 -> 4220 | AK8: 93378 | AL8: =AK8-AK7 -> 286 | AM8: 13078 | AN8: =AM8-AM7 -> 14 | AO8: 85992 | AP8: - | AQ8: 115811 | AR8: -
B9: =B8+1 -> 44960 | C9: =TEXT(B9,"ddd") -> Fri | D9: 0.74 | E9: 0.47 | F9: 0.61 | G9: =SUMPRODUCT($D$6:$F$6,D9:F9) -> 15197 | I9: 10902 | J9: =I9-I8 -> 188 | K9: 4446623 | L9: =K9-K8 -> 19613 | P9: 85992 | Q9: - | R9: 115811 | S9: - | T9: 0 | U9: 0 | V9: =SUM(T9:U9) -> 0 | Y9: =SUM(W9:X9) -> 0 | Z9: 0 | AA9: 0 | AB9: 0 | AD9: 191.98 | AE9: =AD9+AE8 -> 636.65 | AH9: =AG9+AH8 -> 0 | AI9: 788706 | AJ9: =AI9-AI8 -> 3892 | AK9: 93949 | AL9: =AK9-AK8 -> 571 | AM9: 13091 | AN9: =AM9-AM8 -> 13 | AO9: 85992 | AP9: - | AQ9: 115811 | AR9: -
A10: + | B10: =B9+1 -> 44961 | C10: =TEXT(B10,"ddd") -> Sat | D10: 0.22 | E10: 0.1 | F10: 0.07 | G10: =SUMPRODUCT($D$6:$F$6,D10:F10) -> 3256.5 | I10: 10902 | J10: =I10-I9 -> 0 | K10: 4462100 | L10: =K10-K9 -> 15477 | P10: 85992 | Q10: - | R10: 115811 | S10: - | T10: 0 | U10: 0 | V10: =SUM(T10:U10) -> 0 | Y10: =SUM(W10:X10) -> 0 | Z10: 0 | AA10: 0 | AB10: 0 | AD10: 210.25 | AE10: =AD10+AE9 -> 846.9 | AH10: =AG10+AH9 -> 0 | AI10: 797044 | AJ10: =AI10-AI9 -> 8338 | AK10: 94975 | AL10: =AK10-AK9 -> 1026 | AM10: 13148 | AN10: =AM10-AM9 -> 57 | AO10: 85992 | AP10: - | AQ10: 115811 | AR10: -
B11: =B10+1 -> 44962 | C11: =TEXT(B11,"ddd") -> Sun | D11: 0.1 | E11: 0.06 | F11: 0.12 | G11: =SUMPRODUCT($D$6:$F$6,D11:F11) -> 2338 | I11: 10902 | J11: =I11-I10 -> 0 | K11: 4463457 | L11: =K11-K10 -> 1357 | P11: 93948 | Q11: 7956 | R11: 115817 | S11: 6 | T11: 0 | U11: 0 | V11: =SUM(T11:U11) -> 0 | Y11: =SUM(W11:X11) -> 0 | Z11: 0 | AA11: 0 | AB11: 0 | AD11: 156.39 | AE11: =AD11+AE10 -> 1003.29 | AH11: =AG11+AH10 -> 0 | AI11: 800579 | AJ11: =AI11-AI10 -> 3535 | AK11: 96391 | AL11: =AK11-AK10 -> 1416 | AM11: 13185 | AN11: =AM11-AM10 -> 37 | AO11: 93948 | AP11: 7956 | AQ11: 115817 | AR11: 6 | AS11: =AP11+AR11 -> 7962
B12: =B11+1 -> 44963 | C12: =TEXT(B12,"ddd") -> Mon | D12: 0.52 | E12: 0.64 | F12: 0.53 | G12: =SUMPRODUCT($D$6:$F$6,D12:F12) -> 14111.5 | I12: 11955 | J12: =I12-I11 -> 1053 | K12: 4474173 | L12: =K12-K11 -> 10716 | P12: 103466 | Q12: 9518 | R12: 131972 | S12: 16155 | T12: 0 | U12: 0 | V12: =SUM(T12:U12) -> 0 | Y12: =SUM(W12:X12) -> 0 | Z12: 0 | AA12: 0 | AB12: 0 | AD12: 172.3 | AE12: =AD12+AE11 -> 1175.59 | AH12: =AG12+AH11 -> 0 | AI12: 804077 | AJ12: =AI12-AI11 -> 3498 | AK12: 96884 | AL12: =AK12-AK11 -> 493 | AM12: 13226 | AN12: =AM12-AM11 -> 41 | AO12: 103466 | AP12: 9518 | AQ12: 131972 | AR12: 16155 | AS12: =AP12+AR12 -> 25673
B13: =B12+1 -> 44964 | C13: =TEXT(B13,"ddd") -> Tue | D13: 0.26 | E13: 0.38 | F13: 0.2 | G13: =SUMPRODUCT($D$6:$F$6,D13:F13) -> 7014 | I13: 12428 | J13: =I13-I12 -> 473 | K13: 4496108 | L13: =K13-K12 -> 21935 | P13: 103466 | Q13: - | R13: 142915 | S13: 10943 | T13: 0 | U13: 0 | V13: =SUM(T13:U13) -> 0 | Y13: =SUM(W13:X13) -> 0 | Z13: 0 | AA13: 0 | AB13: 0 | AD13: 175.93 | AE13: =AD13+AE12 -> 1351.52 | AH13: =AG13+AH12 -> 0 | AI13: 807867 | AJ13: =AI13-AI12 -> 3790 | AK13: 97321 | AL13: =AK13-AK12 -> 437 | AM13: 13264 | AN13: =AM13-AM12 -> 38 | AO13: 103466 | AP13: - | AQ13: 142915 | AR13: 10943 | AS13: =AR13 -> 10943
B14: =B13+1 -> 44965 | C14: =TEXT(B14,"ddd") -> Wed | D14: 0.74 | E14: 0.66 | F14: 0.23 | G14: =SUMPRODUCT($D$6:$F$6,D14:F14) -> 13610.5 | I14: 12686 | J14: =I14-I13 -> 258 | K14: 4509761 | L14: =K14-K13 -> 13653 | P14: 103466 | Q14: - | R14: 142915 | S14: - | T14: 0 | U14: 0 | V14: =SUM(T14:U14) -> 0 | Y14: =SUM(W14:X14) -> 0 | Z14: 0 | AA14: 0 | AB14: 0 | AD14: 174.21 | AE14: =AD14+AE13 -> 1525.73 | AH14: =AG14+AH13 -> 0 | AI14: 811170 | AJ14: =AI14-AI13 -> 3303 | AK14: 97782 | AL14: =AK14-AK13 -> 461 | AM14: 13289 | AN14: =AM14-AM13 -> 25 | AO14: 103466 | AP14: - | AQ14: 142915 | AR14: -
B15: =B14+1 -> 44966 | C15: =TEXT(B15,"ddd") -> Thu | D15: 0.56 | E15: 0.61 | F15: 0.81 | G15: =SUMPRODUCT($D$6:$F$6,D15:F15) -> 16533 | I15: 12929 | J15: =I15-I14 -> 243 | K15: 4531852 | L15: =K15-K14 -> 22091 | P15: 103466 | Q15: - | R15: 142915 | S15: - | T15: 0 | U15: 0 | V15: =SUM(T15:U15) -> 0 | Y15: =SUM(W15:X15) -> 0 | Z15: 0 | AA15: 0 | AB15: 0 | AD15: 155.28 | AE15: =AD15+AE14 -> 1681.01 | AH15: =AG15+AH14 -> 0 | AI15: 819941 | AJ15: =AI15-AI14 -> 8771 | AK15: 98242 | AL15: =AK15-AK14 -> 460 | AM15: 13339 | AN15: =AM15-AM14 -> 50 | AO15: 103466 | AP15: - | AQ15: 142915 | AR15: -
B16: =B15+1 -> 44967 | C16: =TEXT(B16,"ddd") -> Fri | D16: 0.75 | E16: 0.66 | F16: 0.63 | G16: =SUMPRODUCT($D$6:$F$6,D16:F16) -> 17034 | I16: 12937 | J16: =I16-I15 -> 8 | K16: 4551838 | L16: =K16-K15 -> 19986 | P16: 103466 | Q16: - | R16: 142915 | S16: - | T16: 0 | U16: 0 | V16: =SUM(T16:U16) -> 0 | Y16: =SUM(W16:X16) -> 0 | Z16: 0 | AA16: 0 | AB16: 0 | AD16: 163.3 | AE16: =AD16+AE15 -> 1844.31 | AH16: =AG16+AH15 -> 0 | AI16: 819941 | AJ16: =AI16-AI15 -> 0 | AK16: 98242 | AL16: =AK16-AK15 -> 0 | AM16: 13339 | AN16: =AM16-AM15 -> 0 | AO16: 103466 | AP16: - | AQ16: 142915 | AR16: -
B17: =B16+1 -> 44968 | C17: =TEXT(B17,"ddd") -> Sat | D17: 0.86 | E17: 0.82 | F17: 0.6 | G17: =SUMPRODUCT($D$6:$F$6,D17:F17) -> 19038 | I17: 13315 | J17: =I17-I16 -> 378 | K17: 4574690 | L17: =K17-K16 -> 22852 | P17: 103466 | Q17: - | R17: 142915 | S17: - | T17: 0 | U17: 0 | V17: =SUM(T17:U17) -> 0 | Y17: =SUM(W17:X17) -> 0 | Z17: 0 | AA17: 0 | AB17: 0 | AD17: 162.46 | AE17: =AD17+AE16 -> 2006.77 | AH17: =AG17+AH16 -> 0 | AI17: 819941 | AJ17: =AI17-AI16 -> 0 | AK17: 98242 | AL17: =AK17-AK16 -> 0 | AM17: 13339 | AN17: =AM17-AM16 -> 0 | AO17: 103466 | AP17: - | AQ17: 142915 | AR17: -
B18: =B17+1 -> 44969 | C18: =TEXT(B18,"ddd") -> Sun | D18: 0.77 | E18: 0.99 | F18: 0.63 | G18: =SUMPRODUCT($D$6:$F$6,D18:F18) -> 19956.5 | I18: 13478 | J18: =I18-I17 -> 163 | K18: 4593029 | L18: =K18-K17 -> 18339 | P18: 103466 | Q18: - | R18: 142915 | S18: - | T18: 0 | U18: 0 | V18: =SUM(T18:U18) -> 0 | Y18: =SUM(W18:X18) -> 0 | Z18: 0 | AA18: 0 | AB18: 0 | AD18: 0 | AE18: =AD18+AE17 -> 2006.77 | AH18: =AG18+AH17 -> 0 | AI18: 820888 | AJ18: =AI18-AI17 -> 947 | AK18: 99147 | AL18: =AK18-AK17 -> 905 | AM18: 13409 | AN18: =AM18-AM17 -> 70 | AO18: 103466 | AP18: - | AQ18: 142915 | AR18: -
B19: =B18+1 -> 44970 | C19: =TEXT(B19,"ddd") -> Mon | D19: 0.67 | E19: 0.58 | F19: 0.79 | G19: =SUMPRODUCT($D$6:$F$6,D19:F19) -> 17034 | I19: 13496 | J19: =I19-I18 -> 18 | K19: 4613244 | L19: =K19-K18 -> 20215 | P19: 103466 | Q19: - | R19: 142915 | S19: - | T19: 0 | U19: 0 | V19: =SUM(T19:U19) -> 0 | Y19: =SUM(W19:X19) -> 0 | Z19: 0 | AA19: 0 | AB19: 0 | AD19: 78.6 | AE19: =AD19+AE18 -> 2085.37 | AH19: =AG19+AH18 -> 0 | AI19: 820888 | AJ19: =AI19-AI18 -> 0 | AK19: 99147 | AL19: =AK19-AK18 -> 0 | AM19: 13452 | AN19: =AM19-AM18 -> 43 | AO19: 103466 | AP19: - | AQ19: 142915 | AR19: -
B20: =B19+1 -> 44971 | C20: =TEXT(B20,"ddd") -> Tue | D20: 0.72 | E20: 0.67 | F20: 0.62 | G20: =SUMPRODUCT($D$6:$F$6,D20:F20) -> 16783.5 | I20: 13904 | J20: =I20-I19 -> 408 | K20: 4630399 | L20: =K20-K19 -> 17155 | P20: 103466 | Q20: - | R20: 142915 | S20: - | T20: 0 | U20: 0 | V20: =SUM(T20:U20) -> 0 | Y20: =SUM(W20:X20) -> 0 | Z20: 0 | AA20: 0 | AB20: 0 | AD20: 202.84 | AE20: =AD20+AE19 -> 2288.21 | AH20: =AG20+AH19 -> 0 | AI20: 827261 | AJ20: =AI20-AI19 -> 6373 | AK20: 99204 | AL20: =AK20-AK19 -> 57 | AM20: 13495 | AN20: =AM20-AM19 -> 43 | AO20: 103466 | AP20: - | AQ20: 142915 | AR20: -
