Workbook

Sheet Mar actual FM vol
B2: Substrate Supply
B4: Monthly SCA Minimum | C4: =62000/12 -> 5166.6667 | D4: (mtons)
B5: Delivered | C5: =SUM(D34:H34) -> 2906.789 | D5: (mtons)
B6: Rejected | C6: =SUM(D36:H36) -> 0 | D6: (mtons)
C26: =477/5167 -> 0.092316625 | E26: =E27/5167 -> 0.29998065 | F26: =F27/5167 -> 0.55196439 | G26: =G27/5167 -> 0.7892394
C27: =477 -> 477 | E27: =477+1073 -> 1550 | F27: =1550+1302 -> 2852 | G27: =2852+1226 -> 4078
D32: WEEK 1 | E32: WEEK 2 | F32: WEEk 3 | G32: WEEK 4
D33: Mar1-9 | E33: Mar10-16 | F33: Mar17-23 | G33: Mar24-31
B34: Delivered (DUVO) | C34: (mtons) | D34: =[1]Mar2024!$H$42 -> 1323.519 | E34: =[1]Mar2024!$H$43 -> 1583.27
B35: Divert to Buyers | D35: =[1]Mar2024!$I$42 -> 1017.83 | E35: =[1]Mar2024!$I$43 -> 311.012
B36: Divert to Buyers | C36: (mtons) | D36: 0 | E36: 0 | F36: 0 | G36: 0 | H36: 0
B37: Total Available | C37: (mtons) | G37: =G34+G35+G36 -> 0 | H37: =H34+H35+H36 -> 0
B38: Accumulative | D38: =D37 -> 0 | E38: =D38+E37 -> 0 | F38: =E38+F37 -> 0 | G38: =F38+G37 -> 0 | H38: =G38+H37 -> 0
B39: Target to Reach SCA Minimum | C39: (mtons) | D39: =C4/5 -> 1033.3333 | E39: =(C4-D38)/4 -> 1291.6667 | F39: =(C$4-E38)/3 -> 1722.2222 | G39: =(C$4-F38)/2 -> 2583.3333 | H39: =($C$4-G38) -> 5166.6667
C40: shortffall as of | D40: =C4-D37 -> 5166.6667 | E40: =D40-E37 -> 5166.6667 | F40: =E40-F37 -> 5166.6667 | G40: =F40-G37 -> 5166.6667 | H40: =G40-H37 -> 5166.6667
B45: Power Generation
B47: Monthly SCA Minimum | C47: =4953600/12 -> 412800 | D47: (kWh)
B48: Delivered | C48: =SUM(D75:H75) -> 136085 | D48: (kWh)
B49: Target to Reach SCA Minimum | C49: =C47-C48 -> 276715 | D49: (kWh)
D73: WEEK 1 | E73: WEEK 2 | F73: WEEk 3 | G73: WEEK 4 | H73: WEEK 5
D74: Mar1-9 | E74: Mar10-16 | F74: Mar17-23 | G74: Mar24-31
B75: Delivered | C75: (kWh) | D75: =[1]Mar2024!$J$42 -> 72734 | E75: =[1]Mar2024!$J$43 -> 63351 | G75: =[2]Dec2023!$I$45 -> 0 | I75: =SUM(D75:H75) -> 136085
B76: Accumulative | C76: (kWh) | D76: =D75 -> 72734 | E76: =D76+E75 -> 136085 | F76: =E76+F75 -> 136085 | G76: =F76+G75 -> 136085 | H76: =G76+H75 -> 136085
B77: Target to Reach SCA Minimum | C77: (kWh) | D77: =C47/5 -> 82560 | E77: =(C47-D77)/4 -> 82560 | F77: =($C$47-E76)/3 -> 92238.333 | G77: =($C$47-F76)/2 -> 138357.5 | H77: =($C$47-G76)/1 -> 276715
B80: Biogas Utilization
B82: Monthly SCA Minimum | C82: =4140528/12 -> 345044 | D82: (Nm3)
B83: Delivered | C83: =SUM(D113:H113) -> 129703.81 | D83: (Nm3)
B84: Target to Reach SCA Minimum | C84: =C82-C83 -> 215340.19 | D84: (Nm3)
D108: WEEK 1 | E108: WEEK 2 | F108: WEEK 3 | G108: WEEK 4 | H108: WEEK 5 | I108: Over-all
D109: Mar1-9 | E109: Mar10-16 | F109: Mar17-23 | G109: Mar24-31
B110: Delivered to Boilers | C110: (Nm3) | D110: =[1]Mar2024!$N$42 -> 15993 | E110: =[1]Mar2024!$N$43 -> 46342 | I110: =SUM(D110:H110) -> 62335
B111: Delivered to Engine | C111: (Nm3) | D111: =[1]Mar2024!$M$42 -> 36006.931 | E111: =[1]Mar2024!$M$43 -> 31361.881 | I111: =SUM(D111:H111) -> 67368.812
B112: Flared | C112: (Nm3) | D112: =[1]Mar2024!$O$42 -> 0 | E112: =[1]Mar2024!$O$43 -> 0 | I112: =SUM(D112:H112) -> 0
B113: Total Produced | C113: (Nm3) | D113: =SUM(D110:D112) -> 51999.931 | E113: =SUM(E110:E112) -> 77703.881 | F113: =SUM(F110:F112) -> 0 | G113: =SUM(G110:G112) -> 0 | H113: =SUM(H110:H112) -> 0 | I113: =SUM(D113:H113) -> 129703.81
B114: Accumulative | C114: (Nm3) | D114: =D113 -> 51999.931 | E114: =D114+E113 -> 129703.81 | F114: =E114+F113 -> 129703.81 | G114: =F114+G113 -> 129703.81 | H114: =G114+H113 -> 129703.81
B115: Target to Reach SCA Minimum | C115: (Nm3) | D115: =$C$82/5 -> 69008.8 | E115: =($C$82-D114)/4 -> 73261.017 | F115: =($C$82-E114)/3 -> 71780.063 | G115: =($C$82-F114)/2 -> 107670.09 | H115: =C82-H114 -> 215340.19 | I115: =C82 -> 345044
B118: Percent Utilization of Substrates
B120: Considering Original Weight
D121: 105 | E121: Nm3/ton
D122: Mar1-9 | E122: Mar10-16 | F122: Mar17-23 | G122: Mar24-31 | I122: Over-all
B124: Available Substrate | C124: (Nm3) | D124: =[1]Mar2024!$C$42 -> #REF! | E124: =[1]Mar2024!$C$43 -> #REF! | I124: =SUM(D124:H124) -> #REF!
B125: SCA Gas Equivalent | C125: (Nm3) | D125: =D128*D124 -> #REF! | E125: =E128*E124 -> #REF! | F125: =F128*F124 -> 0 | G125: =G128*G124 -> 0 | I125: =$D$121*I124 -> #REF!
B126: Actual Gas Produced | C126: (Nm3) | D126: =D113 -> 51999.931 | E126: =E113 -> 77703.881 | F126: =F113 -> 0 | G126: =G113 -> 0 | H126: =H113 -> 0 | I126: =SUM(D126:H126) -> 129703.81
B127: Actual Yield | C127: (Nm3/ton) | D127: =D126/D124 -> #REF! | E127: =E126/E124 -> #REF! | F127: =IFERROR(F126/F124,"") | G127: =IFERROR(G126/G124,"") | H127: =IFERROR(H126/H124,"") | I127: =I126/I124 -> #REF!
B128: Target Yield | C128: (Nm3/ton) | D128: 105 | E128: 105 | F128: 105 | G128: 105 | H128: 105 | I128: 105
B163: Factoring the DS Content*
D164: Mar1-2 | E164: Mar3-9 | F164: Mar10-16 | G164: Mar17-23 | H164: Mar24-31 | I164: Over-all
B165: Available Substrate | C165: (Nm3) | D165: =D124*(D168/15) -> #REF! | E165: =E124*(E168/15) -> #REF! | F165: =F124*(F168/15) -> 0 | G165: =G124*(G168/15) -> 0 | H165: =H124*(H168/15) -> 0 | I165: =SUM(D165:H165) -> #REF!
B166: SCA Gas Equivalent | C166: (Nm3) | D166: =D165*$D$121 -> #REF! | E166: =E165*$D$121 -> #REF! | F166: =F165*$D$121 -> 0 | G166: =G165*$D$121 -> 0 | H166: =H165*$D$121 -> 0 | I166: =I165*105 -> #REF!
B167: Actual Gas Produced | C167: (Nm3) | D167: =D126 -> 51999.931 | E167: =E126 -> 77703.881 | F167: =F126 -> 0 | G167: =G126 -> 0 | H167: =H126 -> 0 | I167: =I126 -> 129703.81
B168: %DS | D168: =[1]Mar2024!$G$42 -> 13.968333 | E168: =[1]Mar2024!$G$43 -> 14.433286 | I168: =AVERAGE(D168:H168) -> 14.20081
B169: Actual Yield | C169: (Nm3/ton) | D169: =D167/D165 -> #REF! | E169: =IFERROR(E167/E165,"") | F169: =IFERROR(F167/F165,"") | G169: =IFERROR(G167/G165,"") | H169: =IFERROR(H167/H165,"") | I169: =I167/I165 -> #REF!
B170: Target Yield | C170: (Nm3/ton) | D170: 105 | E170: 105 | F170: 105 | G170: 105 | H170: 105 | I170: =H170 -> 105
D171: *taking average weekly DS
B214: Collection Summary
B216: Period | C216: Biogas | D216: Power | E216: Total
B218: 44743 | C218: 1056523.5 | D218: 1501785 | E218: =C218+D218 -> 2558308.5
B219: 44774 | C219: 1649443.5 | D219: 863715 | E219: =C219+D219 -> 2513158.5
B220: 44805 | C220: 1346098.5 | D220: 1119105 | E220: =C220+D220 -> 2465203.5
B221: 44835 | C221: 2573653.5 | D221: 0 | E221: =C221+D221 -> 2573653.5
B222: 44866 | C222: 2239123.5 | D222: 0 | E222: =C222+D222 -> 2239123.5
B223: 44896 | C223: 3815869.5 | D223: 0 | E223: =C223+D223 -> 3815869.5
B224: 44927 | C224: 3876876 | D224: 0 | E224: =C224+D224 -> 3876876
B225: 44958 | C225: 2565432 | D225: 427935 | E225: =C225+D225 -> 2993367
B226: 44986 | C226: 2163847.5 | D226: 0 | E226: =C226+D226 -> 2163847.5
B227: 45017 | C227: 1103476.5 | D227: 0 | E227: =C227+D227 -> 1103476.5
B228: 45047 | C228: 1210167 | D228: 0 | E228: =C228+D228 -> 1210167
B229: 45078 | C229: 2359260 | D229: 0 | E229: =C229+D229 -> 2359260
C231: =SUM(C218:C229) -> 25959771 | D231: =SUM(D218:D229) -> 3912540 | E231: =SUM(E218:E229) -> 29872311

Sheet Mar actual FM volVer2
B2: Substrate Supply
B4: Monthly SCA Minimum | C4: =(62000-36999)/4 -> 6250.25 | D4: (mtons)
B5: Annual SCA Minimum | C5: 62000 | D5: (mtons)
B6: Delivered | C6: =SUM(D35:H35) -> 2906.789 | D6: (mtons)
B7: Rejected | C7: =SUM(D37:H37) -> 0 | D7: (mtons)
C27: =477/5167 -> 0.092316625 | E27: =E28/5167 -> 0.29998065 | F27: =F28/5167 -> 0.55196439 | G27: =G28/5167 -> 0.7892394
C28: =477 -> 477 | E28: =477+1073 -> 1550 | F28: =1550+1302 -> 2852 | G28: =2852+1226 -> 4078
D33: WEEK 1 | E33: WEEK 2 | F33: WEEk 3 | G33: WEEK 4
D34: Mar1-9 | E34: Mar10-16 | F34: Mar17-23 | G34: Mar24-31
B35: Delivered (DUVO) | C35: (mtons) | D35: =[1]Mar2024!$H$42 -> 1323.519 | E35: =[1]Mar2024!$H$43 -> 1583.27 | J35: =D35/C4 -> 0.21175457
B36: Divert to Buyers | D36: =[1]Mar2024!$I$42 -> 1017.83 | E36: =[1]Mar2024!$I$43 -> 311.012
B37: Divert to Buyers | C37: (mtons) | D37: 0 | E37: 0 | F37: 0 | G37: 0 | H37: 0
B38: Total Available | C38: (mtons) | G38: =G35+G36+G37 -> 0 | H38: =H35+H36+H37 -> 0
B39: Accumulative | D39: =D38 -> 0 | E39: =D39+E38 -> 0 | F39: =E39+F38 -> 0 | G39: =F39+G38 -> 0 | H39: =G39+H38 -> 0
B40: Target to Reach SCA Minimum | C40: (mtons) | D40: =C4/5 -> 1250.05 | E40: =(C4-D39)/4 -> 1562.5625 | F40: =(C$4-E39)/3 -> 2083.4167 | G40: =(C$4-F39)/2 -> 3125.125 | H40: =($C$4-G39) -> 6250.25
C41: shortffall as of | D41: =C4-D38 -> 6250.25 | E41: =D41-E38 -> 6250.25 | F41: =E41-F38 -> 6250.25 | G41: =F41-G38 -> 6250.25 | H41: =G41-H38 -> 6250.25
B46: Power Generation
B48: Monthly SCA Minimum | C48: =(4953600-305990)/4 -> 1161902.5 | D48: (kWh)
B49: Annual SCA Minimum | C49: 4953600 | D49: (kWh)
B50: Delivered | C50: =SUM(D77:H77) -> 136085 | D50: (kWh)
B51: Target to Reach SCA Minimum | C51: =C48-C50 -> 1025817.5 | D51: (kWh)
D75: WEEK 1 | E75: WEEK 2 | F75: WEEk 3 | G75: WEEK 4 | H75: WEEK 5
D76: Mar1-9 | E76: Mar10-16 | F76: Mar17-23 | G76: Mar24-31
B77: Delivered | C77: (kWh) | D77: =[1]Mar2024!$J$42 -> 72734 | E77: =[1]Mar2024!$J$43 -> 63351 | G77: =[2]Dec2023!$I$45 -> 0 | I77: =SUM(D77:H77) -> 136085
B78: Accumulative | C78: (kWh) | D78: =D77 -> 72734 | E78: =D78+E77 -> 136085 | F78: =E78+F77 -> 136085 | G78: =F78+G77 -> 136085 | H78: =G78+H77 -> 136085
B79: Target to Reach SCA Minimum | C79: (kWh) | D79: =C48/5 -> 232380.5 | E79: =(C48-D79)/4 -> 232380.5 | F79: =($C$48-E78)/3 -> 341939.17 | G79: =($C$48-F78)/2 -> 512908.75 | H79: =($C$48-G78)/1 -> 1025817.5
B82: Biogas Utilization
B84: Monthly SCA Minimum | C84: =(4140528-2484001)/4 -> 414131.75 | D84: (Nm3)
B85: Annual SCA Minimum | C85: 4140528 | D85: (Nm3)
B86: Delivered | C86: =SUM(D116:H116) -> 129703.81 | D86: (Nm3)
B87: Target to Reach SCA Minimum | C87: =C84-C86 -> 284427.94 | D87: (Nm3)
D111: WEEK 1 | E111: WEEK 2 | F111: WEEK 3 | G111: WEEK 4 | H111: WEEK 5 | I111: Over-all
D112: Mar1-9 | E112: Mar10-16 | F112: Mar17-23 | G112: Mar24-31
B113: Delivered to Boilers | C113: (Nm3) | D113: =[1]Mar2024!$N$42 -> 15993 | E113: =[1]Mar2024!$N$43 -> 46342 | I113: =SUM(D113:H113) -> 62335 | K113: =I113/D116 -> 1.1987516
B114: Delivered to Engine | C114: (Nm3) | D114: =[1]Mar2024!$M$42 -> 36006.931 | E114: =[1]Mar2024!$M$43 -> 31361.881 | I114: =SUM(D114:H114) -> 67368.812
B115: Flared | C115: (Nm3) | D115: =[1]Mar2024!$O$42 -> 0 | E115: =[1]Mar2024!$O$43 -> 0 | I115: =SUM(D115:H115) -> 0
B116: Total Produced | C116: (Nm3) | D116: =SUM(D113:D115) -> 51999.931 | E116: =SUM(E113:E115) -> 77703.881 | F116: =SUM(F113:F115) -> 0 | G116: =SUM(G113:G115) -> 0 | H116: =SUM(H113:H115) -> 0 | I116: =SUM(D116:H116) -> 129703.81
B117: Accumulative | C117: (Nm3) | D117: =D116 -> 51999.931 | E117: =D117+E116 -> 129703.81 | F117: =E117+F116 -> 129703.81 | G117: =F117+G116 -> 129703.81 | H117: =G117+H116 -> 129703.81
B118: Target to Reach SCA Minimum | C118: (Nm3) | D118: =$C$84/5 -> 82826.35 | E118: =($C$84-D117)/4 -> 90532.955 | F118: =($C$84-E117)/3 -> 94809.313 | G118: =($C$84-F117)/2 -> 142213.97 | H118: =C84-H117 -> 284427.94 | I118: =C84 -> 414131.75
B121: Percent Utilization of Substrates
B123: Considering Original Weight
D124: 105 | E124: Nm3/ton
D125: Mar1-9 | E125: Mar10-16 | F125: Mar17-23 | G125: Mar24-31 | I125: Over-all
B127: Available Substrate | C127: (Nm3) | D127: =[1]Mar2024!$C$42 -> #REF! | E127: =[1]Mar2024!$C$43 -> #REF! | I127: =SUM(D127:H127) -> #REF!
B128: SCA Gas Equivalent | C128: (Nm3) | D128: =D131*D127 -> #REF! | E128: =E131*E127 -> #REF! | F128: =F131*F127 -> 0 | G128: =G131*G127 -> 0 | I128: =$D$124*I127 -> #REF!
B129: Actual Gas Produced | C129: (Nm3) | D129: =D116 -> 51999.931 | E129: =E116 -> 77703.881 | F129: =F116 -> 0 | G129: =G116 -> 0 | H129: =H116 -> 0 | I129: =SUM(D129:H129) -> 129703.81
B130: Actual Yield | C130: (Nm3/ton) | D130: =D129/D127 -> #REF! | E130: =E129/E127 -> #REF! | F130: =IFERROR(F129/F127,"") | G130: =IFERROR(G129/G127,"") | H130: =IFERROR(H129/H127,"") | I130: =I129/I127 -> #REF!
B131: Target Yield | C131: (Nm3/ton) | D131: 105 | E131: 105 | F131: 105 | G131: 105 | H131: 105 | I131: 105
B166: Factoring the DS Content*
D167: Mar1-9 | E167: Mar10-16 | F167: Mar17-23 | G167: Mar24-31 | H167: Mar24-31 | I167: Over-all
B168: Available Substrate | C168: (Nm3) | D168: =D127*(D171/15) -> #REF! | E168: =E127*(E171/15) -> #REF! | F168: =F127*(F171/15) -> 0 | G168: =G127*(G171/15) -> 0 | H168: =H127*(H171/15) -> 0 | I168: =SUM(D168:H168) -> #REF!
B169: SCA Gas Equivalent | C169: (Nm3) | D169: =D168*$D$124 -> #REF! | E169: =E168*$D$124 -> #REF! | F169: =F168*$D$124 -> 0 | G169: =G168*$D$124 -> 0 | H169: =H168*$D$124 -> 0 | I169: =I168*105 -> #REF!
B170: Actual Gas Produced | C170: (Nm3) | D170: =D129 -> 51999.931 | E170: =E129 -> 77703.881 | F170: =F129 -> 0 | G170: =G129 -> 0 | H170: =H129 -> 0 | I170: =I129 -> 129703.81
B171: %DS | D171: =[1]Mar2024!$G$42 -> 13.968333 | E171: =[1]Mar2024!$G$43 -> 14.433286 | I171: =AVERAGE(D171:H171) -> 14.20081
B172: Actual Yield | C172: (Nm3/ton) | D172: =D170/D168 -> #REF! | E172: =IFERROR(E170/E168,"") | F172: =IFERROR(F170/F168,"") | G172: =IFERROR(G170/G168,"") | H172: =IFERROR(H170/H168,"") | I172: =I170/I168 -> #REF!
B173: Target Yield | C173: (Nm3/ton) | D173: 105 | E173: 105 | F173: 105 | G173: 105 | H173: 105 | I173: =H173 -> 105
D174: *taking average weekly DS
B217: Collection Summary
B219: Period | C219: Biogas | D219: Power | E219: Total
B221: 44743 | C221: 1056523.5 | D221: 1501785 | E221: =C221+D221 -> 2558308.5
B222: 44774 | C222: 1649443.5 | D222: 863715 | E222: =C222+D222 -> 2513158.5
B223: 44805 | C223: 1346098.5 | D223: 1119105 | E223: =C223+D223 -> 2465203.5
B224: 44835 | C224: 2573653.5 | D224: 0 | E224: =C224+D224 -> 2573653.5
B225: 44866 | C225: 2239123.5 | D225: 0 | E225: =C225+D225 -> 2239123.5
B226: 44896 | C226: 3815869.5 | D226: 0 | E226: =C226+D226 -> 3815869.5
B227: 44927 | C227: 3876876 | D227: 0 | E227: =C227+D227 -> 3876876
B228: 44958 | C228: 2565432 | D228: 427935 | E228: =C228+D228 -> 2993367
B229: 44986 | C229: 2163847.5 | D229: 0 | E229: =C229+D229 -> 2163847.5
B230: 45017 | C230: 1103476.5 | D230: 0 | E230: =C230+D230 -> 1103476.5
B231: 45047 | C231: 1210167 | D231: 0 | E231: =C231+D231 -> 1210167
B232: 45078 | C232: 2359260 | D232: 0 | E232: =C232+D232 -> 2359260
C234: =SUM(C221:C232) -> 25959771 | D234: =SUM(D221:D232) -> 3912540 | E234: =SUM(E221:E232) -> 29872311

Sheet May actual FM vol
B2: Substrate Supply
B4: Monthly SCA Minimum | C4: =(62000-24055+4168+4544)/2 -> 23328.5 | D4: (mtons) | E4: > Running SCA Based on DUVO delivered pulp only
B5: Annual SCA Minimum | C5: 62000 | D5: (mtons)
B6: Delivered | C6: =SUM(D35:H35) -> 426.56 | D6: (mtons)
B7: Rejected | C7: =SUM(D37:H37) -> 0 | D7: (mtons)
D33: WEEK 1 (May1-4) | E33: WEEK 2 (May5-11) | F33: WEEk 3 (May12-18) | G33: WEEk 4 (May19-25) | H33: WEEK 5 (May26-31)
B35: Delivered (DUVO) | C35: (mtons) | D35: 12.39 | E35: 414.17
B36: Divert from Pol | D36: 51.49 | E36: 102.92 | I36: =170*11 -> 1870
B38: Total Available | C38: (mtons) | D38: =D36+D35 -> 63.88 | E38: =E36+E35 -> 517.09 | F38: =F35 -> 0 | G38: =G35 -> 0 | H38: =H35 -> 0 | I38: =SUM(D38:H38) -> 580.97
B39: Accumulative | D39: =D38 -> 63.88 | E39: =D39+E38 -> 580.97 | F39: =E39+F38 -> 580.97 | G39: =F39+G38 -> 580.97 | H39: =G39+H38 -> 580.97 | I39: =I38-I36 -> -1289.03
B40: Target to Reach SCA Minimum | C40: (mtons) | D40: =C4/5 -> 4665.7 | E40: =(C4-D39)/4 -> 5816.155 | F40: =(C$4-E39)/3 -> 7582.51 | G40: =(C$4-F39)/2 -> 11373.765 | H40: =($C$4-G39) -> 22747.53
C41: shortffall as of | D41: =C4-D38 -> 23264.62 | E41: =D41-E38 -> 22747.53 | F41: =E41-F38 -> 22747.53 | G41: =F41-G38 -> 22747.53 | H41: =G41-H38 -> 22747.53
B46: Power Generation
B48: Monthly SCA Minimum | C48: =(4953600-(305990+227497+112081))/2 -> 2154016 | D48: (kWh)
B49: Annual SCA Minimum | C49: 4953600 | D49: (kWh)
B50: Delivered | C50: =SUM(D76:H76) -> 81343 | D50: (kWh)
B51: Target to Reach SCA Minimum | C51: =C48-C50 -> 2072673 | D51: (kWh)
D75: WEEK 1 (May1-4) | E75: WEEK 2 (May5-11) | F75: WEEk 3 (May12-18) | G75: WEEk 4 (May19-25) | H75: WEEK 5 (May26-31)
B76: Delivered | C76: (kWh) | D76: 39342 | E76: 42001
B77: Accumulative | C77: (kWh) | D77: =D76 -> 39342 | E77: =D77+E76 -> 81343 | F77: =E77+F76 -> 81343 | G77: =F77+G76 -> 81343 | H77: =G77+G76 -> 81343 | I77: =H77/C48 -> 0.037763415
B78: Target to Reach SCA Minimum | C78: (kWh) | D78: =C48/5 -> 430803.2 | E78: =(C48-D77)/4 -> 528668.5 | F78: =($C$48-E77)/3 -> 690891 | G78: =($C$48-F77)/2 -> 1036336.5 | H78: =(C48-G78)/1 -> 1117679.5
B81: Biogas Utilization
B83: Monthly SCA Minimum | C83: =(4140528-(2484001+148391+302350))/2 -> 602893 | D83: (Nm3)
B84: Annual SCA Minimum | C84: 4140528 | D84: (Nm3)
B85: Delivered | C85: =SUM(D114:H114) -> 117942 | D85: (Nm3)
B86: Target to Reach SCA Minimum | C86: =C83-C85 -> 484951 | D86: (Nm3)
D110: WEEK 1 (May1-4) | E110: WEEK 2 (May5-11) | F110: WEEk 3 (May12-18) | G110: WEEk 4 (May19-25) | H110: WEEK 5 (May26-31)
B111: Delivered to Boilers | C111: (Nm3) | D111: 23322 | E111: 54533 | I111: =SUM(D111:H111) -> 77855
B112: Delivered to Engine | C112: (Nm3) | D112: 19294 | E112: 20793 | I112: =SUM(D112:H112) -> 40087
B113: Flared | C113: (Nm3) | I113: =SUM(D113:H113) -> 0
B114: Total Produced | C114: (Nm3) | D114: =SUM(D111:D113) -> 42616 | E114: =SUM(E111:E113) -> 75326 | F114: =SUM(F111:F113) -> 0 | G114: =SUM(G111:G113) -> 0 | H114: =SUM(H111:H113) -> 0
B115: Accumulative | C115: (Nm3) | D115: =D114 -> 42616 | E115: =D115+E114 -> 117942 | F115: =E115+F114 -> 117942 | G115: =F115+G114 -> 117942 | H115: =G115+H114 -> 117942
B116: Target to Reach SCA min | C116: (Nm3) | D116: =$C$83/5 -> 120578.6 | E116: =($C$83-D115)/4 -> 140069.25 | F116: =($C$83-E115)/3 -> 161650.33 | G116: =($C$83-F115)/2 -> 242475.5 | H116: =($C$83-G115)/1 -> 484951
B119: Percent Utilization of Substrates
B121: Considering Original Weight
D122: 105 | E122: Nm3/ton
D123: Wk 1 (May1-4) | E123: Wk 2 (May5-11) | F123: Wk 3 (May12-18) | G123: Wk 4 (May19-25) | H123: Wk 5 (May26-31) | I123: Over-all
B125: Available Substrate | C125: (Nm3) | D125: 416 | E125: 872 | I125: =SUM(D125:H125) -> 1288
B126: SCA Gas Equivalent | C126: (Nm3) | D126: =D129*D125 -> 43680 | E126: =E129*E125 -> 91560 | F126: =F129*F125 -> 0 | G126: =G129*G125 -> 0 | H126: =H129*H125 -> 0 | I126: =I129*I125 -> 135240
B127: Actual Gas Produced | C127: (Nm3) | D127: =D114 -> 42616 | E127: =E114 -> 75326 | F127: =F114 -> 0 | G127: =G114 -> 0 | H127: =H114 -> 0 | I127: =SUM(D127:H127) -> 117942
B128: Actual Yield | C128: (Nm3/ton) | D128: =D127/D125 -> 102.44231 | E128: =E127/E125 -> 86.383028 | F128: =IFERROR(F127/F125,"") | G128: =IFERROR(G127/G125,"") | H128: =IFERROR(H127/H125,"") | I128: =I127/I125 -> 91.569876
B129: Target Yield | C129: (Nm3/ton) | D129: 105 | E129: 105 | F129: 105 | G129: 105 | H129: 105 | I129: 105
B165: Factoring the DS Content*
D166: Wk 1 (May1-4) | E166: Wk 2 (May5-11) | F166: Wk 3 (May12-18) | G166: Wk 4 (May19-25) | H166: Wk 5 (May26-31) | I166: Over-all
B167: Available Substrate | C167: (Nm3) | D167: =D125*(D170/15) -> 427.37067 | E167: =E125*(E170/15) -> 791.776 | F167: =F125*(F170/15) -> 0 | G167: =G125*(G170/15) -> 0 | H167: =H125*(H170/15) -> 0 | I167: =SUM(D167:H167) -> 1219.1467
B168: SCA Gas Equivalent | C168: (Nm3) | D168: =D167*$D$122 -> 44873.92 | E168: =E167*$D$122 -> 83136.48 | F168: =F167*$D$122 -> 0 | G168: =G167*$D$122 -> 0 | H168: =H167*$D$122 -> 0 | I168: =I167*105 -> 128010.4
B169: Actual Gas Produced | C169: (Nm3) | D169: =D127 -> 42616 | E169: =E127 -> 75326 | F169: =F127 -> 0 | G169: =G127 -> 0 | H169: =H127 -> 0 | I169: =SUM(D169:H169) -> 117942
B170: %DS | D170: 15.41 | E170: 13.62 | I170: =AVERAGE(D170:H170) -> 14.515
B171: Actual Yield | C171: (Nm3/ton) | D171: =D169/D167 -> 99.716717 | E171: =IFERROR(E169/E167,"") -> 95.135493 | F171: =IFERROR(F169/F167,"") | G171: =IFERROR(G169/G167,"") | H171: =IFERROR(H169/H167,"") | I171: =IFERROR(I169/I167,"") -> 96.741437
B172: Target Yield | C172: (Nm3/ton) | D172: 105 | E172: 105 | F172: 105 | G172: 105 | H172: 105 | I172: 105
D173: *taking average weekly DS
B216: Collection Summary
B218: Period | C218: Biogas | D218: Power | E218: Total
B220: 44743 | C220: 1056523.5 | D220: 1501785 | E220: =C220+D220 -> 2558308.5
B221: 44774 | C221: 1649443.5 | D221: 863715 | E221: =C221+D221 -> 2513158.5
B222: 44805 | C222: 1346098.5 | D222: 1119105 | E222: =C222+D222 -> 2465203.5
B223: 44835 | C223: 2573653.5 | D223: 0 | E223: =C223+D223 -> 2573653.5
B224: 44866 | C224: 2239123.5 | D224: 0 | E224: =C224+D224 -> 2239123.5
B225: 44896 | C225: 3815869.5 | D225: 0 | E225: =C225+D225 -> 3815869.5
B226: 44927 | C226: 3876876 | D226: 0 | E226: =C226+D226 -> 3876876
B227: 44958 | C227: 2565432 | D227: 427935 | E227: =C227+D227 -> 2993367
B228: 44986 | C228: 2163847.5 | D228: 0 | E228: =C228+D228 -> 2163847.5
B229: 45017 | C229: 1103476.5 | D229: 0 | E229: =C229+D229 -> 1103476.5
B230: 45047 | C230: 1210167 | D230: 0 | E230: =C230+D230 -> 1210167
B231: 45078 | C231: 2359260 | D231: 0 | E231: =C231+D231 -> 2359260
C233: =SUM(C220:C231) -> 25959771 | D233: =SUM(D220:D231) -> 3912540 | E233: =SUM(E220:E231) -> 29872311

Sheet Dec
B2: Substrate Supply - Y3
B4: Annual SCA Minimum | C4: 143000 | D4: (mtons)
B5: Running Monthly Minimum to meet SCA Guaranty | C5: =(C4-C7)/7 -> 15378.429 | D5: (mtons)
B6: Delivered | C6: =SUM(D36:G36) -> 9710.35 | D6: (mtons)
B7: YTD total | C7: 35351 | D7: (mtons)
B8: Rejected | C8: =SUM(D38:G38) -> 0 | D8: (mtons)
D34: WEEK 1 (Dec1-7) | E34: WEEK 2 (Dec8-14) | F34: WEEk 3 (Dec15-21) | G34: WEEk 4 (Dec22-31)
B36: Delivered (DUVO) | C36: (mtons) | D36: 2093 | E36: 2267.49 | F36: 2410.3 | G36: 2939.56
B37: Diverted
B39: Total Available | C39: (mtons) | D39: =D37+D36 -> 2093 | E39: =IF(E37+E36="",0,E37+E36) -> 2267.49 | F39: =F36 -> 2410.3 | G39: =G36 -> 2939.56
B40: Monthly Accumulative | D40: =D39 -> 2093 | E40: =E39+D40 -> 4360.49 | F40: =F39+E40 -> 6770.79 | G40: =G39+F40 -> 9710.35
B41: Target to Reach SCA Minimum | C41: (mtons) | D41: =(C5/31)*7 -> 3472.5484 | E41: =((C5/31)*14)-D40 -> 4852.0968 | F41: =((C5/31)*21)-E40 -> 6057.1552 | G41: =((C5/31)*31)-F40 -> 8607.6386
B47: Power Generation - Y3
B49: Annual SCA Minimum | C49: 9907200 | D49: (kWh)
B50: Monthly SCA Minimum | C50: =(C49-C52)/7 -> 1153958.9 | D50: (kWh)
B51: Delivered | C51: =SUM(D78:G78) -> 817937 | D51: (kWh)
B52: YTD Total | C52: 1829488 | D52: (kWh)
B53: Target to Reach SCA Minimum | C53: =C50-C51 -> 336021.86 | D53: (kWh)
E60: (kWh)
D77: WEEK 1 (Dec1-7) | E77: WEEK 2 (Dec8-14) | F77: WEEk 3 (Dec15-21) | G77: WEEk 4 (Dec22-31)
B78: Delivered | C78: (kWh) | D78: 207561 | E78: 204464 | F78: 207039 | G78: 198873
B79: Accumulative | C79: (kWh) | D79: =D78 -> 207561 | E79: =D79+E78 -> 412025 | F79: =E79+F78 -> 619064 | G79: =F79+G78 -> 817937
B80: Target to Reach SCA Minimum | C80: (kWh) | D80: =C50/4 -> 288489.71 | E80: =(C50-D79)/3 -> 315465.95 | F80: =($C$50-E79)/2 -> 370966.93 | G80: =(C50-F79)/1 -> 534894.86
B84: Biogas Utilization - Y3
B86: Annual SCA Minimum | C86: 10000000 | D86: (Nm3)
B87: Monthly SCA Minimum | C87: =(C86-C89)/7 -> 1203413 | D87: (Nm3)
B88: Delivered | C88: =SUM(D115:G115,D117:G117) -> 616747 | D88: (Nm3)
B89: YTD Total | C89: 1576109 | D89: (Nm3)
B90: Target to Reach SCA Minimum | C90: =C87-C88 -> 586666 | D90: (Nm3)
D114: WEEK 1 (Dec1-7) | E114: WEEK 2 (Dec8-14) | F114: WEEk 3 (Dec15-21) | G114: WEEk 4 (Dec22-31)
B115: Delivered to Boilers | C115: (Nm3) | D115: 97252 | E115: 121037 | F115: 174921 | G115: 215191
B116: Delivered to Engine | C116: (Nm3) | D116: =D78*0.47 -> 97553.67 | E116: =E78*0.47 -> 96098.08 | F116: =F78*0.47 -> 97308.33 | G116: =G78*0.47 -> 93470.31
B117: Flared | C117: (Nm3) | E117: 2105 | G117: 6241
B118: Total Produced | C118: (Nm3) | D118: =D115+D117 -> 97252 | E118: =E115+E117 -> 123142 | F118: =SUM(F115:F117) -> 272229.33 | G118: =SUM(G115:G117) -> 314902.31
B119: Accumulative | C119: (Nm3) | D119: =D118 -> 97252 | E119: =D119+E118 -> 220394 | F119: =E119+F118 -> 492623.33 | G119: =F119+G118 -> 807525.64
B120: Target Gas vs Delivered Substrates | C120: (Nm3) | D120: =D36*101*0.7842 -> 165774.39 | E120: =E36*101*0.7842 -> 179594.73 | F120: =F36*101*0.7842 -> 190905.88 | G120: =G36*101*0.7842 -> 232825.5
B121: Target to Reach SCA min | C121: (Nm3) | D121: =$C$87/4 -> 300853.25 | E121: =($C$87-D119)/3 -> 368720.33 | F121: =($C$87-E119)/2 -> 491509.5 | G121: =($C$87-F119)/1 -> 710789.67
B124: Percent Utilization of Substrates - Y3
B126: Considering Original Weight
D127: 101 | E127: Nm3/ton
D128: WEEK 1 (Dec1-7) | E128: WEEK 2 (Dec8-14) | F128: WEEk 3 (Dec15-21) | G128: WEEk 4 (Dec22-31) | H128: Over-all
B130: Available Substrate | C130: (Nm3) | D130: =D36 -> 2093 | E130: =E36 -> 2267.49 | F130: =F36 -> 2410.3 | G130: =G36 -> 2939.56 | H130: =SUM(D130:G130) -> 9710.35
B131: SCA Gas Equivalent | C131: (Nm3) | D131: =D134*D130 -> 211393 | E131: =E134*E130 -> 229016.49 | F131: =F134*F130 -> 243440.3 | G131: =G134*G130 -> 296895.56 | H131: =H134*H130 -> 980745.35
B132: Actual Gas Produced | C132: (Nm3) | D132: =D118+D78*0.47 -> 194805.67 | E132: =E118+E78*0.47 -> 219240.08 | F132: =F118 -> 272229.33 | G132: =G118 -> 314902.31 | H132: =SUM(D132:G132) -> 1001177.4
B133: Actual Yield | C133: (Nm3/ton) | D133: =IFERROR(D132/D130,"") -> 93.074854 | E133: =IFERROR(E132/E130,"") -> 96.688444 | F133: =IFERROR(F132/F130,"") -> 112.94417 | G133: =IFERROR(G132/G130,"") -> 107.12566 | H133: =H132/H130 -> 103.10415
B134: Target Yield | C134: (Nm3/ton) | D134: 101 | E134: 101 | F134: 101 | G134: 101 | H134: 101
B170: Factoring the DS Content*
D171: WEEK 1 (Dec1-7) | E171: WEEK 2 (Dec8-14) | F171: WEEk 3 (Dec15-21) | G171: WEEk 4 (Dec22-31) | H171: Over-all
B172: Available Substrate | C172: (Nm3) | D172: =D130*(D175/15) -> 2000.908 | E172: =E130*(E175/15) -> 2130.9871 | F172: =F130*(F175/15) -> 2356.47 | G172: =G130*(G175/15) -> 2814.1388 | H172: =SUM(D172:G172) -> 9302.5038
B173: SCA Gas Equivalent | C173: (Nm3) | D173: =D172*$D$127 -> 202091.71 | E173: =E172*$D$127 -> 215229.7 | F173: =F172*$D$127 -> 238003.47 | G173: =G172*$D$127 -> 284228.02 | H173: =H172*105 -> 976762.9
B174: Actual Gas Produced | C174: (Nm3) | D174: =D132 -> 194805.67 | E174: =E132 -> 219240.08 | F174: =F132 -> 272229.33 | G174: =G132 -> 314902.31 | H174: =SUM(D174:G174) -> 1001177.4
B175: %DS | D175: 14.34 | E175: 14.097 | F175: 14.665 | G175: 14.36 | H175: =AVERAGE(D175:G175) -> 14.3655
B176: Actual Yield | C176: (Nm3/ton) | D176: =IFERROR(D174/D172,"") -> 97.358634 | E176: =IFERROR(E174/E172,"") -> 102.88194 | F176: =IFERROR(F174/F172,"") -> 115.52421 | G176: =IFERROR(G174/G172,"") -> 111.90006 | H176: =H174/H172 -> 107.62451
B177: Target Yield | C177: (Nm3/ton) | D177: 101 | E177: 101 | F177: 101 | G177: 101 | H177: 105
D178: *taking average weekly DS
B221: Collection Summary
B223: Period | C223: Biogas | D223: Power | E223: Total
B225: 44743 | C225: 1056523.5 | D225: 1501785 | E225: =C225+D225 -> 2558308.5
B226: 44774 | C226: 1649443.5 | D226: 863715 | E226: =C226+D226 -> 2513158.5
B227: 44805 | C227: 1346098.5 | D227: 1119105 | E227: =C227+D227 -> 2465203.5
B228: 44835 | C228: 2573653.5 | D228: 0 | E228: =C228+D228 -> 2573653.5
B229: 44866 | C229: 2239123.5 | D229: 0 | E229: =C229+D229 -> 2239123.5
B230: 44896 | C230: 3815869.5 | D230: 0 | E230: =C230+D230 -> 3815869.5
B231: 44927 | C231: 3876876 | D231: 0 | E231: =C231+D231 -> 3876876
B232: 44958 | C232: 2565432 | D232: 427935 | E232: =C232+D232 -> 2993367
B233: 44986 | C233: 2163847.5 | D233: 0 | E233: =C233+D233 -> 2163847.5
B234: 45017 | C234: 1103476.5 | D234: 0 | E234: =C234+D234 -> 1103476.5
B235: 45047 | C235: 1210167 | D235: 0 | E235: =C235+D235 -> 1210167
B236: 45078 | C236: 2359260 | D236: 0 | E236: =C236+D236 -> 2359260
C238: =SUM(C225:C236) -> 25959771 | D238: =SUM(D225:D236) -> 3912540 | E238: =SUM(E225:E236) -> 29872311

Sheet Jan
B2: Substrate Supply - Y3
B4: Annual SCA Minimum | C4: 143000 | D4: (mtons)
B5: Running Monthly Minimum to meet SCA Guaranty | C5: =(C4-C7)/6 -> 16323.167 | D5: (mtons)
B6: Delivered | C6: =SUM(D36:G36) -> 9589.1 | D6: (mtons)
B7: YTD total | C7: =35351+9710 -> 45061 | D7: (mtons)
B8: Rejected | C8: =SUM(D38:G38) -> 0 | D8: (mtons)
D34: WEEK 1 (Jan1-11) | E34: WEEK 2 (Jan12-18) | F34: WEEk 3 (Jan19-25) | G34: WEEk 4 (Jan26-31)
B36: Delivered (DUVO) | C36: (mtons) | D36: 3453.98 | E36: 1987.72 | F36: 2311.76 | G36: 1835.64
B37: Diverted
B39: Total Available | C39: (mtons) | D39: =D37+D36 -> 3453.98 | E39: =IF(E37+E36="",0,E37+E36) -> 1987.72 | F39: =F36 -> 2311.76 | G39: =G36 -> 1835.64
B40: Monthly Accumulative | D40: =D39 -> 3453.98 | E40: =E39+D40 -> 5441.7 | F40: =F39+E40 -> 7753.46 | G40: =G39+F40 -> 9589.1
B41: Target to Reach SCA Minimum | C41: (mtons) | D41: =(C5/31)*7 -> 3685.8763 | E41: =((C5/31)*14)-D40 -> 3917.7727 | F41: =((C5/31)*21)-E40 -> 5615.929 | G41: =((C5/31)*31)-F40 -> 8569.7067
B47: Power Generation - Y3
B49: Annual SCA Minimum | C49: 9907200 | D49: (kWh)
B50: Monthly SCA Minimum | C50: =(C49-C52)/6 -> 1209962.5 | D50: (kWh)
B51: Delivered | C51: =SUM(D78:G78) -> 596387 | D51: (kWh)
B52: YTD Total | C52: =1829488+817937 -> 2647425 | D52: (kWh)
B53: Target to Reach SCA Minimum | C53: =C50-C51 -> 613575.5 | D53: (kWh)
E60: (kWh)
D77: =D34 -> WEEK 1 (Jan1-11) | E77: =E34 -> WEEK 2 (Jan12-18) | F77: =F34 -> WEEk 3 (Jan19-25) | G77: =G34 -> WEEk 4 (Jan26-31)
B78: Delivered | C78: (kWh) | D78: 234896 | E78: 53486 | F78: 173215 | G78: 134790
B79: Accumulative | C79: (kWh) | D79: =D78 -> 234896 | E79: =D79+E78 -> 288382 | F79: =E79+F78 -> 461597 | G79: =F79+G78 -> 596387
B80: Target to Reach SCA Minimum | C80: (kWh) | D80: =C50/4 -> 302490.62 | E80: =(C50-D79)/3 -> 325022.17 | F80: =($C$50-E79)/2 -> 460790.25 | G80: =(C50-F79)/1 -> 748365.5
B84: Biogas Utilization - Y3
B86: Annual SCA Minimum | C86: 10000000 | D86: (Nm3)
B87: Monthly SCA Minimum | C87: =(C86-C89)/6 -> 1301190.7 | D87: (Nm3)
B88: Delivered | C88: =SUM(D115:G115,D117:G117) -> 808557 | D88: (Nm3)
B89: YTD Total | C89: =1576109+616747 -> 2192856 | D89: (Nm3)
B90: Target to Reach SCA Minimum | C90: =C87-C88 -> 492633.67 | D90: (Nm3)
D114: =D77 -> WEEK 1 (Jan1-11) | E114: =E77 -> WEEK 2 (Jan12-18) | F114: =F77 -> WEEk 3 (Jan19-25) | G114: =G77 -> WEEk 4 (Jan26-31)
B115: Delivered to Boilers | C115: (Nm3) | D115: 285984 | E115: 182163 | F115: 145287 | G115: 155496
B116: Delivered to Engine | C116: (Nm3) | D116: =D78*0.47 -> 110401.12 | E116: =E78*0.47 -> 25138.42 | F116: =F78*0.47 -> 81411.05 | G116: =G78*0.47 -> 63351.3
B117: Flared | C117: (Nm3) | D117: 12742 | E117: 19766 | F117: 7119
B118: Total Produced | C118: (Nm3) | D118: =D115+D117 -> 298726 | E118: =E115+E117 -> 201929 | F118: =SUM(F115:F117) -> 233817.05 | G118: =SUM(G115:G117) -> 218847.3
B119: Accumulative | C119: (Nm3) | D119: =D118 -> 298726 | E119: =D119+E118 -> 500655 | F119: =E119+F118 -> 734472.05 | G119: =F119+G118 -> 953319.35
B120: Target Gas based on Delivered Substrates | C120: (Nm3) | D120: =D36*101*0.7842 -> 273569.72 | E120: =E36*101*0.7842 -> 157435.77 | F120: =F36*101*0.7842 -> 183101.1 | G120: =G36*101*0.7842 -> 145390.4
B121: Target to Reach SCA min | C121: (Nm3) | D121: =$C$87/4 -> 325297.67 | E121: =($C$87-D119)/3 -> 334154.89 | F121: =($C$87-E119)/2 -> 400267.83 | G121: =($C$87-F119)/1 -> 566718.62
B124: Percent Utilization of Substrates - Y3
B126: Considering Original Weight
D127: 101 | E127: Nm3/ton
D128: =D77 -> WEEK 1 (Jan1-11) | E128: =E77 -> WEEK 2 (Jan12-18) | F128: =F77 -> WEEk 3 (Jan19-25) | G128: =G77 -> WEEk 4 (Jan26-31) | H128: Over-all
B130: Available Substrate | C130: (Nm3) | D130: =D36 -> 3453.98 | E130: =E36 -> 1987.72 | F130: =F36 -> 2311.76 | G130: =G36 -> 1835.64 | H130: =SUM(D130:G130) -> 9589.1
B131: SCA Gas Equivalent | C131: (Nm3) | D131: =D134*D130 -> 348851.98 | E131: =E134*E130 -> 200759.72 | F131: =F134*F130 -> 233487.76 | G131: =G134*G130 -> 185399.64 | H131: =H134*H130 -> 968499.1
B132: Actual Gas Produced | C132: (Nm3) | D132: =D118+D78*0.47 -> 409127.12 | E132: =E118+E78*0.47 -> 227067.42 | F132: =F118 -> 233817.05 | G132: =G118 -> 218847.3 | H132: =SUM(D132:G132) -> 1088858.9
B133: Actual Yield | C133: (Nm3/ton) | D133: =IFERROR(D132/D130,"") -> 118.45092 | E133: =IFERROR(E132/E130,"") -> 114.23511 | F133: =IFERROR(F132/F130,"") -> 101.14244 | G133: =IFERROR(G132/G130,"") -> 119.22125 | H133: =H132/H130 -> 113.55173
B134: Target Yield | C134: (Nm3/ton) | D134: 101 | E134: 101 | F134: 101 | G134: 101 | H134: 101
B170: Factoring the DS Content*
D171: =D128 -> WEEK 1 (Jan1-11) | E171: =E128 -> WEEK 2 (Jan12-18) | F171: =F128 -> WEEk 3 (Jan19-25) | G171: =G128 -> WEEk 4 (Jan26-31) | H171: Over-all
B172: Available Substrate | C172: (Nm3) | D172: =D130*(D175/15) -> 3322.4985 | E172: =E130*(E175/15) -> 1923.3179 | F172: =F130*(F175/15) -> 2258.5895 | G172: =G130*(G175/15) -> 1756.5851 | H172: =SUM(D172:G172) -> 9260.991
B173: SCA Gas Equivalent | C173: (Nm3) | D173: =D172*$D$127 -> 335572.35 | E173: =E172*$D$127 -> 194255.11 | F173: =F172*$D$127 -> 228117.54 | G173: =G172*$D$127 -> 177415.1 | H173: =H172*105 -> 972404.05
B174: Actual Gas Produced | C174: (Nm3) | D174: =D132 -> 409127.12 | E174: =E132 -> 227067.42 | F174: =F132 -> 233817.05 | G174: =G132 -> 218847.3 | H174: =SUM(D174:G174) -> 1088858.9
B175: %DS | D175: 14.429 | E175: 14.514 | F175: 14.655 | G175: 14.354 | H175: =AVERAGE(D175:G175) -> 14.488
B176: Actual Yield | C176: (Nm3/ton) | D176: =IFERROR(D174/D172,"") -> 123.13839 | E176: =IFERROR(E174/E172,"") -> 118.06027 | F176: =IFERROR(F174/F172,"") -> 103.52348 | G176: =IFERROR(G174/G172,"") -> 124.58679 | H176: =H174/H172 -> 117.57477
B177: Target Yield | C177: (Nm3/ton) | D177: 101 | E177: 101 | F177: 101 | G177: 101 | H177: 105
D178: *taking average weekly DS
B221: Collection Summary
B223: Period | C223: Biogas | D223: Power | E223: Total
B225: 44743 | C225: 1056523.5 | D225: 1501785 | E225: =C225+D225 -> 2558308.5
B226: 44774 | C226: 1649443.5 | D226: 863715 | E226: =C226+D226 -> 2513158.5
B227: 44805 | C227: 1346098.5 | D227: 1119105 | E227: =C227+D227 -> 2465203.5
B228: 44835 | C228: 2573653.5 | D228: 0 | E228: =C228+D228 -> 2573653.5
B229: 44866 | C229: 2239123.5 | D229: 0 | E229: =C229+D229 -> 2239123.5
B230: 44896 | C230: 3815869.5 | D230: 0 | E230: =C230+D230 -> 3815869.5
B231: 44927 | C231: 3876876 | D231: 0 | E231: =C231+D231 -> 3876876
B232: 44958 | C232: 2565432 | D232: 427935 | E232: =C232+D232 -> 2993367
B233: 44986 | C233: 2163847.5 | D233: 0 | E233: =C233+D233 -> 2163847.5
B234: 45017 | C234: 1103476.5 | D234: 0 | E234: =C234+D234 -> 1103476.5
B235: 45047 | C235: 1210167 | D235: 0 | E235: =C235+D235 -> 1210167
B236: 45078 | C236: 2359260 | D236: 0 | E236: =C236+D236 -> 2359260
C238: =SUM(C225:C236) -> 25959771 | D238: =SUM(D225:D236) -> 3912540 | E238: =SUM(E225:E236) -> 29872311

Sheet Feb
B2: Substrate Supply - Y3
B4: Annual SCA Minimum | C4: 143000 | D4: (mtons)
B5: Running Monthly Minimum to meet SCA Guaranty | C5: =(C4-C7)/5 -> 17670 | D5: (mtons)
B6: Delivered | C6: =SUM(D36:G36) -> 6797.42 | D6: (mtons)
B7: YTD total | C7: =35351+9710+9589 -> 54650 | D7: (mtons)
B8: Rejected | C8: =SUM(D38:G38) -> 0 | D8: (mtons)
D34: WEEK 1 (Feb1-8) | E34: WEEK 2 (Feb9-15) | F34: WEEk 3 (Feb16-22) | G34: WEEk 4 (Feb23-28)
B36: Delivered (DPO) | C36: (mtons) | D36: 1822.01 | E36: 1793.46 | F36: 1719.49 | G36: 1462.46
B37: Diverted
B39: Total Available | C39: (mtons) | D39: =D37+D36 -> 1822.01 | E39: =IF(E37+E36="",0,E37+E36) -> 1793.46 | F39: =F36 -> 1719.49 | G39: =G36 -> 1462.46
B40: Monthly Accumulative | D40: =D39 -> 1822.01 | E40: =E39+D40 -> 3615.47 | F40: =F39+E40 -> 5334.96 | G40: =G39+F40 -> 6797.42
B41: Target to Reach SCA Minimum | C41: (mtons) | D41: =(C5/31)*7 -> 3990 | E41: =((C5/31)*14)-D40 -> 6157.99 | F41: =((C5/31)*21)-E40 -> 8354.53 | G41: =((C5/31)*31)-F40 -> 12335.04
B47: Power Generation - Y3
B49: Annual SCA Minimum | C49: 9907200 | D49: (kWh)
B50: Monthly SCA Minimum | C50: =(C49-C52)/5 -> 1332677.6 | D50: (kWh)
B51: Delivered | C51: =SUM(D78:G78) -> 557424 | D51: (kWh)
B52: YTD Total | C52: =1829488+817937+596387 -> 3243812 | D52: (kWh)
B53: Target to Reach SCA Minimum | C53: =C50-C51 -> 775253.6 | D53: (kWh)
E60: (kWh)
D77: =D34 -> WEEK 1 (Feb1-8) | E77: =E34 -> WEEK 2 (Feb9-15) | F77: =F34 -> WEEk 3 (Feb16-22) | G77: =G34 -> WEEk 4 (Feb23-28)
B78: Delivered | C78: (kWh) | D78: 80667 | E78: 163084 | F78: 173423 | G78: 140250
B79: Accumulative | C79: (kWh) | D79: =D78 -> 80667 | E79: =D79+E78 -> 243751 | F79: =E79+F78 -> 417174 | G79: =F79+G78 -> 557424
B80: Target to Reach SCA Minimum | C80: (kWh) | D80: =C50/4 -> 333169.4 | E80: =(C50-D79)/3 -> 417336.87 | F80: =($C$50-E79)/2 -> 544463.3 | G80: =(C50-F79)/1 -> 915503.6
B84: Biogas Utilization - Y3
B86: Annual SCA Minimum | C86: 10000000 | D86: (Nm3)
B87: Monthly SCA Minimum | C87: =(C86-C89)/5 -> 1399717.4 | D87: (Nm3)
B88: Delivered | C88: =SUM(D115:G115,D117:G117) -> 512424 | D88: (Nm3)
B89: YTD Total | C89: =1576109+616747+808557 -> 3001413 | D89: (Nm3)
B90: Target to Reach SCA Minimum | C90: =C87-C88 -> 887293.4 | D90: (Nm3)
D114: =D77 -> WEEK 1 (Feb1-8) | E114: =E77 -> WEEK 2 (Feb9-15) | F114: =F77 -> WEEk 3 (Feb16-22) | G114: =G77 -> WEEk 4 (Feb23-28)
B115: Delivered to Boilers | C115: (Nm3) | D115: 141882 | E115: 137632 | F115: 124817 | G115: 99417
B116: Delivered to Engine | C116: (Nm3) | D116: =D78*0.47 -> 37913.49 | E116: =E78*0.47 -> 76649.48 | F116: =F78*0.47 -> 81508.81 | G116: =G78*0.47 -> 65917.5
B117: Flared | C117: (Nm3) | D117: 8676
B118: Total Produced | C118: (Nm3) | D118: =D115+D117 -> 150558 | E118: =E115+E117 -> 137632 | F118: =SUM(F115:F117) -> 206325.81 | G118: =SUM(G115:G117) -> 165334.5
B119: Accumulative | C119: (Nm3) | D119: =D118 -> 150558 | E119: =D119+E118 -> 288190 | F119: =E119+F118 -> 494515.81 | G119: =F119+G118 -> 659850.31
B120: Target Gas based on Delivered Substrates | C120: (Nm3) | D120: =D36*101*0.7842 -> 144310.84 | E120: =E36*101*0.7842 -> 142049.56 | F120: =F36*101*0.7842 -> 136190.83 | G120: =G36*101*0.7842 -> 115832.97
B121: Target to Reach SCA min | C121: (Nm3) | D121: =$C$87/4 -> 349929.35 | E121: =($C$87-D119)/3 -> 416386.47 | F121: =($C$87-E119)/2 -> 555763.7 | G121: =($C$87-F119)/1 -> 905201.59
B124: Percent Utilization of Substrates - Y3
B126: Considering Original Weight
D127: 101 | E127: Nm3/ton
D128: =D77 -> WEEK 1 (Feb1-8) | E128: =E77 -> WEEK 2 (Feb9-15) | F128: =F77 -> WEEk 3 (Feb16-22) | G128: =G77 -> WEEk 4 (Feb23-28) | H128: Over-all
B130: Available Substrate | C130: (Nm3) | D130: =D36 -> 1822.01 | E130: =E36 -> 1793.46 | F130: =F36 -> 1719.49 | G130: =G36 -> 1462.46 | H130: =SUM(D130:G130) -> 6797.42
B131: SCA Gas Equivalent | C131: (Nm3) | D131: =D134*D130 -> 184023.01 | E131: =E134*E130 -> 181139.46 | F131: =F134*F130 -> 173668.49 | G131: =G134*G130 -> 147708.46 | H131: =H134*H130 -> 686539.42
B132: Actual Gas Produced | C132: (Nm3) | D132: =D118+D78*0.47 -> 188471.49 | E132: =E118+E78*0.47 -> 214281.48 | F132: =F118 -> 206325.81 | G132: =G118 -> 165334.5 | H132: =SUM(D132:G132) -> 774413.28
B133: Actual Yield | C133: (Nm3/ton) | D133: =IFERROR(D132/D130,"") -> 103.44152 | E133: =IFERROR(E132/E130,"") -> 119.47938 | F133: =IFERROR(F132/F130,"") -> 119.99245 | G133: =IFERROR(G132/G130,"") -> 113.05232 | H133: =H132/H130 -> 113.92753
B134: Target Yield | C134: (Nm3/ton) | D134: 101 | E134: 101 | F134: 101 | G134: 101 | H134: 101
B170: Factoring the DS Content*
D171: =D128 -> WEEK 1 (Feb1-8) | E171: =E128 -> WEEK 2 (Feb9-15) | F171: =F128 -> WEEk 3 (Feb16-22) | G171: =G128 -> WEEk 4 (Feb23-28) | H171: Over-all
B172: Available Substrate | C172: (Nm3) | D172: =D130*(D175/15) -> 1768.4429 | E172: =E130*(E175/15) -> 1768.232 | F172: =F130*(F175/15) -> 1699.7732 | G172: =G130*(G175/15) -> 1449.1029 | H172: =SUM(D172:G172) -> 6685.5509
B173: SCA Gas Equivalent | C173: (Nm3) | D173: =D172*$D$127 -> 178612.73 | E173: =E172*$D$127 -> 178591.43 | F173: =F172*$D$127 -> 171677.09 | G173: =G172*$D$127 -> 146359.39 | H173: =H172*105 -> 701982.85
B174: Actual Gas Produced | C174: (Nm3) | D174: =D132 -> 188471.49 | E174: =E132 -> 214281.48 | F174: =F132 -> 206325.81 | G174: =G132 -> 165334.5 | H174: =SUM(D174:G174) -> 774413.28
B175: %DS | D175: 14.559 | E175: 14.789 | F175: 14.828 | G175: 14.863 | H175: =AVERAGE(D175:G175) -> 14.75975
B176: Actual Yield | C176: (Nm3/ton) | D176: =IFERROR(D174/D172,"") -> 106.57482 | E176: =IFERROR(E174/E172,"") -> 121.18403 | F176: =IFERROR(F174/F172,"") -> 121.38432 | G176: =IFERROR(G174/G172,"") -> 114.09438 | H176: =H174/H172 -> 115.83388
B177: Target Yield | C177: (Nm3/ton) | D177: 101 | E177: 101 | F177: 101 | G177: 101 | H177: 105
D178: *taking average weekly DS
B221: Collection Summary
B223: Period | C223: Biogas | D223: Power | E223: Total
B225: 44743 | C225: 1056523.5 | D225: 1501785 | E225: =C225+D225 -> 2558308.5
B226: 44774 | C226: 1649443.5 | D226: 863715 | E226: =C226+D226 -> 2513158.5
B227: 44805 | C227: 1346098.5 | D227: 1119105 | E227: =C227+D227 -> 2465203.5
B228: 44835 | C228: 2573653.5 | D228: 0 | E228: =C228+D228 -> 2573653.5
B229: 44866 | C229: 2239123.5 | D229: 0 | E229: =C229+D229 -> 2239123.5
B230: 44896 | C230: 3815869.5 | D230: 0 | E230: =C230+D230 -> 3815869.5
B231: 44927 | C231: 3876876 | D231: 0 | E231: =C231+D231 -> 3876876
B232: 44958 | C232: 2565432 | D232: 427935 | E232: =C232+D232 -> 2993367
B233: 44986 | C233: 2163847.5 | D233: 0 | E233: =C233+D233 -> 2163847.5
B234: 45017 | C234: 1103476.5 | D234: 0 | E234: =C234+D234 -> 1103476.5
B235: 45047 | C235: 1210167 | D235: 0 | E235: =C235+D235 -> 1210167
B236: 45078 | C236: 2359260 | D236: 0 | E236: =C236+D236 -> 2359260
C238: =SUM(C225:C236) -> 25959771 | D238: =SUM(D225:D236) -> 3912540 | E238: =SUM(E225:E236) -> 29872311

Sheet Mar
B2: Substrate Supply - Y3
B4: Annual SCA Minimum | C4: 143000 | D4: (mtons)
B5: Running Monthly Minimum to meet SCA Guaranty | C5: =(C4-C7)/4 -> 19347.055 | D5: (mtons)
B6: Delivered | C6: =SUM(D36:G36) -> 6540.16 | D6: (mtons)
B7: YTD total | C7: =65611.78 -> 65611.78 | D7: (mtons)
B8: Rejected | C8: =SUM(D38:G38) -> 0 | D8: (mtons)
D34: WEEK 1 (Mar1-8) | E34: WEEK 2 (Mar9-15) | F34: WEEk 3 (Mar16-22) | G34: WEEk 4 (Mar23-31)
B36: Delivered (DPO) | C36: (mtons) | D36: 1848.86 | E36: 1560.11 | F36: 1715.53 | G36: 1415.66
B37: Diverted
B39: Total Available | C39: (mtons) | D39: =D37+D36 -> 1848.86 | E39: =IF(E37+E36="",0,E37+E36) -> 1560.11 | F39: =F36 -> 1715.53 | G39: =G36 -> 1415.66
B40: Monthly Accumulative | D40: =D39 -> 1848.86 | E40: =E39+D40 -> 3408.97 | F40: =F39+E40 -> 5124.5 | G40: =G39+F40 -> 6540.16
B41: Target to Reach SCA Minimum | C41: (mtons) | D41: =(C5/31)*7 -> 4368.6898 | E41: =((C5/31)*14)-D40 -> 6888.5197 | F41: =((C5/31)*21)-E40 -> 9697.0995 | G41: =((C5/31)*31)-F40 -> 14222.555
B47: Power Generation - Y3
B49: Annual SCA Minimum | C49: 9907200 | D49: (kWh)
B50: Monthly SCA Minimum | C50: =(C49-C52)/4 -> 1529687.2 | D50: (kWh)
B51: Delivered | C51: =SUM(D78:G78) -> 599535 | D51: (kWh)
B52: YTD Total | C52: =3788451 -> 3788451 | D52: (kWh)
B53: Target to Reach SCA Minimum | C53: =C50-C51 -> 930152.25 | D53: (kWh)
E60: (kWh)
D77: =D34 -> WEEK 1 (Mar1-8) | E77: =E34 -> WEEK 2 (Mar9-15) | F77: =F34 -> WEEk 3 (Mar16-22) | G77: =G34 -> WEEk 4 (Mar23-31)
B78: Delivered | C78: (kWh) | D78: 162800 | E78: 139997 | F78: 151839 | G78: 144899
B79: Accumulative | C79: (kWh) | D79: =D78 -> 162800 | E79: =D79+E78 -> 302797 | F79: =E79+F78 -> 454636 | G79: =F79+G78 -> 599535
B80: Target to Reach SCA Minimum | C80: (kWh) | D80: =C50/4 -> 382421.81 | E80: =(C50-D79)/3 -> 455629.08 | F80: =($C$50-E79)/2 -> 613445.12 | G80: =(C50-F79)/1 -> 1075051.2
B84: Biogas Utilization - Y3
B86: Annual SCA Minimum | C86: 10000000 | D86: (Nm3)
B87: Monthly SCA Minimum | C87: =(C86-C89)/4 -> 1620903 | D87: (Nm3)
B88: Delivered | C88: =SUM(D115:G115,D117:G117) -> 407206 | D88: (Nm3)
B89: YTD Total | C89: =3516388 -> 3516388 | D89: (Nm3)
B90: Target to Reach SCA Minimum | C90: =C87-C88 -> 1213697 | D90: (Nm3)
D114: =D77 -> WEEK 1 (Mar1-8) | E114: =E77 -> WEEK 2 (Mar9-15) | F114: =F77 -> WEEk 3 (Mar16-22) | G114: =G77 -> WEEk 4 (Mar23-31)
B115: Delivered to Boilers | C115: (Nm3) | D115: 116823 | E115: 98963 | F115: 103165 | G115: 88255
B116: Delivered to Engine | C116: (Nm3) | D116: =D78*0.47 -> 76516 | E116: =E78*0.47 -> 65798.59 | F116: =F78*0.47 -> 71364.33 | G116: =G78*0.47 -> 68102.53
B117: Flared | C117: (Nm3)
B118: Total Produced | C118: (Nm3) | D118: =D115+D117 -> 116823 | E118: =E115+E117 -> 98963 | F118: =SUM(F115:F117) -> 174529.33 | G118: =SUM(G115:G117) -> 156357.53
B119: Accumulative | C119: (Nm3) | D119: =D118 -> 116823 | E119: =D119+E118 -> 215786 | F119: =E119+F118 -> 390315.33 | G119: =F119+G118 -> 546672.86
B120: Target Gas based on Delivered Substrates | C120: (Nm3) | D120: =D36*101*0.7842 -> 146437.48 | E120: =E36*101*0.7842 -> 123567.26 | F120: =F36*101*0.7842 -> 135877.18 | G120: =G36*101*0.7842 -> 112126.22
B121: Target to Reach SCA min | C121: (Nm3) | D121: =$C$87/4 -> 405225.75 | E121: =($C$87-D119)/3 -> 501360 | F121: =($C$87-E119)/2 -> 702558.5 | G121: =($C$87-F119)/1 -> 1230587.7
B124: Percent Utilization of Substrates - Y3
B126: Considering Original Weight
D127: 101 | E127: Nm3/ton
D128: =D77 -> WEEK 1 (Mar1-8) | E128: =E77 -> WEEK 2 (Mar9-15) | F128: =F77 -> WEEk 3 (Mar16-22) | G128: =G77 -> WEEk 4 (Mar23-31) | H128: Over-all
B130: Available Substrate | C130: (Nm3) | D130: =D36 -> 1848.86 | E130: =E36 -> 1560.11 | F130: =F36 -> 1715.53 | G130: =G36 -> 1415.66 | H130: =SUM(D130:G130) -> 6540.16
B131: SCA Gas Equivalent | C131: (Nm3) | D131: =D134*D130 -> 186734.86 | E131: =E134*E130 -> 157571.11 | F131: =F134*F130 -> 173268.53 | G131: =G134*G130 -> 142981.66 | H131: =H134*H130 -> 660556.16
B132: Actual Gas Produced | C132: (Nm3) | D132: =D118+D78*0.47 -> 193339 | E132: =E118+E78*0.47 -> 164761.59 | F132: =F118 -> 174529.33 | G132: =G118 -> 156357.53 | H132: =SUM(D132:G132) -> 688987.45
B133: Actual Yield | C133: (Nm3/ton) | D133: =IFERROR(D132/D130,"") -> 104.57201 | E133: =IFERROR(E132/E130,"") -> 105.60896 | F133: =IFERROR(F132/F130,"") -> 101.73493 | G133: =IFERROR(G132/G130,"") -> 110.4485 | H133: =H132/H130 -> 105.34719
B134: Target Yield | C134: (Nm3/ton) | D134: 101 | E134: 101 | F134: 101 | G134: 101 | H134: 101
B170: Factoring the DS Content*
D171: =D128 -> WEEK 1 (Mar1-8) | E171: =E128 -> WEEK 2 (Mar9-15) | F171: =F128 -> WEEk 3 (Mar16-22) | G171: =G128 -> WEEk 4 (Mar23-31) | H171: Over-all
B172: Available Substrate | C172: (Nm3) | D172: 1848 | E172: =E130 -> 1560.11 | F172: =F130 -> 1715.53 | G172: =G130*(G175/15) -> 1362.1481 | H172: =SUM(D172:G172) -> 6485.7881
B173: SCA Gas Equivalent | C173: (Nm3) | D173: =D172*$D$127 -> 186648 | E173: =E172*$D$127 -> 157571.11 | F173: =F172*$D$127 -> 173268.53 | G173: =G172*$D$127 -> 137576.95 | H173: =H172*105 -> 681007.75
B174: Actual Gas Produced | C174: (Nm3) | D174: =D132 -> 193339 | E174: =E132 -> 164761.59 | F174: =F132 -> 174529.33 | G174: =G132 -> 156357.53 | H174: =SUM(D174:G174) -> 688987.45
B175: %DS | D175: 17.48 | E175: 16.21 | F175: 16.03 | G175: 14.433 | H175: =AVERAGE(D175:G175) -> 16.03825
B176: Actual Yield | C176: (Nm3/ton) | D176: 105 | E176: 106 | F176: 102 | G176: =IFERROR(G174/G172,"") -> 114.78747 | H176: =H174/H172 -> 106.23034
B177: Target Yield | C177: (Nm3/ton) | D177: 101 | E177: 101 | F177: 101 | G177: 101 | H177: 105
D178: *taking average weekly DS
B221: Collection Summary
B223: Period | C223: Biogas | D223: Power | E223: Total
B225: 44743 | C225: 1056523.5 | D225: 1501785 | E225: =C225+D225 -> 2558308.5
B226: 44774 | C226: 1649443.5 | D226: 863715 | E226: =C226+D226 -> 2513158.5
B227: 44805 | C227: 1346098.5 | D227: 1119105 | E227: =C227+D227 -> 2465203.5
B228: 44835 | C228: 2573653.5 | D228: 0 | E228: =C228+D228 -> 2573653.5
B229: 44866 | C229: 2239123.5 | D229: 0 | E229: =C229+D229 -> 2239123.5
B230: 44896 | C230: 3815869.5 | D230: 0 | E230: =C230+D230 -> 3815869.5
B231: 44927 | C231: 3876876 | D231: 0 | E231: =C231+D231 -> 3876876
B232: 44958 | C232: 2565432 | D232: 427935 | E232: =C232+D232 -> 2993367
B233: 44986 | C233: 2163847.5 | D233: 0 | E233: =C233+D233 -> 2163847.5
B234: 45017 | C234: 1103476.5 | D234: 0 | E234: =C234+D234 -> 1103476.5
B235: 45047 | C235: 1210167 | D235: 0 | E235: =C235+D235 -> 1210167
B236: 45078 | C236: 2359260 | D236: 0 | E236: =C236+D236 -> 2359260
C238: =SUM(C225:C236) -> 25959771 | D238: =SUM(D225:D236) -> 3912540 | E238: =SUM(E225:E236) -> 29872311

Sheet Apr(SCA)
B2: Substrate Supply - Y3
B4: Annual SCA Minimum | C4: 143000 | D4: (mtons)
B5: Running Monthly Minimum to meet SCA Guaranty | C5: =(C4-0)/12 -> 11916.667 | D5: (mtons)
B6: Delivered | C6: =SUM(D36:G36) -> 5453.78 | D6: (mtons)
B7: YTD total | C7: =C6 -> 5453.78 | D7: (mtons)
B8: Rejected | C8: =SUM(D38:G38) -> 0 | D8: (mtons)
D34: WEEK 1 (Apr1-5) | E34: WEEK 2 (Apr6-12) | F34: WEEK 3 (Apr13-19) | G34: WEEK 4 (Apr20-26) | H34: WEEk 5 (Apr27-30)
B36: Delivered (DPO) | C36: (mtons) | D36: 1112.79 | E36: 1301.55 | F36: 1569.69 | G36: 1469.75 | H36: 947.86
B37: Diverted
B39: Total Available | C39: (mtons) | D39: =D37+D36 -> 1112.79 | E39: =IF(E37+E36="",0,E37+E36) -> 1301.55 | F39: =F36 -> 1569.69 | G39: =G36 -> 1469.75 | H39: =H36 -> 947.86
B40: Monthly Accumulative | D40: =D39 -> 1112.79 | E40: =E39+D40 -> 2414.34 | F40: =F39+E40 -> 3984.03 | G40: =G39+F40 -> 5453.78 | H40: =H39+G40 -> 6401.64
B41: Target to Reach SCA Minimum | C41: (mtons) | D41: =(C5/30)*5 -> 1986.1111 | E41: =((C5/30)*12)-D40 -> 3653.8767 | F41: =((C5/30)*19)-E40 -> 5132.8822 | G41: =((C5/30)*26)-F40 -> 6343.7478 | H41: =((C5/30)*30)-G40 -> 6462.8867
B47: Power Generation - Y3
B49: Annual SCA Minimum | C49: 9907200 | D49: (kWh)
B50: Monthly SCA Minimum | C50: =(C49-0)/12 -> 825600 | D50: (kWh)
B51: Delivered | C51: =SUM(D78:G78) -> 444787 | D51: (kWh)
B52: YTD Total | C52: =C51 -> 444787 | D52: (kWh)
B53: Target to Reach SCA Minimum | C53: =C50-C51 -> 380813 | D53: (kWh)
E60: (kWh)
D77: =D34 -> WEEK 1 (Apr1-5) | E77: =E34 -> WEEK 2 (Apr6-12) | F77: =F34 -> WEEK 3 (Apr13-19) | G77: =G34 -> WEEK 4 (Apr20-26) | H77: =H34 -> WEEk 5 (Apr27-30)
B78: Delivered | C78: (kWh) | D78: 71832 | E78: 145087 | F78: 139215 | G78: 88653 | H78: 87345
B79: Accumulative | C79: (kWh) | D79: =D78 -> 71832 | E79: =D79+E78 -> 216919 | F79: =E79+F78 -> 356134 | G79: =F79+G78 -> 444787 | H79: =G79+H78 -> 532132
B80: Target to Reach SCA Minimum | C80: (kWh) | D80: =(C50/30)*5 -> 137600 | E80: =(($C50/30)*12)-D79 -> 258408 | F80: =(($C50/30)*19)-E79 -> 305961 | G80: =(($C50/30)*26)-F79 -> 359386 | H80: =(($C50/30)*30)-G79 -> 380813
B83: Biogas Utilization - Y3
B85: Annual SCA Minimum | C85: 10000000 | D85: (Nm3)
B86: Monthly SCA Minimum | C86: =(C85-0)/12 -> 833333.33 | D86: (Nm3)
B87: Delivered | C87: =SUM(D114:G114,D116:G116) -> 256874 | D87: (Nm3)
B88: YTD Total | C88: =C87 -> 256874 | D88: (Nm3)
B89: Target to Reach SCA Minimum | C89: =C86-C87 -> 576459.33 | D89: (Nm3)
D113: =D77 -> WEEK 1 (Apr1-5) | E113: =E77 -> WEEK 2 (Apr6-12) | F113: =F77 -> WEEK 3 (Apr13-19) | G113: =G77 -> WEEK 4 (Apr20-26) | H113: =H77 -> WEEk 5 (Apr27-30)
B114: Delivered to Boilers | C114: (Nm3) | D114: 62099 | E114: 57133 | F114: 78237 | G114: 59405 | H114: 54840
B115: Delivered to Engine | C115: (Nm3) | D115: =D78*0.47 -> 33761.04 | E115: =E78*0.47 -> 68190.89 | F115: =F78*0.47 -> 65431.05 | G115: =G78*0.47 -> 41666.91 | H115: =H78*0.47 -> 41052.15
B116: Flared | C116: (Nm3)
B117: Total Produced | C117: (Nm3) | D117: =D114+D116 -> 62099 | E117: =E114+E116 -> 57133 | F117: =SUM(F114:F116) -> 143668.05 | G117: =SUM(G114:G116) -> 101071.91 | H117: =SUM(H114:H116) -> 95892.15
B118: Accumulative | C118: (Nm3) | D118: =D117 -> 62099 | E118: =D118+E117 -> 119232 | F118: =E118+F117 -> 262900.05 | G118: =F118+G117 -> 363971.96 | H118: =G118+H117 -> 459864.11
B119: Target Gas based on Delivered Substrates | C119: (Nm3) | D119: =D36*101*0.7842 -> 88137.642 | E119: =E36*101*0.7842 -> 103088.23 | F119: =F36*101*0.7842 -> 124326.04 | G119: =G36*101*0.7842 -> 116410.37 | H119: =H36*101*0.7842 -> 75074.493
B120: Target to Reach SCA min | C120: (Nm3) | D120: =(($C$86/30)*5) -> 138888.89 | E120: =(($C$86/30)*12)-D118 -> 271234.33 | F120: =(($C$86/30)*19)-E118 -> 408545.78 | G120: =(($C$86/30)*26)-F118 -> 459322.17 | H120: =(($C$86/30)*30)-G118 -> 469361.37
B123: Percent Utilization of Substrates - Y3
B125: Considering Original Weight
D126: 101 | E126: Nm3/ton
D127: =D77 -> WEEK 1 (Apr1-5) | E127: =E77 -> WEEK 2 (Apr6-12) | F127: =F77 -> WEEK 3 (Apr13-19) | G127: =G77 -> WEEK 4 (Apr20-26) | H127: =H77 -> WEEk 5 (Apr27-30) | I127: Over-all
B129: Available Substrate | C129: (Nm3) | D129: =D36 -> 1112.79 | E129: =E36 -> 1301.55 | F129: =F36 -> 1569.69 | G129: =G36 -> 1469.75 | H129: =H36 -> 947.86 | I129: =SUM(D129:H129) -> 6401.64
B130: SCA Gas Equivalent | C130: (Nm3) | D130: =D133*D129 -> 112391.79 | E130: =E133*E129 -> 131456.55 | F130: =F133*F129 -> 158538.69 | G130: =G133*G129 -> 148444.75 | H130: =H133*H129 -> 95733.86 | I130: =I133*I129 -> 646565.64
B131: Actual Gas Produced | C131: (Nm3) | D131: =D117+D78*0.47 -> 95860.04 | E131: =E117+E78*0.47 -> 125323.89 | F131: =F117 -> 143668.05 | G131: =G117 -> 101071.91 | H131: =H117 -> 95892.15 | I131: =SUM(D131:H131) -> 561816.04
B132: Actual Yield | C132: (Nm3/ton) | D132: =IFERROR(D131/D129,"") -> 86.143873 | E132: =IFERROR(E131/E129,"") -> 96.288187 | F132: =IFERROR(F131/F129,"") -> 91.526384 | G132: =IFERROR(G131/G129,"") -> 68.768097 | H132: =IFERROR(H131/H129,"") -> 101.167 | I132: =I131/I129 -> 87.761267
B133: Target Yield | C133: (Nm3/ton) | D133: 101 | E133: 101 | F133: 101 | G133: 101 | H133: 101 | I133: 101
B169: Factoring the DS Content*
D170: =D127 -> WEEK 1 (Apr1-5) | E170: =E127 -> WEEK 2 (Apr6-12) | F170: =F127 -> WEEK 3 (Apr13-19) | G170: =G127 -> WEEK 4 (Apr20-26) | H170: =H127 -> WEEk 5 (Apr27-30) | I170: Over-all
B171: Available Substrate | C171: (Nm3) | D171: =D129*(D174/14) -> 1101.6621 | E171: =E129*(E174/14) -> 1263.4332 | F171: =F129*(F174/14) -> 1537.175 | G171: =G129*(G174/14) -> 1439.8301 | H171: =H129*(H174/14) -> 932.0849 | I171: =SUM(D171:G171) -> 5342.1004
B172: SCA Gas Equivalent | C172: (Nm3) | D172: =D171*$D$126 -> 111267.87 | E172: =E171*$D$126 -> 127606.75 | F172: =F171*$D$126 -> 155254.67 | G172: =G171*$D$126 -> 145422.84 | H172: =H171*$D$126 -> 94140.575 | I172: =I171*105 -> 560920.54
B173: Actual Gas Produced | C173: (Nm3) | D173: =D131 -> 95860.04 | E173: =E131 -> 125323.89 | F173: =F131 -> 143668.05 | G173: =G131 -> 101071.91 | H173: =H131 -> 95892.15 | I173: =SUM(D173:G173) -> 465923.89
B174: %DS | D174: 13.86 | E174: 13.59 | F174: 13.71 | G174: 13.715 | H174: 13.767 | I174: =AVERAGE(D174:H174) -> 13.7284
B175: Actual Yield | C175: (Nm3/ton) | D175: =IFERROR(D173/D171,"") -> 87.014013 | E175: =IFERROR(E173/E171,"") -> 99.193129 | F175: =IFERROR(F173/F171,"") -> 93.462391 | G175: =IFERROR(G173/G171,"") -> 70.197109 | H175: =IFERROR(H173/H171,"") -> 102.8792 | I175: =I173/I171 -> 87.21736
B176: Target Yield | C176: (Nm3/ton) | D176: 101 | E176: 101 | F176: 101 | G176: 101 | H176: 101 | I176: 105
D177: *taking average weekly DS
B220: Collection Summary
B222: Period | C222: Biogas | D222: Power | E222: Total
B224: 44743 | C224: 1056523.5 | D224: 1501785 | E224: =C224+D224 -> 2558308.5
B225: 44774 | C225: 1649443.5 | D225: 863715 | E225: =C225+D225 -> 2513158.5
B226: 44805 | C226: 1346098.5 | D226: 1119105 | E226: =C226+D226 -> 2465203.5
B227: 44835 | C227: 2573653.5 | D227: 0 | E227: =C227+D227 -> 2573653.5
B228: 44866 | C228: 2239123.5 | D228: 0 | E228: =C228+D228 -> 2239123.5
B229: 44896 | C229: 3815869.5 | D229: 0 | E229: =C229+D229 -> 3815869.5
B230: 44927 | C230: 3876876 | D230: 0 | E230: =C230+D230 -> 3876876
B231: 44958 | C231: 2565432 | D231: 427935 | E231: =C231+D231 -> 2993367
B232: 44986 | C232: 2163847.5 | D232: 0 | E232: =C232+D232 -> 2163847.5
B233: 45017 | C233: 1103476.5 | D233: 0 | E233: =C233+D233 -> 1103476.5
B234: 45047 | C234: 1210167 | D234: 0 | E234: =C234+D234 -> 1210167
B235: 45078 | C235: 2359260 | D235: 0 | E235: =C235+D235 -> 2359260
C237: =SUM(C224:C235) -> 25959771 | D237: =SUM(D224:D235) -> 3912540 | E237: =SUM(E224:E235) -> 29872311

Sheet Apr(Act)
B2: Substrate Supply - Y3
B4: Annual SCA Minimum | C4: 143000 | D4: (mtons)
B5: Running Monthly Minimum to meet SCA Guaranty | C5: =(C4-0)/12 -> 11916.667 | D5: (mtons)
B6: Delivered | C6: =SUM(D36:H36) -> 6401.78 | D6: (mtons)
B7: YTD total | C7: =C6 -> 6401.78 | D7: (mtons)
B8: Rejected | C8: =SUM(D38:G38) -> 0 | D8: (mtons)
D34: WEEK 1 (Apr1-5) | E34: WEEK 2 (Apr6-12) | F34: WEEK 3 (Apr13-19) | G34: WEEK 4 (Apr20-26) | H34: WEEk 5 (Apr27-30)
B36: Delivered (DPO) | C36: (mtons) | D36: 1112.79 | E36: 1301.55 | F36: 1569.69 | G36: 1469.75 | H36: 948
B37: Diverted
B39: Total Available | C39: (mtons) | D39: =D37+D36 -> 1112.79 | E39: =IF(E37+E36="",0,E37+E36) -> 1301.55 | F39: =F36 -> 1569.69 | G39: =G36 -> 1469.75 | H39: =H36 -> 948
B40: Monthly Accumulative | D40: =D39 -> 1112.79 | E40: =E39+D40 -> 2414.34 | F40: =F39+E40 -> 3984.03 | G40: =G39+F40 -> 5453.78 | H40: =H39+G40 -> 6401.78
B41: Target to Reach SCA Minimum | C41: (mtons) | D41: =(C5/30)*5 -> 1986.1111 | E41: =((C5/30)*12)-D40 -> 3653.8767 | F41: =((C5/30)*19)-E40 -> 5132.8822 | G41: =((C5/30)*26)-F40 -> 6343.7478 | H41: =((C5/30)*30)-G40 -> 6462.8867
B47: Power Generation - Y3
B49: Annual SCA Minimum | C49: 9907200 | D49: (kWh)
B50: Monthly SCA Minimum | C50: =(C49-0)/12 -> 825600 | D50: (kWh)
B51: Delivered | C51: =SUM(D78:H78) -> 532132 | D51: (kWh)
B52: YTD Total | C52: =C51 -> 532132 | D52: (kWh)
B53: Target to Reach SCA Minimum | C53: =C50-C51 -> 293468 | D53: (kWh)
E60: (kWh)
D77: =D34 -> WEEK 1 (Apr1-5) | E77: =E34 -> WEEK 2 (Apr6-12) | F77: =F34 -> WEEK 3 (Apr13-19) | G77: =G34 -> WEEK 4 (Apr20-26) | H77: =H34 -> WEEk 5 (Apr27-30)
B78: Delivered | C78: (kWh) | D78: 71832 | E78: 145087 | F78: 139215 | G78: 88653 | H78: 87345
B79: Accumulative | C79: (kWh) | D79: =D78 -> 71832 | E79: =D79+E78 -> 216919 | F79: =E79+F78 -> 356134 | G79: =F79+G78 -> 444787 | H79: =G79+H78 -> 532132
B80: Target to Reach SCA Minimum | C80: (kWh) | D80: =(C50/30)*5 -> 137600 | E80: =(($C50/30)*12)-D79 -> 258408 | F80: =(($C50/30)*19)-E79 -> 305961 | G80: =(($C50/30)*26)-F79 -> 359386 | H80: =(($C50/30)*30)-G79 -> 380813
B83: Biogas Utilization - Y3
B85: Annual SCA Minimum | C85: 10000000 | D85: (Nm3)
B86: Monthly SCA Minimum | C86: =(C85-0)/12 -> 833333.33 | D86: (Nm3)
B87: Delivered | C87: =SUM(D114:H114) -> 311714 | D87: (Nm3)
B88: YTD Total | C88: =C87 -> 311714 | D88: (Nm3)
B89: Target to Reach SCA Minimum | C89: =C86-C87 -> 521619.33 | D89: (Nm3)
D113: =D77 -> WEEK 1 (Apr1-5) | E113: =E77 -> WEEK 2 (Apr6-12) | F113: =F77 -> WEEK 3 (Apr13-19) | G113: =G77 -> WEEK 4 (Apr20-26) | H113: =H77 -> WEEk 5 (Apr27-30)
B114: Delivered to Boilers | C114: (Nm3) | D114: 62099 | E114: 57133 | F114: 78237 | G114: 59405 | H114: 54840
B115: Delivered to Engine | C115: (Nm3) | D115: =D78*0.47 -> 33761.04 | E115: =E78*0.47 -> 68190.89 | F115: =F78*0.47 -> 65431.05 | G115: =G78*0.47 -> 41666.91 | H115: =H78*0.47 -> 41052.15
B116: CO2 Testing | C116: (Nm3) | D116: 9758.69 | E116: 20204.64 | F116: 19915.86 | G116: 6315.23
B117: Flared | C117: (Nm3) | F117: 15492.2 | G117: 42086.2
B118: Total Produced | C118: (Nm3) | D118: =SUM(D114:D117) -> 105618.73 | E118: =SUM(E114:E117) -> 145528.53 | F118: =SUM(F114:F117) -> 179076.11 | G118: =SUM(G114:G117) -> 149473.34 | H118: =SUM(H114:H117) -> 95892.15
B119: Accumulative | C119: (Nm3) | D119: =D118 -> 105618.73 | E119: =D119+E118 -> 251147.26 | F119: =E119+F118 -> 430223.37 | G119: =F119+G118 -> 579696.71 | H119: =G119+H118 -> 675588.86
B120: Target Gas based on Delivered Substrates | C120: (Nm3) | D120: =D36*101*0.7842 -> 88137.642 | E120: =E36*101*0.7842 -> 103088.23 | F120: =F36*101*0.7842 -> 124326.04 | G120: =G36*101*0.7842 -> 116410.37 | H120: =H36*101*0.7842 -> 75085.582
B121: Target to Reach SCA min | C121: (Nm3) | D121: =(($C$86/30)*5) -> 138888.89 | E121: =(($C$86/30)*12)-D119 -> 227714.6 | F121: =(($C$86/30)*19)-E119 -> 276630.52 | G121: =(($C$86/30)*26)-F119 -> 291998.85 | H121: =(($C$86/30)*30)-G119 -> 253636.62
B124: Percent Utilization of Substrates - Y3
B126: Considering Original Weight
D127: 101 | E127: Nm3/ton
D128: =D77 -> WEEK 1 (Apr1-5) | E128: =E77 -> WEEK 2 (Apr6-12) | F128: =F77 -> WEEK 3 (Apr13-19) | G128: =G77 -> WEEK 4 (Apr20-26) | H128: =H77 -> WEEk 5 (Apr27-30) | I128: Over-all
B130: Available Substrate | C130: (Nm3) | D130: =D36 -> 1112.79 | E130: =E36 -> 1301.55 | F130: =F36 -> 1569.69 | G130: =G36 -> 1469.75 | H130: =H36 -> 948 | I130: =SUM(D130:H130) -> 6401.78
B131: SCA Gas Equivalent | C131: (Nm3) | D131: =D134*D130 -> 112391.79 | E131: =E134*E130 -> 131456.55 | F131: =F134*F130 -> 158538.69 | G131: =G134*G130 -> 148444.75 | H131: =H134*H130 -> 95748 | I131: =I134*I130 -> 646579.78
B132: Actual Gas Produced | C132: (Nm3) | D132: =D118 -> 105618.73 | E132: =E118 -> 145528.53 | F132: =F118 -> 179076.11 | G132: =G118 -> 149473.34 | H132: =H118 -> 95892.15 | I132: =SUM(D132:H132) -> 675588.86
B133: Actual Yield | C133: (Nm3/ton) | D133: =IFERROR(D132/D130,"") -> 94.913443 | E133: =IFERROR(E132/E130,"") -> 111.81171 | F133: =IFERROR(F132/F130,"") -> 114.08374 | G133: =IFERROR(G132/G130,"") -> 101.69984 | H133: =IFERROR(H132/H130,"") -> 101.15206 | I133: =I132/I130 -> 105.53141
B134: Target Yield | C134: (Nm3/ton) | D134: 101 | E134: 101 | F134: 101 | G134: 101 | H134: 101 | I134: 101
B170: Factoring the DS Content*
D171: =D128 -> WEEK 1 (Apr1-5) | E171: =E128 -> WEEK 2 (Apr6-12) | F171: =F128 -> WEEK 3 (Apr13-19) | G171: =G128 -> WEEK 4 (Apr20-26) | H171: =H128 -> WEEk 5 (Apr27-30) | I171: Over-all
B172: Available Substrate | C172: (Nm3) | D172: =D130*(D175/14) -> 1101.6621 | E172: =E130*(E175/14) -> 1263.6191 | F172: =F130*(F175/14) -> 1536.6144 | G172: =G130*(G175/14) -> 1439.8301 | H172: =H130*(H175/14) -> 932.22257 | I172: =SUM(D172:H172) -> 6273.9483
B173: SCA Gas Equivalent | C173: (Nm3) | D173: =D172*$D$127 -> 111267.87 | E173: =E172*$D$127 -> 127625.53 | F173: =F172*$D$127 -> 155198.05 | G173: =G172*$D$127 -> 145422.84 | H173: =H172*$D$127 -> 94154.48 | I173: =I172*105 -> 658764.57
B174: Actual Gas Produced | C174: (Nm3) | D174: =D132 -> 105618.73 | E174: =E132 -> 145528.53 | F174: =F132 -> 179076.11 | G174: =G132 -> 149473.34 | H174: =H132 -> 95892.15 | I174: =SUM(D174:H174) -> 675588.86
B175: %DS | D175: 13.86 | E175: 13.592 | F175: 13.705 | G175: 13.715 | H175: 13.767 | I175: =AVERAGE(D175:H175) -> 13.7278
B176: Actual Yield | C176: (Nm3/ton) | D176: =IFERROR(D174/D172,"") -> 95.872164 | E176: =IFERROR(E174/E172,"") -> 115.16803 | F176: =IFERROR(F174/F172,"") -> 116.53939 | G176: =IFERROR(G174/G172,"") -> 103.81318 | H176: =IFERROR(H174/H172,"") -> 102.86401 | I176: =I174/I172 -> 107.68161
B177: Target Yield | C177: (Nm3/ton) | D177: 101 | E177: 101 | F177: 101 | G177: 101 | H177: 101 | I177: 101
D178: *taking average weekly DS
B221: Collection Summary
B223: Period | C223: Biogas | D223: Power | E223: Total
B225: 44743 | C225: 1056523.5 | D225: 1501785 | E225: =C225+D225 -> 2558308.5
B226: 44774 | C226: 1649443.5 | D226: 863715 | E226: =C226+D226 -> 2513158.5
B227: 44805 | C227: 1346098.5 | D227: 1119105 | E227: =C227+D227 -> 2465203.5
B228: 44835 | C228: 2573653.5 | D228: 0 | E228: =C228+D228 -> 2573653.5
B229: 44866 | C229: 2239123.5 | D229: 0 | E229: =C229+D229 -> 2239123.5
B230: 44896 | C230: 3815869.5 | D230: 0 | E230: =C230+D230 -> 3815869.5
B231: 44927 | C231: 3876876 | D231: 0 | E231: =C231+D231 -> 3876876
B232: 44958 | C232: 2565432 | D232: 427935 | E232: =C232+D232 -> 2993367
B233: 44986 | C233: 2163847.5 | D233: 0 | E233: =C233+D233 -> 2163847.5
B234: 45017 | C234: 1103476.5 | D234: 0 | E234: =C234+D234 -> 1103476.5
B235: 45047 | C235: 1210167 | D235: 0 | E235: =C235+D235 -> 1210167
B236: 45078 | C236: 2359260 | D236: 0 | E236: =C236+D236 -> 2359260
C238: =SUM(C225:C236) -> 25959771 | D238: =SUM(D225:D236) -> 3912540 | E238: =SUM(E225:E236) -> 29872311

Sheet May
B2: Substrate Supply - Y3
B4: Annual SCA Minimum | C4: 143000 | D4: (mtons)
B5: Running Monthly Minimum to meet SCA Guaranty | C5: =(C4-'Apr(Act)'!C7)/11 -> 12418.02 | D5: (mtons)
B6: Delivered | C6: =SUM(D39:G39) -> 7584.68 | D6: (mtons)
B7: YTD total | C7: ='Apr(Act)'!C7+May!C6 -> 13986.46 | D7: (mtons)
B8: Rejected | C8: =SUM(D38:G38) -> 0 | D8: (mtons)
D34: WEEK 1 (May1-10) | E34: WEEK 2 (May11-17) | F34: WEEK 3 (May18-24) | G34: WEEK 4 (May25-31)
B36: Delivered (DPO) | C36: (mtons) | D36: 2578.79 | E36: 1821.93 | F36: 1602.63 | G36: 1581.33
B37: Diverted
B39: Total Available | C39: (mtons) | D39: =D37+D36 -> 2578.79 | E39: =IF(E37+E36="",0,E37+E36) -> 1821.93 | F39: =IF(F37+F36="",0,F37+F36) -> 1602.63 | G39: =IF(G37+G36="",0,G37+G36) -> 1581.33
B40: Monthly Accumulative | D40: =D39 -> 2578.79 | E40: =E39+D40 -> 4400.72 | F40: =F39+E40 -> 6003.35 | G40: =G39+F40 -> 7584.68
B41: Target to Reach SCA Minimum | C41: (mtons) | D41: =(C5/31)*10 -> 4005.8129 | E41: =((C5/31)*17)-D40 -> 4231.0919 | F41: =((C5/31)*24)-E40 -> 5213.231 | G41: =((C5/31)*31)-F40 -> 6414.67
B47: Power Generation - Y3
B49: Annual SCA Minimum | C49: 9907200 | D49: (kWh)
B50: Monthly SCA Minimum | C50: =(C49-'Apr(Act)'!C52)/11 -> 852278.91 | D50: (kWh)
B51: Delivered | C51: =SUM(D78:G78) -> 529726 | D51: (kWh)
B52: YTD Total | C52: ='Apr(Act)'!C52+C51 -> 1061858 | D52: (kWh)
B53: Target to Reach SCA Minimum | C53: =C50-C51 -> 322552.91 | D53: (kWh)
E60: (kWh)
D77: =D34 -> WEEK 1 (May1-10) | E77: =E34 -> WEEK 2 (May11-17) | F77: =F34 -> WEEK 3 (May18-24) | G77: =G34 -> WEEK 4 (May25-31)
B78: Delivered | C78: (kWh) | D78: 160262 | E78: 142232 | F78: 148272 | G78: 78960
B79: Accumulative | C79: (kWh) | D79: =D78 -> 160262 | E79: =D79+E78 -> 302494 | F79: =E79+F78 -> 450766 | G79: =F79+G78 -> 529726
B80: Target to Reach SCA Minimum | C80: (kWh) | D80: =(C50/31)*10 -> 274928.68 | E80: =(($C50/31)*17)-D79 -> 307116.76 | F80: =(($C50/31)*24)-E79 -> 357334.83 | G80: =(($C50/31)*31)-F79 -> 401512.91
B83: Biogas Utilization - Y3
B85: Annual SCA Minimum | C85: 10000000 | D85: (Nm3)
B86: Monthly SCA Minimum | C86: =(C85-'Apr(Act)'!C88)/11 -> 880753.27 | D86: (Nm3)
B87: Delivered | C87: =SUM(D114:G114) -> 540137 | D87: (Nm3)
B88: YTD Total | C88: ='Apr(Act)'!C88+C87 -> 851851 | D88: (Nm3)
B89: Target to Reach SCA Minimum | C89: =C86-C87 -> 340616.27 | D89: (Nm3)
D113: =D77 -> WEEK 1 (May1-10) | E113: =E77 -> WEEK 2 (May11-17) | F113: =F77 -> WEEK 3 (May18-24) | G113: =G77 -> WEEK 4 (May25-31)
B114: Delivered to Boilers | C114: (Nm3) | D114: 192085 | E114: 122065 | F114: 91943 | G114: 134044
B115: Delivered to Engine | C115: (Nm3) | D115: =D78*0.47 -> 75323.14 | E115: =E78*0.47 -> 66849.04 | F115: =F78*0.47 -> 69687.84 | G115: =G78*0.47 -> 37111.2
B116: CO2 Testing | C116: (Nm3)
B117: Flared | C117: (Nm3) | D117: 5144 | G117: 30159
B118: Total Produced | C118: (Nm3) | D118: =SUM(D114:D117) -> 272552.14 | E118: =SUM(E114:E117) -> 188914.04 | F118: =SUM(F114:F117) -> 161630.84 | G118: =SUM(G114:G117) -> 201314.2
B119: Accumulative | C119: (Nm3) | D119: =D114 -> 192085 | E119: =D119+E114 -> 314150 | F119: =E119+F114 -> 406093 | G119: =F119+G114 -> 540137
B120: Target Gas based on Delivered Substrates | C120: (Nm3) | D120: =D36*101*0.7842 -> 204251 | E120: =E36*101*0.7842 -> 144304.51 | F120: =F36*101*0.7842 -> 126935.03 | G120: =G36*101*0.7842 -> 125247.98
B121: Target to Reach SCA min | C121: (Nm3) | D121: =(($C$86/31)*10) -> 284113.96 | E121: =(($C$86/31)*17)-D119 -> 290908.73 | F121: =(($C$86/31)*24)-E119 -> 367723.5 | G121: =(($C$86/31)*31)-F119 -> 474660.27
B124: Percent Utilization of Substrates - Y3
B126: Considering Original Weight
D127: 101 | E127: Nm3/ton
D128: =D77 -> WEEK 1 (May1-10) | E128: =E77 -> WEEK 2 (May11-17) | F128: =F77 -> WEEK 3 (May18-24) | G128: =G77 -> WEEK 4 (May25-31) | H128: Over-all
B130: Available Substrate | C130: (Nm3) | D130: =D36 -> 2578.79 | E130: =E36 -> 1821.93 | F130: =F36 -> 1602.63 | G130: =G36 -> 1581.33 | H130: =SUM(D130:G130) -> 7584.68
B131: SCA Gas Equivalent | C131: (Nm3) | D131: =D134*D130 -> 260457.79 | E131: =E134*E130 -> 184014.93 | F131: =F134*F130 -> 161865.63 | G131: =G134*G130 -> 159714.33 | H131: =H134*H130 -> 766052.68
B132: Actual Gas Produced | C132: (Nm3) | D132: =D118 -> 272552.14 | E132: =E118 -> 188914.04 | F132: =F118 -> 161630.84 | G132: =G118 -> 201314.2 | H132: =SUM(D132:G132) -> 824411.22
B133: Actual Yield | C133: (Nm3/ton) | D133: =IFERROR(D132/D130,"") -> 105.68993 | E133: =IFERROR(E132/E130,"") -> 103.68897 | F133: =IFERROR(F132/F130,"") -> 100.8535 | G133: =IFERROR(G132/G130,"") -> 127.30689 | H133: =H132/H130 -> 108.69427
B134: Target Yield | C134: (Nm3/ton) | D134: 101 | E134: 101 | F134: 101 | G134: 101 | H134: 101
B170: Factoring the DS Content*
D171: =D128 -> WEEK 1 (May1-10) | E171: =E128 -> WEEK 2 (May11-17) | F171: =F128 -> WEEK 3 (May18-24) | G171: =G128 -> WEEK 4 (May25-31) | H171: Over-all
B172: Available Substrate | C172: (Nm3) | D172: =D130*(D175/14) -> 2501.9789 | E172: =E130*(E175/14) -> 1807.3546 | F172: =F130*(F175/14) -> 1579.3919 | G172: =G130*(G175/14) -> 1577.4896 | H172: =SUM(D172:G172) -> 7466.215
B173: SCA Gas Equivalent | C173: (Nm3) | D173: =D172*$D$127 -> 252699.87 | E173: =E172*$D$127 -> 182542.81 | F173: =F172*$D$127 -> 159518.58 | G173: =G172*$D$127 -> 159326.45 | H173: =H172*105 -> 783952.57
B174: Actual Gas Produced | C174: (Nm3) | D174: =D132 -> 272552.14 | E174: =E132 -> 188914.04 | F174: =F132 -> 161630.84 | G174: =G132 -> 201314.2 | H174: =SUM(D174:G174) -> 824411.22
B175: %DS | D175: 13.583 | E175: 13.888 | F175: 13.797 | G175: 13.966 | H175: =AVERAGE(D175:G175) -> 13.8085
B176: Actual Yield | C176: (Nm3/ton) | D176: =IFERROR(D174/D172,"") -> 108.93463 | E176: =IFERROR(E174/E172,"") -> 104.52517 | F176: =IFERROR(F174/F172,"") -> 102.33739 | G176: =IFERROR(G174/G172,"") -> 127.61681 | H176: =H174/H172 -> 110.4189
B177: Target Yield | C177: (Nm3/ton) | D177: 101 | E177: 101 | F177: 101 | G177: 101 | H177: 101
D178: *taking average weekly DS
B221: Collection Summary
B223: Period | C223: Biogas | D223: Power | E223: Total
B225: 44743 | C225: 1056523.5 | D225: 1501785 | E225: =C225+D225 -> 2558308.5
B226: 44774 | C226: 1649443.5 | D226: 863715 | E226: =C226+D226 -> 2513158.5
B227: 44805 | C227: 1346098.5 | D227: 1119105 | E227: =C227+D227 -> 2465203.5
B228: 44835 | C228: 2573653.5 | D228: 0 | E228: =C228+D228 -> 2573653.5
B229: 44866 | C229: 2239123.5 | D229: 0 | E229: =C229+D229 -> 2239123.5
B230: 44896 | C230: 3815869.5 | D230: 0 | E230: =C230+D230 -> 3815869.5
B231: 44927 | C231: 3876876 | D231: 0 | E231: =C231+D231 -> 3876876
B232: 44958 | C232: 2565432 | D232: 427935 | E232: =C232+D232 -> 2993367
B233: 44986 | C233: 2163847.5 | D233: 0 | E233: =C233+D233 -> 2163847.5
B234: 45017 | C234: 1103476.5 | D234: 0 | E234: =C234+D234 -> 1103476.5
B235: 45047 | C235: 1210167 | D235: 0 | E235: =C235+D235 -> 1210167
B236: 45078 | C236: 2359260 | D236: 0 | E236: =C236+D236 -> 2359260
C238: =SUM(C225:C236) -> 25959771 | D238: =SUM(D225:D236) -> 3912540 | E238: =SUM(E225:E236) -> 29872311

Sheet Jun
B2: Substrate Supply - Y3
B4: Annual SCA Minimum | C4: 143000 | D4: (mtons)
B5: Running Monthly Minimum to meet SCA Guaranty | C5: =(C4-May!C7)/10 -> 12901.354 | D5: (mtons)
B6: Delivered | C6: =SUM(D39:G39) -> 6994.14 | D6: (mtons)
B7: YTD total | C7: =May!C7+Jun!C6 -> 20980.6 | D7: (mtons)
B8: Rejected | C8: =SUM(D38:G38) -> 0 | D8: (mtons)
D34: WEEK 1 (Jun1-7) | E34: WEEK 2 (Jun8-14) | F34: WEEK 3 (Jun15-21) | G34: WEEK 4 (June22-30)
B36: Delivered (DPO) | C36: (mtons) | D36: 1800.43 | E36: 2016.87 | F36: 1621.82 | G36: 1460.96
B37: Diverted (Surallah) | F37: 94.06
B39: Total Available | C39: (mtons) | D39: =D37+D36 -> 1800.43 | E39: =IF(E37+E36="",0,E37+E36) -> 2016.87 | F39: =IF(F37+F36="",0,F37+F36) -> 1715.88 | G39: =IF(G37+G36="",0,G37+G36) -> 1460.96
B40: Monthly Accumulative | D40: =D39 -> 1800.43 | E40: =E39+D40 -> 3817.3 | F40: =F39+E40 -> 5533.18 | G40: =G39+F40 -> 6994.14
B41: Target to Reach SCA Minimum | C41: (mtons) | D41: =(C5/30)*7 -> 3010.3159 | E41: =((C5/30)*14)-D40 -> 4220.2019 | F41: =((C5/30)*21)-E40 -> 5213.6478 | G41: =((C5/30)*30)-F40 -> 7368.174
B47: Power Generation - Y3
B49: Annual SCA Minimum | C49: 9907200 | D49: (kWh)
B50: Monthly SCA Minimum | C50: =(C49-May!C52)/10 -> 884534.2 | D50: (kWh)
B51: Delivered | C51: =SUM(D78:G78) -> 652382 | D51: (kWh)
B52: YTD Total | C52: =May!C52+Jun!C51 -> 1714240 | D52: (kWh)
B53: Target to Reach SCA Minimum | C53: =C50-C51 -> 232152.2 | D53: (kWh)
E60: (kWh)
D77: =D34 -> WEEK 1 (Jun1-7) | E77: =E34 -> WEEK 2 (Jun8-14) | F77: =F34 -> WEEK 3 (Jun15-21) | G77: =G34 -> WEEK 4 (June22-30)
B78: Delivered | C78: (kWh) | D78: 160822 | E78: 169164 | F78: 173171 | G78: 149225
B79: Accumulative | C79: (kWh) | D79: =D78 -> 160822 | E79: =D79+E78 -> 329986 | F79: =E79+F78 -> 503157 | G79: =F79+G78 -> 652382
B80: Target to Reach SCA Minimum | C80: (kWh) | D80: =(C50/30)*7 -> 206391.31 | E80: =(($C50/30)*14)-D79 -> 251960.63 | F80: =(($C50/30)*21)-E79 -> 289187.94 | G80: =(($C50/30)*30)-F79 -> 381377.2
B83: Biogas Utilization - Y3
B85: Annual SCA Minimum | C85: 10000000 | D85: (Nm3)
B86: Monthly SCA Minimum | C86: =(C85-May!C88)/10 -> 914814.9 | D86: (Nm3)
B87: Delivered | C87: =SUM(D114:G114) -> 459563 | D87: (Nm3)
B88: YTD Total | C88: =May!C88+Jun!C87 -> 1311414 | D88: (Nm3)
B89: Target to Reach SCA Minimum | C89: =C86-C87 -> 455251.9 | D89: (Nm3)
D113: =D77 -> WEEK 1 (Jun1-7) | E113: =E77 -> WEEK 2 (Jun8-14) | F113: =F77 -> WEEK 3 (Jun15-21) | G113: =G77 -> WEEK 4 (June22-30)
B114: Delivered to Boilers | C114: (Nm3) | D114: 124400 | E114: 126024 | F114: 107468 | G114: 101671
B115: Delivered to Engine | C115: (Nm3) | D115: =D78*0.47 -> 75586.34 | E115: =E78*0.47 -> 79507.08 | F115: =F78*0.47 -> 81390.37 | G115: =G78*0.47 -> 70135.75
B116: CO2 Testing | C116: (Nm3)
B117: Flared | C117: (Nm3) | F117: 9023 | G117: 3014
B118: Total Produced | C118: (Nm3) | D118: =SUM(D114:D117) -> 199986.34 | E118: =SUM(E114:E117) -> 205531.08 | F118: =SUM(F114:F117) -> 197881.37 | G118: =SUM(G114:G117) -> 174820.75
B119: Accumulative | C119: (Nm3) | D119: =D114 -> 124400 | E119: =D119+E114 -> 250424 | F119: =E119+F114 -> 357892 | G119: =F119+G114 -> 459563
B120: Target Gas based on Delivered Substrates | C120: (Nm3) | D120: =D36*101*0.7842 -> 142601.62 | E120: =E36*101*0.7842 -> 159744.57 | F120: =F36*101*0.7842 -> 128454.96 | G120: =G36*101*0.7842 -> 115714.17
B121: Target to Reach SCA min | C121: (Nm3) | D121: =(($C$86/30)*7) -> 213456.81 | E121: =(($C$86/30)*14)-D119 -> 302513.62 | F121: =(($C$86/30)*21)-E119 -> 389946.43 | G121: =(($C$86/30)*30)-F119 -> 556922.9
B124: Percent Utilization of Substrates - Y3
B126: Considering Original Weight
D127: 101 | E127: Nm3/ton
D128: =D77 -> WEEK 1 (Jun1-7) | E128: =E77 -> WEEK 2 (Jun8-14) | F128: =F77 -> WEEK 3 (Jun15-21) | G128: =G77 -> WEEK 4 (June22-30) | H128: Over-all
B130: Available Substrate | C130: (Nm3) | D130: =D36 -> 1800.43 | E130: =E36 -> 2016.87 | F130: =F36 -> 1621.82 | G130: =G36 -> 1460.96 | H130: =SUM(D130:G130) -> 6900.08
B131: SCA Gas Equivalent | C131: (Nm3) | D131: =D134*D130 -> 181843.43 | E131: =E134*E130 -> 203703.87 | F131: =F134*F130 -> 163803.82 | G131: =G134*G130 -> 147556.96 | H131: =H134*H130 -> 696908.08
B132: Actual Gas Produced | C132: (Nm3) | D132: =D118 -> 199986.34 | E132: =E118 -> 205531.08 | F132: =F118 -> 197881.37 | G132: =G118 -> 174820.75 | H132: =SUM(D132:G132) -> 778219.54
B133: Actual Yield | C133: (Nm3/ton) | D133: =IFERROR(D132/D130,"") -> 111.07699 | E133: =IFERROR(E132/E130,"") -> 101.90596 | F133: =IFERROR(F132/F130,"") -> 122.01192 | G133: =IFERROR(G132/G130,"") -> 119.66156 | H133: =H132/H130 -> 112.78413
B134: Target Yield | C134: (Nm3/ton) | D134: 101 | E134: 101 | F134: 101 | G134: 101 | H134: 101
B170: Factoring the DS Content*
D171: =D128 -> WEEK 1 (Jun1-7) | E171: =E128 -> WEEK 2 (Jun8-14) | F171: =F128 -> WEEK 3 (Jun15-21) | G171: =G128 -> WEEK 4 (June22-30) | H171: Over-all
B172: Available Substrate | C172: (Nm3) | D172: =D130*(D175/14) -> 1794.1285 | E172: =E130*(E175/14) -> 2008.8025 | F172: =F130*(F175/14) -> 1616.9545 | G172: =G130*(G175/14) -> 1457.5163 | H172: =SUM(D172:G172) -> 6877.4019
B173: SCA Gas Equivalent | C173: (Nm3) | D173: =D172*$D$127 -> 181206.98 | E173: =E172*$D$127 -> 202889.05 | F173: =F172*$D$127 -> 163312.41 | G173: =G172*$D$127 -> 147209.15 | H173: =H172*105 -> 722127.2
B174: Actual Gas Produced | C174: (Nm3) | D174: =D132 -> 199986.34 | E174: =E132 -> 205531.08 | F174: =F132 -> 197881.37 | G174: =G132 -> 174820.75 | H174: =SUM(D174:G174) -> 778219.54
B175: %DS | D175: 13.951 | E175: 13.944 | F175: 13.958 | G175: 13.967 | H175: =AVERAGE(D175:G175) -> 13.955
B176: Actual Yield | C176: (Nm3/ton) | D176: =IFERROR(D174/D172,"") -> 111.46712 | E176: =IFERROR(E174/E172,"") -> 102.31522 | F176: =IFERROR(F174/F172,"") -> 122.37906 | G176: =IFERROR(G174/G172,"") -> 119.94428 | H176: =H174/H172 -> 113.15604
B177: Target Yield | C177: (Nm3/ton) | D177: 101 | E177: 101 | F177: 101 | G177: 101 | H177: 101
D178: *taking average weekly DS
B221: Collection Summary
B223: Period | C223: Biogas | D223: Power | E223: Total
B225: 44743 | C225: 1056523.5 | D225: 1501785 | E225: =C225+D225 -> 2558308.5
B226: 44774 | C226: 1649443.5 | D226: 863715 | E226: =C226+D226 -> 2513158.5
B227: 44805 | C227: 1346098.5 | D227: 1119105 | E227: =C227+D227 -> 2465203.5
B228: 44835 | C228: 2573653.5 | D228: 0 | E228: =C228+D228 -> 2573653.5
B229: 44866 | C229: 2239123.5 | D229: 0 | E229: =C229+D229 -> 2239123.5
B230: 44896 | C230: 3815869.5 | D230: 0 | E230: =C230+D230 -> 3815869.5
B231: 44927 | C231: 3876876 | D231: 0 | E231: =C231+D231 -> 3876876
B232: 44958 | C232: 2565432 | D232: 427935 | E232: =C232+D232 -> 2993367
B233: 44986 | C233: 2163847.5 | D233: 0 | E233: =C233+D233 -> 2163847.5
B234: 45017 | C234: 1103476.5 | D234: 0 | E234: =C234+D234 -> 1103476.5
B235: 45047 | C235: 1210167 | D235: 0 | E235: =C235+D235 -> 1210167
B236: 45078 | C236: 2359260 | D236: 0 | E236: =C236+D236 -> 2359260
C238: =SUM(C225:C236) -> 25959771 | D238: =SUM(D225:D236) -> 3912540 | E238: =SUM(E225:E236) -> 29872311

Sheet Jul
B2: Substrate Supply - Y3
B4: Annual SCA Minimum | C4: 143000 | D4: (mtons)
B5: Running Monthly Minimum to meet SCA Guaranty | C5: =(C4-Jun!C7)/9 -> 13557.711 | D5: (mtons)
B6: Delivered | C6: =SUM(D39:H39) -> 6552.41 | D6: (mtons)
B7: YTD total | C7: =Jun!C7+Jul!C6 -> 27533.01 | D7: (mtons)
B8: Rejected | C8: =SUM(D38:G38) -> 0 | D8: (mtons)
D34: WEEK 1 (Jul1-5) | E34: WEEK 2 (Jul6-12) | F34: WEEK 3 (Jul13-19) | G34: WEEK 4 (Jul20-26) | H34: WEEK 5 (Jul27-31)
B36: Delivered (DPO) | C36: (mtons) | D36: 942.07 | E36: 2020.91 | F36: 1376.38 | G36: 1366.86 | H36: 846.19
B37: Diverted
B39: Total Available | C39: (mtons) | D39: =D37+D36 -> 942.07 | E39: =IF(E37+E36="",0,E37+E36) -> 2020.91 | F39: =IF(F37+F36="",0,F37+F36) -> 1376.38 | G39: =IF(G37+G36="",0,G37+G36) -> 1366.86 | H39: =IF(H37+H36="",0,H37+H36) -> 846.19
B40: Monthly Accumulative | D40: =D39 -> 942.07 | E40: =E39+D40 -> 2962.98 | F40: =F39+E40 -> 4339.36 | G40: =G39+F40 -> 5706.22 | H40: =H39+G40 -> 6552.41
B41: Target to Reach SCA Minimum | C41: (mtons) | D41: =(C5/31)*5 -> 2186.7276 | E41: =((C5/31)*12)-D40 -> 4306.0762 | F41: =((C5/31)*19)-E40 -> 5346.5849 | G41: =((C5/31)*26)-F40 -> 7031.6235 | H41: =((C5/31)*31)-G40 -> 7851.4911
B47: Power Generation - Y3
B49: Annual SCA Minimum | C49: 9907200 | D49: (kWh)
B50: Monthly SCA Minimum | C50: =(C49-Jun!C52)/9 -> 910328.89 | D50: (kWh)
B51: Delivered | C51: =SUM(D78:H78) -> 343289 | D51: (kWh)
B52: YTD Total | C52: =Jun!C52+Jul!C51 -> 2057529 | D52: (kWh)
B53: Target to Reach SCA Minimum | C53: =C50-C51 -> 567039.89 | D53: (kWh)
E60: (kWh)
D77: =D34 -> WEEK 1 (Jul1-5) | E77: =E34 -> WEEK 2 (Jul6-12) | F77: =F34 -> WEEK 3 (Jul13-19) | G77: =G34 -> WEEK 4 (Jul20-26) | H77: =H34 -> WEEK 5 (Jul27-31)
B78: Delivered | C78: (kWh) | D78: 31902 | E78: 36711 | F78: 91966 | G78: 97886 | H78: 84824
B79: Accumulative | C79: (kWh) | D79: =D78 -> 31902 | E79: =D79+E78 -> 68613 | F79: =E79+F78 -> 160579 | G79: =F79+G78 -> 258465 | H79: =G79+H78 -> 343289
B80: Target to Reach SCA Minimum | C80: (kWh) | D80: =(C50/31)*5 -> 146827.24 | E80: =(($C50/31)*12)-D79 -> 320483.38 | F80: =(($C50/31)*19)-E79 -> 489330.51 | G80: =(($C50/31)*26)-F79 -> 602922.65 | H80: =(($C50/31)*31)-G79 -> 651863.89
B83: Biogas Utilization - Y3
B85: Annual SCA Minimum | C85: 10000000 | D85: (Nm3)
B86: Monthly SCA Minimum | C86: =(C85-May!C88)/10 -> 914814.9 | D86: (Nm3)
B87: Delivered | C87: =SUM(D114:H114) -> 423485 | D87: (Nm3)
B88: YTD Total | C88: =Jun!C88+Jul!C87 -> 1734899 | D88: (Nm3)
B89: Target to Reach SCA Minimum | C89: =C86-C87 -> 491329.9 | D89: (Nm3)
D113: =D77 -> WEEK 1 (Jul1-5) | E113: =E77 -> WEEK 2 (Jul6-12) | F113: =F77 -> WEEK 3 (Jul13-19) | G113: =G77 -> WEEK 4 (Jul20-26) | H113: =H77 -> WEEK 5 (Jul27-31)
B114: Delivered to Boilers | C114: (Nm3) | D114: 58901 | E114: 147832 | F114: 108594 | G114: 78273 | H114: 29885
B115: Delivered to Engine | C115: (Nm3) | D115: =D78*0.47 -> 14993.94 | E115: =E78*0.47 -> 17254.17 | F115: =F78*0.47 -> 43224.02 | G115: =G78*0.47 -> 46006.42 | H115: =H78*0.47 -> 39867.28
B116: CO2 Testing | C116: (Nm3)
B117: Flared | C117: (Nm3) | E117: =1216+1221+1155+1124+1144 -> 5860 | H117: 1444
B118: Total Produced | C118: (Nm3) | D118: =SUM(D114:D117) -> 73894.94 | E118: =SUM(E114:E117) -> 170946.17 | F118: =SUM(F114:F117) -> 151818.02 | G118: =SUM(G114:G117) -> 124279.42 | H118: =SUM(H114:H117) -> 71196.28
B119: Accumulative | C119: (Nm3) | D119: =D114 -> 58901 | E119: =D119+E114 -> 206733 | F119: =E119+F114 -> 315327 | G119: =F119+G114 -> 393600 | H119: =G119+H114 -> 423485
B120: Target Gas based on Delivered Substrates | C120: (Nm3) | D120: =D36*101*0.7842 -> 74615.901 | E120: =E36*101*0.7842 -> 160064.56 | F120: =F36*101*0.7842 -> 109015.08 | G120: =G36*101*0.7842 -> 108261.05 | H120: =H36*101*0.7842 -> 67021.802
B121: Target to Reach SCA min | C121: (Nm3) | D121: =(($C$86/31)*5) -> 147550.79 | E121: =(($C$86/31)*12)-D119 -> 295220.9 | F121: =(($C$86/31)*19)-E119 -> 353960 | G121: =(($C$86/31)*26)-F119 -> 451937.11 | H121: =(($C$86/31)*31)-G119 -> 521214.9
B124: Percent Utilization of Substrates - Y3
B126: Considering Original Weight
D127: 101 | E127: Nm3/ton
D128: =D77 -> WEEK 1 (Jul1-5) | E128: =E77 -> WEEK 2 (Jul6-12) | F128: =F77 -> WEEK 3 (Jul13-19) | G128: =G77 -> WEEK 4 (Jul20-26) | H128: =H77 -> WEEK 5 (Jul27-31) | I128: Over-all
B130: Available Substrate | C130: (Nm3) | D130: =D36 -> 942.07 | E130: =E36 -> 2020.91 | F130: =F36 -> 1376.38 | G130: =G36 -> 1366.86 | H130: =H36 -> 846.19 | I130: =SUM(D130:H130) -> 6552.41
B131: SCA Gas Equivalent | C131: (Nm3) | D131: =D134*D130 -> 95149.07 | E131: =E134*E130 -> 204111.91 | F131: =F134*F130 -> 139014.38 | G131: =G134*G130 -> 138052.86 | H131: =H134*H130 -> 86311.38 | I131: =I134*I130 -> 661793.41
B132: Actual Gas Produced | C132: (Nm3) | D132: =D118 -> 73894.94 | E132: =E118 -> 170946.17 | F132: =F118 -> 151818.02 | G132: =G118 -> 124279.42 | H132: =H118 -> 71196.28 | I132: =SUM(D132:H132) -> 592134.83
B133: Actual Yield | C133: (Nm3/ton) | D133: =IFERROR(D132/D130,"") -> 78.438906 | E133: =IFERROR(E132/E130,"") -> 84.58871 | F133: =IFERROR(F132/F130,"") -> 110.3024 | G133: =IFERROR(G132/G130,"") -> 90.923299 | H133: =IFERROR(H132/H130,"") -> 84.137463 | I133: =I132/I130 -> 90.369014
B134: Target Yield | C134: (Nm3/ton) | D134: 101 | E134: 101 | F134: 101 | G134: 101 | H134: 102 | I134: 101
B170: Factoring the DS Content*
D171: =D128 -> WEEK 1 (Jul1-5) | E171: =E128 -> WEEK 2 (Jul6-12) | F171: =F128 -> WEEK 3 (Jul13-19) | G171: =G128 -> WEEK 4 (Jul20-26) | H171: =H128 -> WEEK 5 (Jul27-31) | I171: Over-all
B172: Available Substrate | C172: (Nm3) | D172: =D130*(D175/14) -> 933.99511 | E172: =E130*(E175/14) -> 2010.9498 | F172: =F130*(F175/14) -> 1362.9111 | G172: =G130*(G175/14) -> 1365.1026 | H172: =H130*(H175/14) -> 842.26126 | I172: =SUM(D172:G172) -> 5672.9587
B173: SCA Gas Equivalent | C173: (Nm3) | D173: =D172*$D$127 -> 94333.507 | E173: =E172*$D$127 -> 203105.93 | F173: =F172*$D$127 -> 137654.02 | G173: =G172*$D$127 -> 137875.36 | H173: =H172*$D$127 -> 85068.387 | I173: =I172*105 -> 595660.66
B174: Actual Gas Produced | C174: (Nm3) | D174: =D132 -> 73894.94 | E174: =E132 -> 170946.17 | F174: =F132 -> 151818.02 | G174: =G132 -> 124279.42 | H174: =H132 -> 71196.28 | I174: =SUM(D174:G174) -> 520938.55
B175: %DS | D175: 13.88 | E175: 13.931 | F175: 13.863 | G175: 13.982 | H175: 13.935 | I175: =AVERAGE(D175:H175) -> 13.9182
B176: Actual Yield | C176: (Nm3/ton) | D176: =IFERROR(D174/D172,"") -> 79.117052 | E176: =IFERROR(E174/E172,"") -> 85.007676 | F176: =IFERROR(F174/F172,"") -> 111.39246 | G176: =IFERROR(G174/G172,"") -> 91.040351 | H176: =IFERROR(H174/H172,"") -> 84.529924 | I176: =I174/I172 -> 91.828371
B177: Target Yield | C177: (Nm3/ton) | D177: 101 | E177: 101 | F177: 101 | G177: 101 | H177: 101 | I177: 101
D178: *taking average weekly DS
B221: Collection Summary
B223: Period | C223: Biogas | D223: Power | E223: Total
B225: 44743 | C225: 1056523.5 | D225: 1501785 | E225: =C225+D225 -> 2558308.5
B226: 44774 | C226: 1649443.5 | D226: 863715 | E226: =C226+D226 -> 2513158.5
B227: 44805 | C227: 1346098.5 | D227: 1119105 | E227: =C227+D227 -> 2465203.5
B228: 44835 | C228: 2573653.5 | D228: 0 | E228: =C228+D228 -> 2573653.5
B229: 44866 | C229: 2239123.5 | D229: 0 | E229: =C229+D229 -> 2239123.5
B230: 44896 | C230: 3815869.5 | D230: 0 | E230: =C230+D230 -> 3815869.5
B231: 44927 | C231: 3876876 | D231: 0 | E231: =C231+D231 -> 3876876
B232: 44958 | C232: 2565432 | D232: 427935 | E232: =C232+D232 -> 2993367
B233: 44986 | C233: 2163847.5 | D233: 0 | E233: =C233+D233 -> 2163847.5
B234: 45017 | C234: 1103476.5 | D234: 0 | E234: =C234+D234 -> 1103476.5
B235: 45047 | C235: 1210167 | D235: 0 | E235: =C235+D235 -> 1210167
B236: 45078 | C236: 2359260 | D236: 0 | E236: =C236+D236 -> 2359260
C238: =SUM(C225:C236) -> 25959771 | D238: =SUM(D225:D236) -> 3912540 | E238: =SUM(E225:E236) -> 29872311

Sheet Aug
B2: Substrate Supply - Y3
B4: Annual SCA Minimum | C4: 143000 | D4: (mtons)
B5: Running Monthly Minimum to meet SCA Guaranty | C5: =(C4-Jul!C7)/8 -> 14433.374 | D5: (mtons)
B6: Delivered | C6: =SUM(D39:G39) -> 7594.33 | D6: (mtons)
B7: YTD total | C7: =Jul!C7+Aug!C6 -> 35127.34 | D7: (mtons)
B8: Rejected | C8: =SUM(D38:G38) -> 0 | D8: (mtons)
D34: WEEK 1 (Aug1-9) | E34: WEEK 2 (Aug10-16) | F34: WEEK 3 (Aug17-23) | G34: WEEK 4 (Aug24-31)
B36: Delivered (DPO) | C36: (mtons) | D36: 2217.01 | E36: 1745.6 | F36: 1794.13 | G36: 1837.59
B37: Diverted
B39: Total Available | C39: (mtons) | D39: =D37+D36 -> 2217.01 | E39: =IF(E37+E36="",0,E37+E36) -> 1745.6 | F39: =IF(F37+F36="",0,F37+F36) -> 1794.13 | G39: =IF(G37+G36="",0,G37+G36) -> 1837.59
B40: Monthly Accumulative | D40: =D39 -> 2217.01 | E40: =E39+D40 -> 3962.61 | F40: =F39+E40 -> 5756.74 | G40: =G39+F40 -> 7594.33
B41: Target to Reach SCA Minimum | C41: (mtons) | D41: =(C5/31)*9 -> 4190.3343 | E41: =((C5/31)*16)-D40 -> 5232.4732 | F41: =((C5/31)*23)-E40 -> 6746.0221 | G41: =((C5/31)*31)-F40 -> 8676.6337
B47: Power Generation - Y3
B49: Annual SCA Minimum | C49: 9907200 | D49: (kWh)
B50: Monthly SCA Minimum | C50: =(C49-Jul!C52)/8 -> 981208.88 | D50: (kWh)
B51: Delivered | C51: =SUM(D78:G78) -> 401543 | D51: (kWh)
B52: YTD Total | C52: =Jul!C52+Aug!C51 -> 2459072 | D52: (kWh)
B53: Target to Reach SCA Minimum | C53: =C50-C51 -> 579665.88 | D53: (kWh)
E60: (kWh)
D77: =D34 -> WEEK 1 (Aug1-9) | E77: =E34 -> WEEK 2 (Aug10-16) | F77: =F34 -> WEEK 3 (Aug17-23) | G77: =G34 -> WEEK 4 (Aug24-31)
B78: Delivered | C78: (kWh) | D78: 62417 | E78: 137693 | F78: 61750 | G78: 139683
B79: Accumulative | C79: (kWh) | D79: =D78 -> 62417 | E79: =D79+E78 -> 200110 | F79: =E79+F78 -> 261860 | G79: =F79+G78 -> 401543
B80: Target to Reach SCA Minimum | C80: (kWh) | D80: =(C50/31)*9 -> 284867.09 | E80: =(($C50/31)*16)-D79 -> 444013.39 | F80: =(($C50/31)*23)-E79 -> 527883.68 | G80: =(($C50/31)*31)-F79 -> 719348.88
B83: Biogas Utilization - Y3
B85: Annual SCA Minimum | C85: 10000000 | D85: (Nm3)
B86: Monthly SCA Minimum | C86: =(C85-Jul!C88)/8 -> 1033137.6 | D86: (Nm3)
B87: Delivered | C87: =SUM(D114:G114) -> 503878 | D87: (Nm3)
B88: YTD Total | C88: =Jul!C88+Aug!C87 -> 2238777 | D88: (Nm3)
B89: Target to Reach SCA Minimum | C89: =C86-C87 -> 529259.62 | D89: (Nm3)
D113: =D77 -> WEEK 1 (Aug1-9) | E113: =E77 -> WEEK 2 (Aug10-16) | F113: =F77 -> WEEK 3 (Aug17-23) | G113: =G77 -> WEEK 4 (Aug24-31)
B114: Delivered to Boilers | C114: (Nm3) | D114: 138448 | E114: 128514 | F114: 124782 | G114: 112134
B115: Delivered to Engine | C115: (Nm3) | D115: =D78*0.47 -> 29335.99 | E115: =E78*0.47 -> 64715.71 | F115: =F78*0.47 -> 29022.5 | G115: =G78*0.47 -> 65651.01
B116: CO2 Testing | C116: (Nm3)
B117: Flared | C117: (Nm3) | D117: 20724 | F117: 18468 | G117: 18535
B118: Total Produced | C118: (Nm3) | D118: =SUM(D114:D117) -> 188507.99 | E118: =SUM(E114:E117) -> 193229.71 | F118: =SUM(F114:F117) -> 172272.5 | G118: =SUM(G114:G117) -> 196320.01
B119: Accumulative | C119: (Nm3) | D119: =D114 -> 138448 | E119: =D119+E114 -> 266962 | F119: =E119+F114 -> 391744 | G119: =F119+G114 -> 503878
B120: Target Gas based on Delivered Substrates | C120: (Nm3) | D120: =D36*101*0.7842 -> 175596.5 | E120: =E36*101*0.7842 -> 138258.85 | F120: =F36*101*0.7842 -> 142102.63 | G120: =G36*101*0.7842 -> 145544.85
B121: Target to Reach SCA min | C121: (Nm3) | D121: =(($C$86/31)*9) -> 299943.18 | E121: =(($C$86/31)*16)-D119 -> 394784.32 | F121: =(($C$86/31)*23)-E119 -> 499559.46 | G121: =(($C$86/31)*31)-F119 -> 641393.63
B124: Percent Utilization of Substrates - Y3
B126: Considering Original Weight
D127: 101 | E127: Nm3/ton
D128: =D77 -> WEEK 1 (Aug1-9) | E128: =E77 -> WEEK 2 (Aug10-16) | F128: =F77 -> WEEK 3 (Aug17-23) | G128: =G77 -> WEEK 4 (Aug24-31) | H128: =H77 -> 0 | I128: Over-all
B130: Available Substrate | C130: (Nm3) | D130: =D36 -> 2217.01 | E130: =E36 -> 1745.6 | F130: =F36 -> 1794.13 | G130: =G36 -> 1837.59 | H130: =H36 -> 0 | I130: =SUM(D130:H130) -> 7594.33
B131: SCA Gas Equivalent | C131: (Nm3) | D131: =D134*D130 -> 223918.01 | E131: =E134*E130 -> 176305.6 | F131: =F134*F130 -> 181207.13 | G131: =G134*G130 -> 185596.59 | H131: =H134*H130 -> 0 | I131: =I134*I130 -> 767027.33
B132: Actual Gas Produced | C132: (Nm3) | D132: =D118 -> 188507.99 | E132: =E118 -> 193229.71 | F132: =F118 -> 172272.5 | G132: =G118 -> 196320.01 | H132: =H118 -> 0 | I132: =SUM(D132:H132) -> 750330.21
B133: Actual Yield | C133: (Nm3/ton) | D133: =IFERROR(D132/D130,"") -> 85.028029 | E133: =IFERROR(E132/E130,"") -> 110.6953 | F133: =IFERROR(F132/F130,"") -> 96.020077 | G133: =IFERROR(G132/G130,"") -> 106.83559 | H133: =IFERROR(H132/H130,"") | I133: =I132/I130 -> 98.80137
B134: Target Yield | C134: (Nm3/ton) | D134: 101 | E134: 101 | F134: 101 | G134: 101 | H134: 102 | I134: 101
B170: Factoring the DS Content*
D171: =D128 -> WEEK 1 (Aug1-9) | E171: =E128 -> WEEK 2 (Aug10-16) | F171: =F128 -> WEEK 3 (Aug17-23) | G171: =G128 -> WEEK 4 (Aug24-31) | I171: Over-all
B172: Available Substrate | C172: (Nm3) | D172: =D130*(D175/14) -> 2207.5085 | E172: =E130*(E175/14) -> 1741.8594 | F172: =F130*(F175/14) -> 1792.2077 | G172: =G130*(G175/14) -> 1832.996 | I172: =SUM(D172:G172) -> 7574.5717
B173: SCA Gas Equivalent | C173: (Nm3) | D173: =D172*$D$127 -> 222958.36 | E173: =E172*$D$127 -> 175927.8 | F173: =F172*$D$127 -> 181012.98 | G173: =G172*$D$127 -> 185132.6 | I173: =I172*101 -> 765031.74
B174: Actual Gas Produced | C174: (Nm3) | D174: =D132 -> 188507.99 | E174: =E132 -> 193229.71 | F174: =F132 -> 172272.5 | G174: =G132 -> 196320.01 | I174: =SUM(D174:G174) -> 750330.21
B175: %DS | D175: 13.94 | E175: 13.97 | F175: 13.985 | G175: 13.965 | I175: =AVERAGE(D175:H175) -> 13.965
B176: Actual Yield | C176: (Nm3/ton) | D176: =IFERROR(D174/D172,"") -> 85.394003 | E176: =IFERROR(E174/E172,"") -> 110.93301 | F176: =IFERROR(F174/F172,"") -> 96.123066 | G176: =IFERROR(G174/G172,"") -> 107.10335 | I176: =I174/I172 -> 99.059094
B177: Target Yield | C177: (Nm3/ton) | D177: 101 | E177: 101 | F177: 101 | G177: 101 | I177: 101
D178: *taking average weekly DS
B221: Collection Summary
B223: Period | C223: Biogas | D223: Power | E223: Total
B225: 44743 | C225: 1056523.5 | D225: 1501785 | E225: =C225+D225 -> 2558308.5
B226: 44774 | C226: 1649443.5 | D226: 863715 | E226: =C226+D226 -> 2513158.5
B227: 44805 | C227: 1346098.5 | D227: 1119105 | E227: =C227+D227 -> 2465203.5
B228: 44835 | C228: 2573653.5 | D228: 0 | E228: =C228+D228 -> 2573653.5
B229: 44866 | C229: 2239123.5 | D229: 0 | E229: =C229+D229 -> 2239123.5
B230: 44896 | C230: 3815869.5 | D230: 0 | E230: =C230+D230 -> 3815869.5
B231: 44927 | C231: 3876876 | D231: 0 | E231: =C231+D231 -> 3876876
B232: 44958 | C232: 2565432 | D232: 427935 | E232: =C232+D232 -> 2993367
B233: 44986 | C233: 2163847.5 | D233: 0 | E233: =C233+D233 -> 2163847.5
B234: 45017 | C234: 1103476.5 | D234: 0 | E234: =C234+D234 -> 1103476.5
B235: 45047 | C235: 1210167 | D235: 0 | E235: =C235+D235 -> 1210167
B236: 45078 | C236: 2359260 | D236: 0 | E236: =C236+D236 -> 2359260
C238: =SUM(C225:C236) -> 25959771 | D238: =SUM(D225:D236) -> 3912540 | E238: =SUM(E225:E236) -> 29872311

Sheet Sep
B2: Substrate Supply - Y3
B4: Annual SCA Minimum | C4: 143000 | D4: (mtons)
B5: Running Monthly Minimum to meet SCA Guaranty | C5: =(C4-Aug!C7)/7 -> 15410.38 | D5: (mtons)
B6: Delivered | C6: =SUM(D39:G39) -> 6634.4 | D6: (mtons)
B7: YTD total | C7: =Aug!C7+Sep!C6 -> 41761.74 | D7: (mtons)
B8: Rejected | C8: =SUM(D38:G38) -> 0 | D8: (mtons)
D34: WEEK 1 (Sep1-6) | E34: WEEK 2 (Sep7-13) | F34: WEEK 3 (Sep14-20) | G34: WEEK 4 (Sep21-30)
B36: Delivered (DPO) | C36: (mtons) | D36: 1725.57 | E36: 1454.34 | F36: 1239.49 | G36: 2215
B37: Diverted
B39: Total Available | C39: (mtons) | D39: =D37+D36 -> 1725.57 | E39: =IF(E37+E36="",0,E37+E36) -> 1454.34 | F39: =IF(F37+F36="",0,F37+F36) -> 1239.49 | G39: =IF(G37+G36="",0,G37+G36) -> 2215
B40: Monthly Accumulative | D40: =D39 -> 1725.57 | E40: =E39+D40 -> 3179.91 | F40: =F39+E40 -> 4419.4 | G40: =G39+F40 -> 6634.4
B41: Target to Reach SCA Minimum | C41: (mtons) | D41: =(C5/30)*6 -> 3082.076 | E41: =((C5/30)*13)-D40 -> 4952.2613 | F41: =((C5/30)*20)-E40 -> 7093.6767 | G41: =((C5/30)*30)-F40 -> 10990.98
B47: Power Generation - Y3
B49: Annual SCA Minimum | C49: 9907200 | D49: (kWh)
B50: Monthly SCA Minimum | C50: =(C49-Aug!C52)/7 -> 1064018.3 | D50: (kWh)
B51: Delivered | C51: =SUM(D78:G78) -> 300717 | D51: (kWh)
B52: YTD Total | C52: =Aug!C52+Sep!C51 -> 2759789 | D52: (kWh)
B53: Target to Reach SCA Minimum | C53: =C50-C51 -> 763301.29 | D53: (kWh)
E60: (kWh)
D77: =D34 -> WEEK 1 (Sep1-6) | E77: =E34 -> WEEK 2 (Sep7-13) | F77: =F34 -> WEEK 3 (Sep14-20) | G77: =G34 -> WEEK 4 (Sep21-30)
B78: Delivered | C78: (kWh) | D78: 129032 | E78: 63165 | F78: 45299 | G78: 63221
B79: Accumulative | C79: (kWh) | D79: =D78 -> 129032 | E79: =D79+E78 -> 192197 | F79: =E79+F78 -> 237496 | G79: =F79+G78 -> 300717
B80: Target to Reach SCA Minimum | C80: (kWh) | D80: =(C50/30)*6 -> 212803.66 | E80: =(($C50/30)*13)-D79 -> 332042.59 | F80: =(($C50/30)*20)-E79 -> 517148.52 | G80: =(($C50/31)*31)-F79 -> 826522.29
B83: Biogas Utilization - Y3
B85: Annual SCA Minimum | C85: 10000000 | D85: (Nm3)
B86: Monthly SCA Minimum | C86: =(C85-Aug!C88)/7 -> 1108746.1 | D86: (Nm3)
B87: Delivered | C87: =SUM(D114:G114) -> 473052 | D87: (Nm3)
B88: YTD Total | C88: =Aug!C88+Sep!C87 -> 2711829 | D88: (Nm3)
B89: Target to Reach SCA Minimum | C89: =C86-C87 -> 635694.14 | D89: (Nm3)
D113: =D77 -> WEEK 1 (Sep1-6) | E113: =E77 -> WEEK 2 (Sep7-13) | F113: =F77 -> WEEK 3 (Sep14-20) | G113: =G77 -> WEEK 4 (Sep21-30)
B114: Delivered to Boilers | C114: (Nm3) | D114: 95184 | E114: 99875 | F114: 83860 | G114: 194133
B115: Delivered to Engine | C115: (kWh) | D115: =D78*0.47 -> 60645.04 | E115: =E78*0.47 -> 29687.55 | F115: =F78*0.47 -> 21290.53 | G115: =G78*0.47 -> 29713.87
B116: CO2 Operation | C116: (Nm3)
B117: Flared | C117: (Nm3) | D117: 16696 | E117: 14168 | F117: 5084 | G117: 13784
B118: Total Produced | C118: (Nm3) | D118: =SUM(D114:D117) -> 172525.04 | E118: =SUM(E114:E117) -> 143730.55 | F118: =SUM(F114:F117) -> 110234.53 | G118: =SUM(G114:G117) -> 237630.87
B119: Accumulative | C119: (Nm3) | D119: =D114 -> 95184 | E119: =D119+E114 -> 195059 | F119: =E119+F114 -> 278919 | G119: =F119+G114 -> 473052
B120: Target Gas based on Delivered Substrates | C120: (Nm3) | D120: =D36*101*0.7842 -> 136672.39 | E120: =E36*101*0.7842 -> 115189.84 | F120: =F36*101*0.7842 -> 98172.814 | G120: =G36*101*0.7842 -> 175437.3
B121: Target to Reach SCA (Boiler) | C121: (Nm3) | D121: =(($C$86/31)*9) -> 321894.04 | E121: =(($C$86/31)*16)-D119 -> 477072.07 | F121: =(($C$86/31)*23)-E119 -> 627559.11 | G121: =(($C$86/31)*31)-F119 -> 829827.14
B124: Percent Utilization of Substrates - Y3
B126: Considering Original Weight
D127: 101 | E127: Nm3/ton
D128: =D77 -> WEEK 1 (Sep1-6) | E128: =E77 -> WEEK 2 (Sep7-13) | F128: =F77 -> WEEK 3 (Sep14-20) | G128: =G77 -> WEEK 4 (Sep21-30) | H128: =H77 -> 0 | I128: Over-all
B130: Available Substrate | C130: (Nm3) | D130: =D36 -> 1725.57 | E130: =E36 -> 1454.34 | F130: =F36 -> 1239.49 | G130: =G36 -> 2215 | H130: =H36 -> 0 | I130: =SUM(D130:H130) -> 6634.4
B131: SCA Gas Equivalent | C131: (Nm3) | D131: =D134*D130 -> 174282.57 | E131: =E134*E130 -> 146888.34 | F131: =F134*F130 -> 125188.49 | G131: =G134*G130 -> 223715 | H131: =H134*H130 -> 0 | I131: =I134*I130 -> 670074.4
B132: Actual Gas Produced | C132: (Nm3) | D132: =D118 -> 172525.04 | E132: =E118 -> 143730.55 | F132: =F118 -> 110234.53 | G132: =G118 -> 237630.87 | H132: =H118 -> 0 | I132: =SUM(D132:H132) -> 664120.99
B133: Actual Yield | C133: (Nm3/ton) | D133: =IFERROR(D132/D130,"") -> 99.981479 | E133: =IFERROR(E132/E130,"") -> 98.828713 | F133: =IFERROR(F132/F130,"") -> 88.935393 | G133: =IFERROR(G132/G130,"") -> 107.28256 | H133: =IFERROR(H132/H130,"") | I133: =I132/I130 -> 100.10265
B134: Target Yield | C134: (Nm3/ton) | D134: 101 | E134: 101 | F134: 101 | G134: 101 | H134: 102 | I134: 101
B170: Factoring the DS Content*
D171: =D128 -> WEEK 1 (Sep1-6) | E171: =E128 -> WEEK 2 (Sep7-13) | F171: =F128 -> WEEK 3 (Sep14-20) | G171: =G128 -> WEEK 4 (Sep21-30) | I171: Over-all
B172: Available Substrate | C172: (Nm3) | D172: =D130*(D175/14) -> 1718.1747 | E172: =E130*(E175/14) -> 1441.3548 | F172: =F130*(F175/14) -> 1223.6422 | G172: =G130*(G175/14) -> 2207.0893 | I172: =SUM(D172:G172) -> 6590.261
B173: SCA Gas Equivalent | C173: (Nm3) | D173: =D172*$D$127 -> 173535.64 | E173: =E172*$D$127 -> 145576.84 | F173: =F172*$D$127 -> 123587.87 | G173: =G172*$D$127 -> 222916.02 | I173: =I172*101 -> 665616.37
B174: Actual Gas Produced | C174: (Nm3) | D174: =D132 -> 172525.04 | E174: =E132 -> 143730.55 | F174: =F132 -> 110234.53 | G174: =G132 -> 237630.87 | I174: =SUM(D174:G174) -> 664120.99
B175: %DS | D175: 13.94 | E175: 13.875 | F175: 13.821 | G175: 13.95 | I175: =AVERAGE(D175:H175) -> 13.8965
B176: Actual Yield | C176: (Nm3/ton) | D176: =IFERROR(D174/D172,"") -> 100.41181 | E176: =IFERROR(E174/E172,"") -> 99.719061 | F176: =IFERROR(F174/F172,"") -> 90.087222 | G176: =IFERROR(G174/G172,"") -> 107.66709 | I176: =I174/I172 -> 100.77309
B177: Target Yield | C177: (Nm3/ton) | D177: 101 | E177: 101 | F177: 101 | G177: 101 | I177: 101
D178: *taking average weekly DS
B221: Collection Summary
B223: Period | C223: Biogas | D223: Power | E223: Total
B225: 44743 | C225: 1056523.5 | D225: 1501785 | E225: =C225+D225 -> 2558308.5
B226: 44774 | C226: 1649443.5 | D226: 863715 | E226: =C226+D226 -> 2513158.5
B227: 44805 | C227: 1346098.5 | D227: 1119105 | E227: =C227+D227 -> 2465203.5
B228: 44835 | C228: 2573653.5 | D228: 0 | E228: =C228+D228 -> 2573653.5
B229: 44866 | C229: 2239123.5 | D229: 0 | E229: =C229+D229 -> 2239123.5
B230: 44896 | C230: 3815869.5 | D230: 0 | E230: =C230+D230 -> 3815869.5
B231: 44927 | C231: 3876876 | D231: 0 | E231: =C231+D231 -> 3876876
B232: 44958 | C232: 2565432 | D232: 427935 | E232: =C232+D232 -> 2993367
B233: 44986 | C233: 2163847.5 | D233: 0 | E233: =C233+D233 -> 2163847.5
B234: 45017 | C234: 1103476.5 | D234: 0 | E234: =C234+D234 -> 1103476.5
B235: 45047 | C235: 1210167 | D235: 0 | E235: =C235+D235 -> 1210167
B236: 45078 | C236: 2359260 | D236: 0 | E236: =C236+D236 -> 2359260
C238: =SUM(C225:C236) -> 25959771 | D238: =SUM(D225:D236) -> 3912540 | E238: =SUM(E225:E236) -> 29872311

Sheet Oct
B2: Substrate Supply - Y3
B4: Annual SCA Minimum | C4: 143000 | D4: (mtons) | E4: Fixed based on contract - Contract year starts April
B5: Monthly SCA Minimum | C5: =(C4-Sep!C7)/6 -> 16873.043 | D5: (mtons) | E5: Pro-rated based on actual substrates received
B6: Delivered | C6: =SUM(D39:H39) -> 5988.87 | D6: (mtons) | E6: Total monthly substrates received
B7: YTD total | C7: =Sep!C7+Oct!C6 -> 47750.61 | D7: (mtons) | E7: YTD substrtaes received from April
B8: Rejected | C8: =SUM(D38:G38) -> 0 | D8: (mtons) | E8: Total monthly substrates rejected
D33: Weekly Data from DPO Substrates Reconciliation
D34: WEEK 1 (Oct1-4) | E34: WEEK 2 (Oct5-11) | F34: WEEK 3 (Oct12-18) | G34: WEEK 4 (Oct19-25) | H34: WEEK 5 (Oct26-31)
B36: Delivered (DPO) | C36: (mtons) | D36: 1038.26 | E36: 1866.1 | F36: 905.65 | G36: 757.79 | H36: 1421.07
B37: Diverted
B39: Total Available | C39: (mtons) | D39: =D37+D36 -> 1038.26 | E39: =IF(E37+E36="",0,E37+E36) -> 1866.1 | F39: =IF(F37+F36="",0,F37+F36) -> 905.65 | G39: =IF(G37+G36="",0,G37+G36) -> 757.79 | H39: =IF(H37+H36="",0,H37+H36) -> 1421.07
B40: Monthly Accumulative | D40: =D39 -> 1038.26 | E40: =E39+D40 -> 2904.36 | F40: =F39+E40 -> 3810.01 | G40: =G39+F40 -> 4567.8 | H40: =H39+G40 -> 5988.87
B41: Target to Reach SCA Minimum | C41: (mtons) | D41: =(C5/31)*4 -> 2177.1669 | E41: =((C5/31)*11)-D40 -> 4948.9489 | F41: =((C5/31)*18)-E40 -> 6892.891 | G41: =((C5/31)*25)-F40 -> 9797.283 | H41: =((C5/31)*31)-G40 -> 12305.243
B47: Power Generation - Y3
B49: Annual SCA Minimum | C49: 9907200 | D49: (kWh) | E49: Fixed based on contract - CY starts April
B50: Monthly SCA Minimum | C50: =(C49-Sep!C52)/6 -> 1191235.2 | D50: (kWh) | E50: Pro-rated based on actual power delivered - Engine
B51: Delivered | C51: =SUM(D78:H78) -> 205404 | D51: (kWh) | E51: Total monthly power delivered
B52: YTD Total | C52: =Sep!C52+Oct!C51 -> 2965193 | D52: (kWh) | E52: YTD power delivered from April
B53: Target to Reach SCA Minimum | C53: =C50-C51 -> 985831.17 | D53: (kWh)
E60: (kWh)
D76: Weekly Data from Joint Monitoring - Gas Engine
D77: =D34 -> WEEK 1 (Oct1-4) | E77: =E34 -> WEEK 2 (Oct5-11) | F77: =F34 -> WEEK 3 (Oct12-18) | G77: =G34 -> WEEK 4 (Oct19-25) | H77: =H34 -> WEEK 5 (Oct26-31)
B78: Delivered | C78: (kWh) | E78: 54510 | F78: 66186 | G78: 5147 | H78: 79561
B79: Accumulative | C79: (kWh) | D79: =D78 -> 0 | E79: =D79+E78 -> 54510 | F79: =E79+F78 -> 120696 | G79: =F79+G78 -> 125843 | H79: =G79+H78 -> 205404
B80: Target to Reach SCA Minimum | C80: (kWh) | D80: =(C50/31)*4 -> 153707.76 | E80: =(($C50/31)*11)-D79 -> 422696.35 | F80: =(($C50/31)*18)-E79 -> 637174.94 | G80: =(($C50/31)*25)-F79 -> 839977.52 | H80: =(($C50/31)*31)-G79 -> 1065392.2
B83: Biogas Utilization - Y3
B85: Annual SCA Minimum | C85: 10000000 | D85: (Nm3) | E85: Fixed based on contract - CY starts April
B86: Monthly SCA Minimum | C86: =(C85-Sep!C88)/6 -> 1214695.2 | D86: (Nm3) | E86: Pro-rated based on actual biogas delivered - Thermax Boiler
B87: Delivered | C87: =SUM(D114:H114) -> 451214 | D87: (Nm3) | E87: Total monthly biogas delivered to boiler
B88: YTD Total | C88: =Sep!C88+Oct!C87 -> 3163043 | D88: (Nm3) | E88: YTD power delivered from April
B89: Target to Reach SCA Minimum | C89: =C86-C87 -> 763481.17 | D89: (Nm3)
D112: Weekly Data from Joint Monitoring - Boiler
D113: =D77 -> WEEK 1 (Oct1-4) | E113: =E77 -> WEEK 2 (Oct5-11) | F113: =F77 -> WEEK 3 (Oct12-18) | G113: =G77 -> WEEK 4 (Oct19-25) | H113: =H77 -> WEEK 5 (Oct26-31)
B114: Delivered to Boilers | C114: (Nm3) | D114: 77966 | E114: 116791 | F114: 21893 | G114: 93475 | H114: 141089
B115: Delivered to Engine | C115: (kWh) | D115: =D78*0.47 -> 0 | E115: =E78*0.47 -> 25619.7 | F115: =F78*0.47 -> 31107.42 | G115: =G78*0.47 -> 2419.09 | H115: =H78*0.47 -> 37393.67
B116: CO2 Operation | C116: (Nm3)
B117: Flared | C117: (Nm3) | E117: 13978 | F117: 36093 | H117: 2102
B118: Total Produced | C118: (Nm3) | D118: =SUM(D114:D117) -> 77966 | E118: =SUM(E114:E117) -> 156388.7 | F118: =SUM(F114:F117) -> 89093.42 | G118: =SUM(G114:G117) -> 95894.09 | H118: =SUM(H114:H117) -> 180584.67
B119: Accumulative | C119: (Nm3) | D119: =D114 -> 77966 | E119: =D119+E114 -> 194757 | F119: =E119+F114 -> 216650 | G119: =F119+G114 -> 310125 | H119: =G119+H114 -> 451214
B120: Target Gas based on Delivered Substrates | C120: (Nm3) | D120: =D36*101*0.7842 -> 82234.553 | E120: =E36*101*0.7842 -> 147802.96 | F120: =F36*101*0.7842 -> 71731.284 | G120: =G36*101*0.7842 -> 60020.151 | H120: =H36*101*0.7842 -> 112554.71
B121: Target to Reach SCA (Boiler) | C121: (Nm3) | D121: =(($C$86/31)*4) -> 156734.86 | E121: =(($C$86/31)*11)-D119 -> 353054.87 | F121: =(($C$86/31)*18)-E119 -> 510549.87 | G121: =(($C$86/31)*25)-F119 -> 762942.88 | H121: =(($C$86/31)*31)-G119 -> 904570.17
B124: Percent Utilization of Substrates - Y3
B126: Considering Original Weight
D127: 101 | E127: Nm3/ton
D128: =D77 -> WEEK 1 (Oct1-4) | E128: =E77 -> WEEK 2 (Oct5-11) | F128: =F77 -> WEEK 3 (Oct12-18) | G128: =G77 -> WEEK 4 (Oct19-25) | H128: =H77 -> WEEK 5 (Oct26-31) | I128: Over-all
B130: Available Substrate | C130: (Nm3) | D130: =D36 -> 1038.26 | E130: =E36 -> 1866.1 | F130: =F36 -> 905.65 | G130: =G36 -> 757.79 | H130: =H36 -> 1421.07 | I130: =SUM(D130:H130) -> 5988.87
B131: SCA Gas Equivalent | C131: (Nm3) | D131: =D134*D130 -> 104864.26 | E131: =E134*E130 -> 188476.1 | F131: =F134*F130 -> 91470.65 | G131: =G134*G130 -> 76536.79 | H131: =H134*H130 -> 144949.14 | I131: =I134*I130 -> 604875.87
B132: Actual Gas Produced | C132: (Nm3) | D132: =D118 -> 77966 | E132: =E118 -> 156388.7 | F132: =F118 -> 89093.42 | G132: =G118 -> 95894.09 | H132: =H118 -> 180584.67 | I132: =SUM(D132:H132) -> 599926.88
B133: Actual Yield | C133: (Nm3/ton) | D133: =IFERROR(D132/D130,"") -> 75.092944 | E133: =IFERROR(E132/E130,"") -> 83.805102 | F133: =IFERROR(F132/F130,"") -> 98.375112 | G133: =IFERROR(G132/G130,"") -> 126.54441 | H133: =IFERROR(H132/H130,"") -> 127.07655 | I133: =I132/I130 -> 100.17364
B134: Target Yield | C134: (Nm3/ton) | D134: 101 | E134: 101 | F134: 101 | G134: 101 | H134: 102 | I134: 101
B170: Factoring the DS Content*
D171: =D128 -> WEEK 1 (Oct1-4) | E171: =E128 -> WEEK 2 (Oct5-11) | F171: =F128 -> WEEK 3 (Oct12-18) | G171: =G128 -> WEEK 4 (Oct19-25) | H171: =H128 -> WEEK 5 (Oct26-31) | I171: Over-all
B172: Available Substrate | C172: (Nm3) | D172: =D130*(D175/14) -> 1036.8509 | E172: =E130*(E175/14) -> 1852.7707 | F172: =F130*(F175/14) -> 905.65 | G172: =G130*(G175/14) -> 757.19459 | H172: =H130*(H175/14) -> 1416.6038 | I172: =SUM(D172:H172) -> 5969.07
B173: SCA Gas Equivalent | C173: (Nm3) | D173: =D172*$D$127 -> 104721.94 | E173: =E172*$D$127 -> 187129.84 | F173: =F172*$D$127 -> 91470.65 | G173: =G172*$D$127 -> 76476.654 | H173: =H172*$D$127 -> 143076.98 | I173: =I172*101 -> 602876.07
B174: Actual Gas Produced | C174: (Nm3) | D174: =D132 -> 77966 | E174: =E132 -> 156388.7 | F174: =F132 -> 89093.42 | G174: =G132 -> 95894.09 | H174: =H132 -> 180584.67 | I174: =SUM(D174:H174) -> 599926.88
B175: %DS | D175: 13.981 | E175: 13.9 | F175: 14 | G175: 13.989 | H175: 13.956 | I175: =AVERAGE(D175:H175) -> 13.9652
B176: Actual Yield | C176: (Nm3/ton) | D176: =IFERROR(D174/D172,"") -> 75.194994 | E176: =IFERROR(E174/E172,"") -> 84.408016 | F176: =IFERROR(F174/F172,"") -> 98.375112 | G176: =IFERROR(G174/G172,"") -> 126.64392 | H176: =IFERROR(H174/H172,"") -> 127.47719 | I176: =I174/I172 -> 100.50592
B177: Target Yield | C177: (Nm3/ton) | D177: 101 | E177: 101 | F177: 101 | G177: 101 | H177: 101 | I177: 101
D178: *taking average weekly DS
B221: Collection Summary
B223: Period | C223: Biogas | D223: Power | E223: Total
B225: 44743 | C225: 1056523.5 | D225: 1501785 | E225: =C225+D225 -> 2558308.5
B226: 44774 | C226: 1649443.5 | D226: 863715 | E226: =C226+D226 -> 2513158.5
B227: 44805 | C227: 1346098.5 | D227: 1119105 | E227: =C227+D227 -> 2465203.5
B228: 44835 | C228: 2573653.5 | D228: 0 | E228: =C228+D228 -> 2573653.5
B229: 44866 | C229: 2239123.5 | D229: 0 | E229: =C229+D229 -> 2239123.5
B230: 44896 | C230: 3815869.5 | D230: 0 | E230: =C230+D230 -> 3815869.5
B231: 44927 | C231: 3876876 | D231: 0 | E231: =C231+D231 -> 3876876
B232: 44958 | C232: 2565432 | D232: 427935 | E232: =C232+D232 -> 2993367
B233: 44986 | C233: 2163847.5 | D233: 0 | E233: =C233+D233 -> 2163847.5
B234: 45017 | C234: 1103476.5 | D234: 0 | E234: =C234+D234 -> 1103476.5
B235: 45047 | C235: 1210167 | D235: 0 | E235: =C235+D235 -> 1210167
B236: 45078 | C236: 2359260 | D236: 0 | E236: =C236+D236 -> 2359260
C238: =SUM(C225:C236) -> 25959771 | D238: =SUM(D225:D236) -> 3912540 | E238: =SUM(E225:E236) -> 29872311

Sheet CY Yield
A3: Date | B3: Substrates (MT) | C3: Boiler Gas (Nm3) | D3: Power (kwH) | E3: SCA Gas Equivalent (Nm3) | F3: Actual Gas Produced (Nm3) | G3: Actual Yield (Monthly) | H3: YTD 2025 | I3: YTD CY4 | J3: Target Yield
A4: 45658 | B4: 9576.07 | C4: 776566 | D4: 571505 | E4: =B4*101 -> 967183.07 | F4: =C4+D4*0.476 -> 1048602.4 | G4: =F4/B4 -> 109.50237 | H4: =F4/B4 -> 109.50237 | J4: 101
A5: 45689 | B5: 6871.509 | C5: 539519 | D5: 562283 | E5: =B5*101 -> 694022.41 | F5: =C5+D5*0.476 -> 807165.71 | G5: =F5/B5 -> 117.46557 | H5: =SUM(F4:F5)/SUM(B4:B5) -> 112.82926 | J5: 101
A6: 45717 | B6: 6299.76 | C6: 437511 | D6: 558481 | E6: =B6*101 -> 636275.76 | F6: =C6+D6*0.476 -> 703347.96 | G6: =F6/B6 -> 111.64679 | H6: =SUM(F4:F6)/SUM(B4:B6) -> 112.50178 | J6: 101
A7: 45748 | B7: 6310.902 | C7: 307449 | D7: 532132 | E7: =B7*101 -> 637401.1 | F7: =C7+D7*0.476 -> 560743.83 | G7: =F7/B7 -> 88.853199 | H7: =SUM(F4:F7)/SUM(B4:B7) -> 107.36575 | I7: =F7/B7 -> 88.853199 | J7: 101
A8: 45778 | B8: 7538.234 | C8: 517346 | D8: 529726 | E8: =B8*101 -> 761361.63 | F8: =C8+D8*0.476 -> 769495.58 | G8: =F8/B8 -> 102.07902 | H8: =SUM(F4:F8)/SUM(B4:B8) -> 106.27678 | I8: =SUM(F7:F8)/SUM(B7:B8) -> 96.052159 | J8: 101
A9: 45809 | B9: 6935.708 | C9: 471600 | D9: 652382 | E9: =B9*101 -> 700506.51 | F9: =C9+D9*0.476 -> 782133.83 | G9: =F9/B9 -> 112.76914 | H9: =SUM(F4:F9)/SUM(B4:B9) -> 107.31117 | I9: =SUM(F7:F9)/SUM(B7:B9) -> 101.63046 | J9: 101
A10: 45839 | B10: 6530.53 | C10: 424929 | D10: 333360 | E10: =B10*101 -> 659583.53 | F10: =C10+D10*0.476 -> 583608.36 | G10: =F10/B10 -> 89.366156 | H10: =SUM(F4:F10)/SUM(B4:B10) -> 104.97029 | I10: =SUM(F7:F10)/SUM(B7:B10) -> 98.698323 | J10: 101
A11: 45870 | B11: =Aug!C6 -> 7594.33 | C11: =Aug!C87+SUM(Aug!$D$117:$G$117) -> 561605 | D11: =Aug!C51 -> 401543 | E11: =B11*101 -> 767027.33 | F11: =C11+D11*0.476 -> 752739.47 | G11: =F11/B11 -> 99.118615 | H11: =SUM(F4:F11)/SUM(B4:B11) -> 104.19954 | I11: =SUM(F7:F11)/SUM(B7:B11) -> 98.789754 | J11: 101
A12: 45901 | B12: =Sep!C6 -> 6634.4 | C12: =Sep!C87+SUM(Sep!D117:G117) -> 522784 | D12: =Sep!C51 -> 300717 | E12: =B12*101 -> 670074.4 | F12: =C12+D12*0.476 -> 665925.29 | G12: =F12/B12 -> 100.37461 | H12: =SUM(F4:F12)/SUM(B4:B12) -> 103.80483 | I12: =SUM(F7:F12)/SUM(B7:B12) -> 99.042848 | J12: 101
A13: 45931 | B13: =Oct!$C$6 -> 5988.87 | C13: =Oct!$C$87+SUM(Oct!$D$117:$H$117) -> 503387 | D13: =Oct!$C$51 -> 205404 | E13: =B13*101 -> 604875.87 | F13: =C13+D13*0.476 -> 601159.3 | G13: =F13/B13 -> 100.37942 | H13: =SUM(F4:F13)/SUM(B4:B13) -> 103.51294 | I13: =SUM(F7:F13)/SUM(B7:B13) -> 99.211248 | J13: 101
A14: 45962 | J14: 101
A15: 45992 | J15: 101

Sheet Collectibles
P2: 101 | Q2: 13.5
B4: Month | C4: Biogas | E4: Power | G4: Total Revenue, Php | H4: LE, Php | I4: Shortfall | L4: Differentials | O4: Total Differential, Php
C5: Gas Consumed, Nm3 | D5: Amount, Php | E5: Power Produced, kWh | F5: Amount, Php | I5: Substrates, mton | J5: Biogas, Nm3 | K5: Power, kwH | L5: Substrates, Php | M5: Biogas, Php | N5: Power, Php
B6: January | C6: 793707 | D6: 10715044 | E6: 596387 | F6: 4472902.5 | G6: =D6+F6 -> 15187947 | H6: 11333100
B7: February | C7: 512424 | D7: 6917724 | E7: 557424 | F7: 4180680 | G7: 11098404 | H7: 9400019
B8: March | C8: 407206 | D8: 5497281 | E8: 599535 | F8: 4496512.5 | G8: 9993793.5 | H8: 10957966
B9: April | C9: 311714 | D9: 4208139 | E9: 532132 | F9: 3990990 | G9: 8199129 | H9: 8370815 | I9: =('Apr(Act)'!C5-'Apr(Act)'!C6) -> 5514.8867 | J9: ='Apr(SCA)'!C7*101*'Apr(SCA)'!C85/('Apr(SCA)'!C4*101)-'Apr(SCA)'!C88+K9/2.23 -> 94501.726 | K9: ='Apr(SCA)'!C7*101*(1-('Apr(SCA)'!C85/('Apr(SCA)'!C4*101)))*2.23-'Apr(SCA)'!C52 -> -66916.704 | L9: =I9*P2*Q2 -> 7519548 | M9: 0 | N9: 0 | O9: 7519548 | Q9: Monthly Substrates | R9: ='Apr(Act)'!C5 -> 11916.667
B10: May | C10: 540137 | D10: 7291849.5 | E10: 529726 | F10: 3972945 | G10: 11264794 | H10: 8370815 | I10: 9846.8733 | J10: =May!C7*101*May!C85/(May!C4*101)-May!C88+K10/2.23 -> 84611.953 | K10: =May!C7*101*(1-(May!C85/(May!C4*101)))*2.23-May!C52 -> -92792.915 | L10: 13426212 | M10: 0 | N10: 0 | O10: 13426212 | Q10: Monthly Biogas | R10: ='Apr(Act)'!C86 -> 833333.33
B11: June | C11: 459563 | D11: 6204100.5 | E11: 652382 | F11: 4892865 | G11: 11096966 | H11: 8370815 | I11: =R9*3-Jun!C7 -> 14769.4 | J11: =Jun!C7*101*Jun!C85/(Jun!C4*101)-Jun!C88+K11/2.23 -> 38909.111 | K11: =Jun!C7*101*(1-(Jun!C85/(Jun!C4*101)))*2.23-Jun!C52 -> -260579.32 | L11: 20266328 | M11: 0 | N11: 0 | O11: 20266328
B12: July | C12: =Jul!C87 -> 423485 | D12: =C12*13.5 -> 5717047.5 | E12: =Jul!C51 -> 343289 | F12: =E12*7.5 -> 2574667.5 | G12: 8291715 | H12: 9651057 | I12: =R9*4-Jul!C7 -> 20133.657 | J12: =Jul!C7*101*(Jul!C85/(Jul!C4*101))-Jul!C88+K12/2.23 -> 123276.27 | K12: =Jul!C7*101*(1-(Jul!C85/(Jul!C4*101)))*2.23-Jul!C52 -> -149878.41 | L12: 28606021 | M12: 0 | N12: 0 | O12: 28606021
B13: August | C13: 503878 | D13: 6802353 | E13: 401543 | F13: 3011572.5 | G13: 9813925.5 | H13: 9651057 | I13: =R9*5-Aug!C7 -> 24455.993 | J13: =Aug!C7*101*(Aug!C85/(Aug!C4*101))-Aug!C88+K13/2.23 -> 206361.47 | K13: =Aug!C7*101*(1-(Aug!C85/(Aug!C4*101)))*2.23-Aug!C52 -> -25241.086 | L13: =I13*P2*Q2 -> 33345747 | M13: =(46.06-1.9*13.5)*(28655+3143) -> 648997.18 | N13: 0 | O13: =L13-M13-N13 -> 32696750
B14: September | C14: 473052 | D14: 6386202 | E14: 300717 | F14: 2255377.5 | G14: 8641579.5 | H14: 9651057 | I14: 29738.26 | J14: 247810.29 | K14: 133712.58 | L14: 40548118 | M14: 757455.92 | N14: 0 | O14: 39790662
B15: October | C15: =SUM(C16:C20) -> 451214 | D15: =C15*13.5 -> 6091389 | E15: =SUM(E16:E20) -> 205404 | F15: =E15*7.5 -> 1540530 | G15: =SUM(D15+F15) -> 7631919 | H15: 9651057 | L15: =MAX(L16:L20) -> 48630668 | M15: =MAX(M16:M20) -> 1060646.5 | N15: 0 | O15: =L15-M15-N15 -> 47570022
B16: Week 1 | C16: =Oct!$D$114 -> 77966 | D16: =C16*13.5 -> 1052541 | E16: =Oct!$D$78 -> 0 | F16: =E16*7.5 -> 0 | G16: =SUM(D16+F16) -> 1052541 | I16: =R9*6+R9/31*4-(Sep!C7+Oct!$D$36) -> 30237.634 | J16: =(Sep!C7+Oct!$D$36)*101*(Sep!C85/(Sep!C4*101))-(Sep!C88+Oct!$D$114) -> 203211.99 | K16: =(Sep!C7+Oct!$D$36)*101*(1-(Sep!C85/(Sep!C4*101)))*2.23-(Sep!C52+Oct!$D$78) -> 205649.41 | L16: =I16*$P$2*$Q$2 -> 41229015 | M16: =(46.06-1.9*13.5)*(37112+924) -> 776314.76 | N16: 0 | O16: =L16-M16-N16 -> 40452700
B17: Week 2 | C17: =Oct!E114 -> 116791 | D17: =C17*13.5 -> 1576678.5 | E17: =Oct!E78 -> 54510 | F17: =E17*7.5 -> 408825 | G17: =SUM(D17+F17) -> 1985503.5 | I17: =R9*6+R9/31*11-(Sep!C7+Oct!$D$36+Oct!E36) -> 31062.395 | J17: =(Sep!C7+Oct!$D$36+Oct!E36)*101*(Sep!C85/(Sep!C4*101))-(Sep!C88+Oct!$D$114+Oct!E114) -> 216917.5 | K17: =(Sep!C7+Oct!$D$36+Oct!E36)*101*(1-(Sep!C85/(Sep!C4*101)))*2.23-(Sep!C52+Oct!$D$78+Oct!E78) -> 280433.91 | L17: =I17*$P$2*$Q$2 -> 42353575 | M17: =(46.06-1.9*13.5)*(37112+924+1823) -> 813522.19 | N17: 0 | O17: =L17-M17-N17 -> 41540053
B18: Week 3 | C18: =Oct!$F$114 -> 21893 | D18: =C18*13.5 -> 295555.5 | E18: =Oct!$F$78 -> 66186 | F18: =E18*7.5 -> 496395 | G18: =SUM(D18+F18) -> 791950.5 | I18: =R9*6+R9/31*17-(Sep!C7+Oct!$D$36+Oct!E36+Oct!$F$36) -> 32463.196 | J18: =(Sep!C7+Oct!$D$36+Oct!E36+Oct!F36)*101*(Sep!C85/(Sep!C4*101))-(Sep!C88+Oct!$D$114+Oct!E114+Oct!F114) -> 258356.66 | K18: =(Sep!C7+Oct!$D$36+Oct!E36+Oct!F36)*101*(1-(Sep!C85/(Sep!C4*101)))*2.23-(Sep!C52+Oct!$D$78+Oct!E78+Oct!F78) -> 276996.72 | L18: =I18*$P$2*$Q$2 -> 44263568 | M18: =(46.06-1.9*13.5)*(37112+924+1823+12108) -> 1060646.5 | N18: 0 | O18: =L18-M18-N18 -> 43202922
B19: Week 4 | C19: =Oct!G114 -> 93475 | D19: =C19*13.5 -> 1261912.5 | E19: =Oct!G78 -> 5147 | F19: =E19*7.5 -> 38602.5 | G19: =SUM(D19+F19) -> 1300515 | I19: =R9*6+R9/31*25-(Sep!C7+Oct!$D$36+Oct!E36+Oct!$F$36+Oct!G36) -> 34780.675 | J19: =(Sep!C7+Oct!$D$36+Oct!E36+Oct!F36+Oct!G36)*101*(Sep!C85/(Sep!C4*101))-(Sep!C88+Oct!$D$114+Oct!E114+Oct!F114+Oct!G114) -> 217873.97 | K19: =(Sep!C7+Oct!$D$36+Oct!E36+Oct!F36+Oct!G36)*101*(1-(Sep!C85/(Sep!C4*101)))*2.23-(Sep!C52+Oct!$D$78+Oct!E78+Oct!F78+Oct!G78) -> 324353.92 | L19: =I19*$P$2*$Q$2 -> 47423450 | M19: =(46.06-1.9*13.5)*(37112+924+1823+12108) -> 1060646.5 | N19: 0 | O19: =L19-M19-N19 -> 46362804
B20: Week 5 | C20: =Oct!H114 -> 141089 | D20: =C20*13.5 -> 1904701.5 | E20: =Oct!H78 -> 79561 | F20: =E20*7.5 -> 596707.5 | G20: =SUM(D20+F20) -> 2501409 | I20: =R9*6+R9/31*31-(Sep!C7+Oct!$D$36+Oct!E36+Oct!$F$36+Oct!G36+Oct!H36) -> 35666.057 | L20: =I20*$P$2*$Q$2 -> 48630668 | M20: =(46.06-1.9*13.5)*(37112+924+1823+12108) -> 1060646.5 | N20: 0 | O20: =L20-M20-N20 -> 47570022
B21: November | H21: 9651057
B22: December | H22: 9651057
B23: Total | G23: =SUM(G6:G15)+G21 -> 1.0122017e+08 | H23: =SUM(H6:H22) -> 114709872 | O23: =MAX(O6:O22) -> 47570022
C26: =((#REF!+C22)-C6)/C6 -> #REF! | D26: =G6*(1+C26) -> #REF! | F26: =G23+16000000 -> 1.1722017e+08

Sheet Sur Collectible (2)
C6: Month | D6: Biogas | G6: Power | I6: Total Amount, PhP | J6: LE, pHp
D7: Gas Consumed, Nm3 | E7: Payable Flare, Nm3 | F7: Amount, PhP | G7: Power Produced, kWh | H7: Amount, PhP
C8: September | D8: =#REF! -> #REF! | E8: 35024 | F8: =(D8+E8)*13.5 -> #REF! | G8: =#REF! -> #REF! | H8: =G8*7.5 -> #REF! | I8: =F8+H8 -> #REF!
C9: October 1-26 | D9: =#REF! -> #REF! | E9: 0 | F9: =(D9+E9)*13.5 -> #REF! | G9: =#REF! -> #REF! | H9: =G9*7.5 -> #REF! | I9: =F9+H9 -> #REF!
C10: October 27-31 | D10: =288036+6590 -> 294626 | E10: 0 | F10: =(F9/26)*5 -> #REF! | H10: 0 | I10: =F10+H10 -> #REF! | J10: 5666659
C11: November | F11: =SUM(F9:F10) -> #REF! | H11: =H8 -> #REF! | I11: =F11+H11 -> #REF! | J11: 5037825
C12: December | F12: =F11 -> #REF! | H12: =H11 -> #REF! | I12: =F12+H12 -> #REF! | J12: 4408645
F13: =SUM(F8:F12) -> #REF! | H13: =SUM(H8:H12) -> #REF! | I13: =SUM(I8:I12) -> #REF!

Sheet Shortfall
B2: July | C2: Aug | D2: sept | E2: Oct | F2: Nov | G2: Dec1-7
A3: Target | B3: =62000/12 -> 5166.6667 | C3: =62000/12 -> 5166.6667 | D3: =62000/12 -> 5166.6667 | E3: =62000/12 -> 5166.6667 | F3: =(5167/30)*30 -> 5167 | G3: 5167 | I3: =SUM(B3:G3) -> 31000.667
A4: Actual | B4: 4314.38 | C4: 3568.75 | D4: 1719.33 | E4: 4261.44 | F4: =3049.52+70.58 -> 3120.1 | G4: =Dec!H36 -> 0 | H4: =F4/F3 -> 0.60385136 | I4: =SUM(B4:G4) -> 16984
A5: Shortfall | B5: =B3-B4 -> 852.28667 | C5: =C3-C4 -> 1597.9167 | D5: =D3-D4 -> 3447.3367 | E5: =E3-E4 -> 905.22667 | F5: =F3-F4 -> 2046.9 | G5: =((5167/31)*7)-G4 -> 1166.7419 | I5: =SUM(B5:G5) -> 10016.409
F7: =5167/30 -> 172.23333
F8: =F7*7 -> 1205.6333 | H8: =F8-764 -> 441.63333
F9: =764/F8 -> 0.63369184

Sheet YTD Yield
P1: =5177/4 -> 1294.25 | Q1: =P1*3 -> 3882.75
B3: Percent Utilization of Substrates - Y3
B5: Considering Original Weight
D6: 105 | E6: Nm3/ton
D7: JAN 2024 | E7: FEB 2024 | F7: MAR 2024 | G7: APR 2024 | H7: MAY 2024 | I7: JUN 2024 | J7: JUL 2024 | K7: AUG 2024 | L7: SEPT 2024 | M7: OCT 2024 | N7: Over-all
B9: Available Substrate | C9: (Nm3) | D9: 5303.23 | E9: 1764 | F9: 3122.5 | G9: 4073 | H9: 2624 | I9: 3883 | J9: 4386 | K9: 4060 | L9: 3768 | M9: 3123 | N9: =SUM(D9:M9) -> 36106.73
B10: SCA Gas Equivalent | C10: (Nm3) | D10: =D13*D9 -> 556839.15 | E10: =E13*E9 -> 185220 | F10: =F13*F9 -> 327862.5 | G10: =G13*G9 -> 427665 | H10: =H13*H9 -> 275520 | I10: =I13*I9 -> 407715 | J10: =J13*J9 -> 460530 | K10: =K13*K9 -> 426300 | ... N10: =N13*N9 -> 3791206.6
B11: Actual Gas Produced | C11: (Nm3) | D11: 420112 | E11: 197627 | F11: 260566 | G11: 302350 | H11: 185820 | I11: 331386 | J11: 339193 | K11: 330696 | L11: 286237 | M11: 297862 | N11: =SUM(D11:M11) -> 2951849
B12: Actual Yield | C12: (Nm3/ton) | D12: =IFERROR(D11/D9,"") -> 79.218137 | E12: =IFERROR(E11/E9,"") -> 112.03345 | F12: =IFERROR(F11/F9,"") -> 83.447878 | G12: =IFERROR(G11/G9,"") -> 74.232752 | H12: =IFERROR(H11/H9,"") -> 70.815549 | I12: =IFERROR(I11/I9,"") -> 85.342776 | J12: =IFERROR(J11/J9,"") -> 77.335385 | K12: =IFERROR(K11/K9,"") -> 81.452217 | ... M12: =IFERROR(M11/M9,"") -> 95.376881 | N12: =N11/N9 -> 81.753429 | O12: =M12-L12 -> 19.411648
B13: Target Yield | C13: (Nm3/ton) | D13: 105 | E13: 105 | F13: 105 | G13: 105 | H13: 105 | I13: 105 | J13: 105 | K13: 105 | L13: 105 | M13: 105 | N13: 105 | O13: =O12/L12 -> 0.25553331
B49: Factoring the DS Content*
D50: JAN 2024 | E50: FEB 2024 | F50: MAR 2024 | G50: APR 2024 | H50: MAY 2024 | I50: JUN 2024 | J50: JUL 2024 | K50: AUG 2024 | L50: SEPT 2024 | M50: OCT 2024 | N50: Over-all
B51: Available Substrate | C51: (Nm3) | D51: =D9*(D54/15) -> 4985.0362 | E51: =E9*(E54/15) -> 1658.16 | F51: =F9*(F54/15) -> 2955.9667 | G51: =G9*(G54/15) -> 3828.62 | H51: =H9*(H54/15) -> 2536.5333 | I51: =I9*(I54/15) -> 3709.5593 | J51: =J9*(J54/15) -> 4067.284 | K51: =K9*(K54/15) -> 3794.7467 | L51: =L9*(L54/15) -> 3582.112 | M51: =(418+639)*(M54/15) -> 1009.7873 | N51: =SUM(D51:M51) -> 32127.806
B52: SCA Gas Equivalent | C52: (Nm3) | D52: =D51*$D$6 -> 523428.8 | E52: =E51*$D$6 -> 174106.8 | F52: =F51*$D$6 -> 310376.5 | G52: =G51*$D$6 -> 402005.1 | H52: =H51*$D$6 -> 266336 | I52: =I51*$D$6 -> 389503.73 | J52: =J51*$D$6 -> 427064.82 | K52: =K51*$D$6 -> 398448.4 | ... M52: =M51*$D$6 -> 106027.67 | N52: =N51*105 -> 3373419.6
B53: Actual Gas Produced | C53: (Nm3) | D53: =D11 -> 420112 | E53: =E11 -> 197627 | F53: =F11 -> 260566 | G53: =G11 -> 302350 | H53: =H11 -> 185820 | I53: =I11 -> 331386 | J53: =J11 -> 339193 | K53: =K11 -> 330696 | L53: =L11 -> 286237 | M53: =43565+71153 -> 114718 | N53: =SUM(D53:M53) -> 2768705
B54: %DS | D54: 14.1 | E54: 14.1 | F54: 14.2 | G54: 14.1 | H54: 14.5 | I54: 14.33 | J54: 13.91 | K54: 14.02 | L54: 14.26 | M54: 14.33 | N54: =AVERAGE(D54:M54) -> 14.185
B55: Actual Yield | C55: (Nm3/ton) | D55: =IFERROR(D53/D51,"") -> 84.274614 | E55: =IFERROR(E53/E51,"") -> 119.18452 | F55: =IFERROR(F53/F51,"") -> 88.149167 | G55: =IFERROR(G53/G51,"") -> 78.971013 | H55: =IFERROR(H53/H51,"") -> 73.257464 | I55: =IFERROR(I53/I51,"") -> 89.332983 | J55: =IFERROR(J53/J51,"") -> 83.395455 | K55: =IFERROR(K53/K51,"") -> 87.145738 | ... M55: =IFERROR(M53/M51,"") -> 113.6061 | N55: =N53/N51 -> 86.177844
B56: Target Yield | C56: (Nm3/ton) | D56: 105 | E56: 105 | F56: 105 | G56: 105 | H56: 105 | I56: 105 | J56: 105 | K56: 105 | L56: 105 | M56: 105 | N56: 105
D57: *taking average weekly DS
B100: Collection Summary
B102: Period | C102: Biogas | D102: Power | E102: Total
B104: 44743 | C104: 1056523.5 | D104: 1501785 | E104: =C104+D104 -> 2558308.5
B105: 44774 | C105: 1649443.5 | D105: 863715 | E105: =C105+D105 -> 2513158.5
B106: 44805 | C106: 1346098.5 | D106: 1119105 | E106: =C106+D106 -> 2465203.5
B107: 44835 | C107: 2573653.5 | D107: 0 | E107: =C107+D107 -> 2573653.5
B108: 44866 | C108: 2239123.5 | D108: 0 | E108: =C108+D108 -> 2239123.5
B109: 44896 | C109: 3815869.5 | D109: 0 | E109: =C109+D109 -> 3815869.5
B110: 44927 | C110: 3876876 | D110: 0 | E110: =C110+D110 -> 3876876
B111: 44958 | C111: 2565432 | D111: 427935 | E111: =C111+D111 -> 2993367
B112: 44986 | C112: 2163847.5 | D112: 0 | E112: =C112+D112 -> 2163847.5
B113: 45017 | C113: 1103476.5 | D113: 0 | E113: =C113+D113 -> 1103476.5
B114: 45047 | C114: 1210167 | D114: 0 | E114: =C114+D114 -> 1210167
B115: 45078 | C115: 2359260 | D115: 0 | E115: =C115+D115 -> 2359260
C117: =SUM(C104:C115) -> 25959771 | D117: =SUM(D104:D115) -> 3912540 | E117: =SUM(E104:E115) -> 29872311
